candidate_id	key	kind	scope	offset	source	source_raw_hex	prefix_hex	donor_decoded	donor_density	max_bytes
C00001	TEXT:event002.tbl:0x941	TEXT_RHS	event002.tbl	0x941	「<RED>日向ヒナタ<BLACK>」が仲間に入りました！	81753c5245443e93fa8cfc83718369835e3c424c41434b3e817682aa92878ad482c993fc82e882dc82b582bd8149	4d53475f53595320	「<RED>日向ヒナタ<BLACK>」が仲間に르りました！	0.059	
C00002	TEXT:event003.tbl:0x124d	TEXT_RHS	event003.tbl	0x124d	「<RED>春野サクラ<BLACK>」が仲間に入りました！	81753c5245443e8f7496ec8354834e83893c424c41434b3e817682aa92878ad482c993fc82e882dc82b582bd8149	4d53475f53595320	「<RED>春野サクラ<BLACK>」が仲間に르りました！	0.059	
C00003	TEXT:event003.tbl:0x12a1	TEXT_RHS	event003.tbl	0x12a1	「<RED>奈良シカマル<BLACK>」が仲間に入りました！	81753c5245443e93de97c78356834a837d838b3c424c41434b3e817682aa92878ad482c993fc82e882dc82b582bd8149	4d53475f53595320	「<RED>릉良シカマル<BLACK>」が仲間に르りました！	0.111	
C00004	TEXT:event005.tbl:0xf26	TEXT_RHS	event005.tbl	0xf26	「<RED>犬塚キバ<BLACK>」が仲間に入りました！	81753c5245443e8ca292cb834c836f3c424c41434b3e817682aa92878ad482c993fc82e882dc82b582bd8149	4d53475f53595320	「<RED>犬塚キバ<BLACK>」が仲間に르りました！	0.062	
C00005	TEXT:event006.tbl:0x631	TEXT_RHS	event006.tbl	0x631	サクラの指差した先に、一人の女性と<br>それを囲む兵士と侍女らしき姿が見える…。	8354834e838982cc8e778db782b582bd90e682c9814188ea906c82cc8f9790ab82c63c62723e82bb82ea82f088cd82de95ba8e6d82c68e988f9782e782b582ab8e7082aa8ca982a682e981638142	4d53475f53595320	サクラの指差した쁘に、一人の았선と<br>それを囲む兵士と侍았らしき姿が見える…。	0.108	
C00006	TEXT:event006.tbl:0x1beb	TEXT_RHS	event006.tbl	0x1beb	「<RED>油女シノ<BLACK>」が仲間に入りました！	81753c5245443e96fb8f978356836d3c424c41434b3e817682aa92878ad482c993fc82e882dc82b582bd8149	4d53475f53595320	「<RED>끼았シノ<BLACK>」が仲間に르りました！	0.188	
C00007	TEXT:event008.tbl:0x12f6	TEXT_RHS	event008.tbl	0x12f6	「<RED>秋道チョウジ<BLACK>」が仲間に入りました！	81753c5245443e8f4893b983608387834583573c424c41434b3e817682aa92878ad482c993fc82e882dc82b582bd8149	4d53475f53595320	「<RED>秋道チョウジ<BLACK>」が仲間に르りました！	0.056	
C00008	TEXT:event008.tbl:0x134c	TEXT_RHS	event008.tbl	0x134c	「<RED>山中いの<BLACK>」が仲間に入りました！	81753c5245443e8e52928682a282cc3c424c41434b3e817682aa92878ad482c993fc82e882dc82b582bd8149	4d53475f53595320	「<RED>山中いの<BLACK>」が仲間に르りました！	0.062	
C00009	TEXT:event009.tbl:0x84e	TEXT_RHS	event009.tbl	0x84e	ナルトたちは無幻城と霧姫のことを<br>ネジとリーに説明した…。	8369838b836782bd82bf82cd96b38cb68fe982c696b6955082cc82b182c682f03c62723e836c835782c6838a815b82c990e096be82b582bd81638142	4d53475f53595320	ナルトたちは無幻술と녕姫のことを<br>ネジとリーに説明した…。	0.071	
C00010	TEXT:event009.tbl:0xd64	TEXT_RHS	event009.tbl	0xd64	「<RED>日向ネジ<BLACK>」が仲間に入りました！	81753c5245443e93fa8cfc836c83573c424c41434b3e817682aa92878ad482c993fc82e882dc82b582bd8149	4d53475f53595320	「<RED>日向ネジ<BLACK>」が仲間に르りました！	0.062	
C00011	TEXT:event009.tbl:0xdb6	TEXT_RHS	event009.tbl	0xdb6	「<RED>ロック・リー<BLACK>」が仲間に入りました！	81753c5245443e838d8362834e8145838a815b3c424c41434b3e817682aa92878ad482c993fc82e882dc82b582bd8149	4d53475f53595320	「<RED>ロック・リー<BLACK>」が仲間に르りました！	0.056	
C00012	TEXT:event010.tbl:0x54a	TEXT_RHS	event010.tbl	0x54a	ナルトたちの視線の先に<br>花澄姫と幼い女の子が見える…。	8369838b836782bd82bf82cc8e8b90fc82cc90e682c93c62723e89d4909f955082c6976382a28f9782cc8e7182aa8ca982a682e981638142	4d53475f53595320	ナルトたちの視線の쁘に<br>흔澄姫と幼い았の유が見える…。	0.154	
C00013	TEXT:event010.tbl:0x2629	TEXT_RHS	event010.tbl	0x2629	仲間の体力とチャクラが全回復した！	92878ad482cc91cc97cd82c683608383834e838982aa915389f1959c82b582bd8149	4d53475f53595320	仲間の体力とチャクラが全回復した！	0.000	
C00014	TEXT:event010.tbl:0x2a06	TEXT_RHS	event010.tbl	0x2a06	「<RED>はたけカカシ<BLACK>」が仲間に入りました！	81753c5245443e82cd82bd82af834a834a83563c424c41434b3e817682aa92878ad482c993fc82e882dc82b582bd8149	4d53475f53595320	「<RED>はたけカカシ<BLACK>」が仲間に르りました！	0.056	
C00015	TEXT:event011.tbl:0x56e	TEXT_RHS	event011.tbl	0x56e	花澄が振り返ると、そこには兵士長と侍女、<br>そして女の子が立っていた。	89d4909f82aa905582e895d482e982c6814182bb82b182c982cd95ba8e6d92b782c68e988f9781413c62723e82bb82b582c48f9782cc8e7182aa97a782c182c482a282bd8142	4d53475f53595320	흔澄が振り返ると、そこには兵士長と侍았、<br>そして았の유が깜っていた。	0.152	
C00016	TEXT:event012.tbl:0x7f2	TEXT_RHS	event012.tbl	0x7f2	ナルトたちはガイとテンテンに<br>今までのいきさつを説明した…。	8369838b836782bd82bf82cd834b834382c6836583938365839382c93c62723e8da182dc82c582cc82a282ab82b382c282f090e096be82b582bd81638142	4d53475f53595320	ナルトたちはガイとテンテンに<br>今までのいきさつを説明した…。	0.000	
C00017	TEXT:event012.tbl:0x121c	TEXT_RHS	event012.tbl	0x121c	「<RED>はたけカカシ<BLACK>」が仲間から外れました。	81753c5245443e82cd82bd82af834a834a83563c424c41434b3e817682aa92878ad482a982e78a4f82ea82dc82b582bd8142	4d53475f53595320	「<RED>はたけカカシ<BLACK>」が仲間から협れました。	0.053	
C00018	TEXT:event012.tbl:0x1274	TEXT_RHS	event012.tbl	0x1274	「<RED>マイト・ガイ<BLACK>」が仲間に入りました！	81753c5245443e837d834383678145834b83433c424c41434b3e817682aa92878ad482c993fc82e882dc82b582bd8149	4d53475f53595320	「<RED>マイト・ガイ<BLACK>」が仲間に르りました！	0.056	
C00019	TEXT:event012.tbl:0x12ca	TEXT_RHS	event012.tbl	0x12ca	「<RED>テンテン<BLACK>」が仲間に入りました！	81753c5245443e83658393836583933c424c41434b3e817682aa92878ad482c993fc82e882dc82b582bd8149	4d53475f53595320	「<RED>テンテン<BLACK>」が仲間に르りました！	0.062	
C00020	TEXT:event014.tbl:0x20b2	TEXT_RHS	event014.tbl	0x20b2	「<RED>はたけカカシ<BLACK>」が仲間に復帰しました！	81753c5245443e82cd82bd82af834a834a83563c424c41434b3e817682aa92878ad482c9959c8b4182b582dc82b582bd8149	4d53475f53595320	「<RED>はたけカカシ<BLACK>」が仲間に復帰しました！	0.000	
C00021	TEXT:event016.tbl:0x71a	TEXT_RHS	event016.tbl	0x71a	「<BLUE>おまもり<BLACK>」を入手しました。	81753c424c55453e82a882dc82e082e83c424c41434b3e817682f093fc8ee882b582dc82b582bd8142	4d53475f53595320	「<BLUE>おまもり<BLACK>」を르엥しました。	0.143	
C00022	TEXT:event017.tbl:0x4cf	TEXT_RHS	event017.tbl	0x4cf	「<BLUE>リボン<BLACK>」を入手しました。	81753c424c55453e838a837b83933c424c41434b3e817682f093fc8ee882b582dc82b582bd8142	4d53475f53595320	「<BLUE>リボン<BLACK>」を르엥しました。	0.154	
C00023	TEXT:event019.tbl:0x462	TEXT_RHS	event019.tbl	0x462	「<BLUE>オルゴール<BLACK>」を入手しました。	81753c424c55453e8349838b8353815b838b3c424c41434b3e817682f093fc8ee882b582dc82b582bd8142	4d53475f53595320	「<BLUE>オルゴール<BLACK>」を르엥しました。	0.133	
C00024	TEXT:event021.tbl:0x29e8	TEXT_RHS	event021.tbl	0x29e8	「<RED>うずまきナルト<BLACK>」が仲間から外れました。	81753c5245443e82a482b882dc82ab8369838b83673c424c41434b3e817682aa92878ad482a982e78a4f82ea82dc82b582bd8142	4d53475f53595320	「<RED>うずまきナルト<BLACK>」が仲間から협れました。	0.050	
C00017	TEXT:event021.tbl:0x2a42	TEXT_RHS	event021.tbl	0x2a42	「<RED>はたけカカシ<BLACK>」が仲間から外れました。	81753c5245443e82cd82bd82af834a834a83563c424c41434b3e817682aa92878ad482a982e78a4f82ea82dc82b582bd8142	4d53475f53595320	「<RED>はたけカカシ<BLACK>」が仲間から협れました。	0.053	
C00025	TEXT:event021.tbl:0x2abc	TEXT_RHS	event021.tbl	0x2abc	「<RED>砂瀑の我愛羅<BLACK>」が仲間に入りました！	81753c5245443e8dbbe06582cc89e488a497853c424c41434b3e817682aa92878ad482c993fc82e882dc82b582bd8149	4d53475f53595320	「<RED>砂瀑の我愛羅<BLACK>」が仲間に르りました！	0.056	
C00026	TEXT:event022.tbl:0x6f8	TEXT_RHS	event022.tbl	0x6f8	「<BLUE>心力封印の巻物<BLACK>」を手に入れた。	81753c424c55453e905397cd959588f382cc8aaa95a83c424c41434b3e817682f08ee882c993fc82ea82bd8142	4d53475f53595320	「<BLUE>心力封印の할物<BLACK>」を엥に르れた。	0.188	
C00027	TEXT:event022.tbl:0x185b	TEXT_RHS	event022.tbl	0x185b	「<RED>うずまきナルト<BLACK>」が仲間に復帰しました！	81753c5245443e82a482b882dc82ab8369838b83673c424c41434b3e817682aa92878ad482c9959c8b4182b582dc82b582bd8149	4d53475f53595320	「<RED>うずまきナルト<BLACK>」が仲間に復帰しました！	0.000	
C00020	TEXT:event022.tbl:0x18b5	TEXT_RHS	event022.tbl	0x18b5	「<RED>はたけカカシ<BLACK>」が仲間に復帰しました！	81753c5245443e82cd82bd82af834a834a83563c424c41434b3e817682aa92878ad482c9959c8b4182b582dc82b582bd8149	4d53475f53595320	「<RED>はたけカカシ<BLACK>」が仲間に復帰しました！	0.000	
C00014	TEXT:event102.tbl:0xbe6	TEXT_RHS	event102.tbl	0xbe6	「<RED>はたけカカシ<BLACK>」が仲間に入りました！	81753c5245443e82cd82bd82af834a834a83563c424c41434b3e817682aa92878ad482c993fc82e882dc82b582bd8149	4d53475f53595320	「<RED>はたけカカシ<BLACK>」が仲間に르りました！	0.056	
C00028	TEXT:event104.tbl:0x15d	TEXT_RHS	event104.tbl	0x15d	カカシは上階で会った霧姫や<br>夕霧城のことについて説明した…。	834a834a835682cd8fe38a4b82c589ef82c182bd96b6955082e23c62723e975b96b68fe982cc82b182c682c982c282a282c490e096be82b582bd81638142	4d53475f53595320	カカシは上階で확った녕姫や<br>夕녕술のことについて説明した…。	0.138	
C00017	TEXT:event105.tbl:0x14da	TEXT_RHS	event105.tbl	0x14da	「<RED>はたけカカシ<BLACK>」が仲間から外れました。	81753c5245443e82cd82bd82af834a834a83563c424c41434b3e817682aa92878ad482a982e78a4f82ea82dc82b582bd8142	4d53475f53595320	「<RED>はたけカカシ<BLACK>」が仲間から협れました。	0.053	
C00029	BOOT:0x21b2a	BOOT_CSTR	BOOT.BIN	0x21b2a	レ!摺	838c2190a0		レ!섭	0.500	5
C00030	BOOT:0x2286e	BOOT_CSTR	BOOT.BIN	0x2286e	ヮ!拭	838e219040		ヮ!拭	0.000	5
C00031	BOOT:0x294b6	BOOT_CSTR	BOOT.BIN	0x294b6	ヴ!唖	83942188a0		ヴ!唖	0.000	5
C00032	BOOT:0x2a602	BOOT_CSTR	BOOT.BIN	0x2a602	ヴ!逗	8394219080		ヴ!逗	0.000	5
C00033	BOOT:0x3a062	BOOT_CSTR	BOOT.BIN	0x3a062	レ!逗	838c219080		レ!逗	0.000	5
C00029	BOOT:0x3a12e	BOOT_CSTR	BOOT.BIN	0x3a12e	レ!摺	838c2190a0		レ!섭	0.500	5
C00033	BOOT:0x3a20a	BOOT_CSTR	BOOT.BIN	0x3a20a	レ!逗	838c219080		レ!逗	0.000	5
C00034	BOOT:0x3a3e6	BOOT_CSTR	BOOT.BIN	0x3a3e6	レ!唖	838c2188a0		レ!唖	0.000	5
C00035	BOOT:0x3adfa	BOOT_CSTR	BOOT.BIN	0x3adfa	レ!丐	838c2198a0		レ!丐	0.000	5
C00035	BOOT:0x3afda	BOOT_CSTR	BOOT.BIN	0x3afda	レ!丐	838c2198a0		レ!丐	0.000	5
C00029	BOOT:0x3b0a2	BOOT_CSTR	BOOT.BIN	0x3b0a2	レ!摺	838c2190a0		レ!섭	0.500	5
C00029	BOOT:0x3b15a	BOOT_CSTR	BOOT.BIN	0x3b15a	レ!摺	838c2190a0		レ!섭	0.500	5
C00036	BOOT:0x676ae	BOOT_CSTR	BOOT.BIN	0x676ae	ヰ!逝	83902190c0		ヰ!逝	0.000	5
C00037	BOOT:0x74dae	BOOT_CSTR	BOOT.BIN	0x74dae	ヰ!丐	83902198a0		ヰ!丐	0.000	5
C00034	BOOT:0xaffbe	BOOT_CSTR	BOOT.BIN	0xaffbe	レ!唖	838c2188a0		レ!唖	0.000	5
C00035	BOOT:0xd69fe	BOOT_CSTR	BOOT.BIN	0xd69fe	レ!丐	838c2198a0		レ!丐	0.000	5
C00038	BOOT:0xe6cc2	BOOT_CSTR	BOOT.BIN	0xe6cc2	ゥピ	83448373		ゥピ	0.000	4
C00039	BOOT:0xe6df2	BOOT_CSTR	BOOT.BIN	0xe6df2	ぎ!摺	82ac2190a0		ぎ!섭	0.500	5
C00040	BOOT:0xea58e	BOOT_CSTR	BOOT.BIN	0xea58e	レ!安	838c2188c0		レ!安	0.000	5
C00040	BOOT:0xea92a	BOOT_CSTR	BOOT.BIN	0xea92a	レ!安	838c2188c0		レ!安	0.000	5
C00040	BOOT:0xeadda	BOOT_CSTR	BOOT.BIN	0xeadda	レ!安	838c2188c0		レ!安	0.000	5
C00040	BOOT:0xeb202	BOOT_CSTR	BOOT.BIN	0xeb202	レ!安	838c2188c0		レ!安	0.000	5
C00040	BOOT:0xeb48a	BOOT_CSTR	BOOT.BIN	0xeb48a	レ!安	838c2188c0		レ!安	0.000	5
C00040	BOOT:0xeb902	BOOT_CSTR	BOOT.BIN	0xeb902	レ!安	838c2188c0		レ!安	0.000	5
C00040	BOOT:0xebd7a	BOOT_CSTR	BOOT.BIN	0xebd7a	レ!安	838c2188c0		レ!安	0.000	5
C00041	BOOT:0xec092	BOOT_CSTR	BOOT.BIN	0xec092	レ!仟	838c2198c0		レ!仟	0.000	5
C00041	BOOT:0xec326	BOOT_CSTR	BOOT.BIN	0xec326	レ!仟	838c2198c0		レ!仟	0.000	5
C00040	BOOT:0xec502	BOOT_CSTR	BOOT.BIN	0xec502	レ!安	838c2188c0		レ!安	0.000	5
C00033	BOOT:0x109d5a	BOOT_CSTR	BOOT.BIN	0x109d5a	レ!逗	838c219080		レ!逗	0.000	5
C00034	BOOT:0x10d00a	BOOT_CSTR	BOOT.BIN	0x10d00a	レ!唖	838c2188a0		レ!唖	0.000	5
C00034	BOOT:0x10d316	BOOT_CSTR	BOOT.BIN	0x10d316	レ!唖	838c2188a0		レ!唖	0.000	5
C00034	BOOT:0x10d622	BOOT_CSTR	BOOT.BIN	0x10d622	レ!唖	838c2188a0		レ!唖	0.000	5
C00034	BOOT:0x10d9e6	BOOT_CSTR	BOOT.BIN	0x10d9e6	レ!唖	838c2188a0		レ!唖	0.000	5
C00035	BOOT:0x10e79e	BOOT_CSTR	BOOT.BIN	0x10e79e	レ!丐	838c2198a0		レ!丐	0.000	5
C00029	BOOT:0x119c56	BOOT_CSTR	BOOT.BIN	0x119c56	レ!摺	838c2190a0		レ!섭	0.500	5
C00042	BOOT:0x14c5e2	BOOT_CSTR	BOOT.BIN	0x14c5e2	ム!逗	8380219080		ム!逗	0.000	5
C00042	BOOT:0x15366e	BOOT_CSTR	BOOT.BIN	0x15366e	ム!逗	8380219080		ム!逗	0.000	5
C00042	BOOT:0x156f9a	BOOT_CSTR	BOOT.BIN	0x156f9a	ム!逗	8380219080		ム!逗	0.000	5
C00043	BOOT:0x218042	BOOT_CSTR	BOOT.BIN	0x218042	レ!倨	838c2198e0		レ!倨	0.000	5
C00034	BOOT:0x228eca	BOOT_CSTR	BOOT.BIN	0x228eca	レ!唖	838c2188a0		レ!唖	0.000	5
C00034	BOOT:0x229152	BOOT_CSTR	BOOT.BIN	0x229152	レ!唖	838c2188a0		レ!唖	0.000	5
C00034	BOOT:0x23f6ee	BOOT_CSTR	BOOT.BIN	0x23f6ee	レ!唖	838c2188a0		レ!唖	0.000	5
C00044	BOOT:0x26a61a	BOOT_CSTR	BOOT.BIN	0x26a61a	ム!唖	83802188a0		ム!唖	0.000	5
C00034	BOOT:0x26aca6	BOOT_CSTR	BOOT.BIN	0x26aca6	レ!唖	838c2188a0		レ!唖	0.000	5
C00042	BOOT:0x2745fa	BOOT_CSTR	BOOT.BIN	0x2745fa	ム!逗	8380219080		ム!逗	0.000	5
C00034	BOOT:0x2778de	BOOT_CSTR	BOOT.BIN	0x2778de	レ!唖	838c2188a0		レ!唖	0.000	5
C00034	BOOT:0x295d3e	BOOT_CSTR	BOOT.BIN	0x295d3e	レ!唖	838c2188a0		レ!唖	0.000	5
C00034	BOOT:0x2a907e	BOOT_CSTR	BOOT.BIN	0x2a907e	レ!唖	838c2188a0		レ!唖	0.000	5
C00045	BOOT:0x2bcca0	BOOT_CSTR	BOOT.BIN	0x2bcca0	お<ruby色気|いろけ>の<ruby術|じゅつ>	82a83c7275627990468b437c82a282eb82af3e82cc3c727562798f707c82b682e382c23e		お<ruby色気|いろけ>の<ruby術|じゅつ>	0.000	36
C00046	BOOT:0x2bcce8	BOOT_CSTR	BOOT.BIN	0x2bcce8	<ruby風魔特攻弾|ふうまとっこうだん>	3c727562799597968293c18d5592657c82d382a482dc82c682c182b182a482be82f13e		<ruby風뇌말攻弾|ふうまとっこうだん>	0.143	35
C00047	BOOT:0x2bcd4c	BOOT_CSTR	BOOT.BIN	0x2bcd4c	うずまき<ruby昇竜|しょうりゅう>	82a482b882dc82ab3c727562798fb897b37c82b582e582a482e882e382a43e		うずまき<ruby쓴竜|しょうりゅう>	0.083	31
C00048	BOOT:0x2bcd7c	BOOT_CSTR	BOOT.BIN	0x2bcd7c	うずまき<ruby独楽|ごま>	82a482b882dc82ab3c7275627993c68a797c82b282dc3e		うずまき<ruby만험|ごま>	0.250	23
C00049	BOOT:0x2bcda4	BOOT_CSTR	BOOT.BIN	0x2bcda4	<ruby脳天割|のうてんわ>り	3c72756279945d93568a847c82cc82a482c482f182ed3e82e8		<ruby脳天割|のうてんわ>り	0.000	25
C00050	BOOT:0x2bcdd0	BOOT_CSTR	BOOT.BIN	0x2bcdd0	<ruby超激打|ちょうげきだ>	3c7275627992b48c8391c57c82bf82e582a482b082ab82be3e		<ruby超激打|ちょうげきだ>	0.000	25
C00051	BOOT:0x2bce0c	BOOT_CSTR	BOOT.BIN	0x2bce0c	<ruby手鞠蹴|てまりげ>り	3c727562798ee88b668f527c82c482dc82e882b03e82e8		<ruby엥鞠蹴|てまりげ>り	0.125	23
C00052	BOOT:0x2bce44	BOOT_CSTR	BOOT.BIN	0x2bce44	<ruby急降下爆撃|きゅうこうかばくげき>	3c727562798b7d8d7e89ba949a8c827c82ab82e382a482b182a482a982ce82ad82b082ab3e		<ruby急降下爆撃|きゅうこうかばくげき>	0.000	37
C00053	BOOT:0x2bce8c	BOOT_CSTR	BOOT.BIN	0x2bce8c	<ruby爆裂弾|ばくれつだん>	3c72756279949a97f492657c82ce82ad82ea82c282be82f13e		<ruby爆곤弾|ばくれつだん>	0.111	25
C00054	BOOT:0x2bcec8	BOOT_CSTR	BOOT.BIN	0x2bcec8	<ruby分身|ぶんしん>コンボ	3c7275627995aa90677c82d482f182b582f13e83528393837b		<ruby分身|ぶんしん>コンボ	0.000	25
C00055	BOOT:0x2bcf14	BOOT_CSTR	BOOT.BIN	0x2bcf14	<ruby大車輪|だいしゃりん>	3c7275627991e58ed497d67c82be82a282b582e182e882f13e		<ruby大옛교|だいしゃりん>	0.222	25
C00056	BOOT:0x2bcf60	BOOT_CSTR	BOOT.BIN	0x2bcf60	<ruby大風車|だいふうしゃ>	3c7275627991e595978ed47c82be82a282d382a482b582e13e		<ruby大風옛|だいふうしゃ>	0.111	25
C00057	BOOT:0x2bcf9c	BOOT_CSTR	BOOT.BIN	0x2bcf9c	<ruby大蹴激|だいしゅうげき>	3c7275627991e58f528c837c82be82a282b582e382a482b082ab3e		<ruby大蹴激|だいしゅうげき>	0.000	27
C00058	BOOT:0x2bcfe8	BOOT_CSTR	BOOT.BIN	0x2bcfe8	<ruby竹蜻蛉|たけとんぼ>	3c72756279927ce591e5787c82bd82af82c682f182da3e		<ruby竹蜻蛉|たけとんぼ>	0.000	23
C00059	BOOT:0x2bd0b0	BOOT_CSTR	BOOT.BIN	0x2bd0b0	<ruby分身|ぶんしん>	3c7275627995aa90677c82d482f182b582f13e		<ruby分身|ぶんしん>	0.000	19
C00060	BOOT:0x2bd0d4	BOOT_CSTR	BOOT.BIN	0x2bd0d4	<ruby口寄|くちよ>せ	3c727562798cfb8af17c82ad82bf82e63e82b9		<ruby口寄|くちよ>せ	0.000	19
C00061	BOOT:0x2bd0f8	BOOT_CSTR	BOOT.BIN	0x2bd0f8	朱い螺旋丸	8ee982a2978690f98adb		朱い螺旋丸	0.000	10
C00062	BOOT:0x2bd104	BOOT_CSTR	BOOT.BIN	0x2bd104	ナルト	8369838b8367		ナルト	0.000	6
C00063	BOOT:0x2bd960	BOOT_CSTR	BOOT.BIN	0x2bd960	<ruby火遁|かとん>　<ruby豪火球|ごうかきゅう>の<ruby術|じゅつ>	3c7275627989ce93d97c82a982c682f13e81403c727562798d8b89ce8b857c82b282a482a982ab82e382a43e82cc3c727562798f707c82b682e382c23e		<ruby흥리|かとん>　<ruby豪흥球|ごうかきゅう>の<ruby術|じゅつ>	0.150	61
C00064	BOOT:0x2bd9c0	BOOT_CSTR	BOOT.BIN	0x2bd9c0	<ruby無双疾風陣|むそうしっぷうじん>	3c7275627996b3916f8ebe959790777c82de82bb82a482b582c182d582a482b682f13e		<ruby無비疾風陣|むそうしっぷうじん>	0.071	35
C00065	BOOT:0x2bda24	BOOT_CSTR	BOOT.BIN	0x2bda24	<ruby昇火脚|しょうかきゃく>	3c727562798fb889ce8b727c82b582e582a482a982ab82e182ad3e		<ruby쓴흥脚|しょうかきゃく>	0.200	27
C00066	BOOT:0x2bda50	BOOT_CSTR	BOOT.BIN	0x2bda50	<ruby火砕突|かさいとつ>	3c7275627989ce8dd393cb7c82a982b382a282c682c23e		<ruby흥砕릿|かさいとつ>	0.250	23
C00067	BOOT:0x2bda78	BOOT_CSTR	BOOT.BIN	0x2bda78	<ruby旋炎脚|せんえんきゃく>	3c7275627990f9898a8b727c82b982f182a682f182ab82e182ad3e		<ruby旋炎脚|せんえんきゃく>	0.000	27
C00068	BOOT:0x2bdaa4	BOOT_CSTR	BOOT.BIN	0x2bdaa4	<ruby炎連弾|えんれんだん>	3c72756279898a984192657c82a682f182ea82f182be82f13e		<ruby炎連弾|えんれんだん>	0.000	25
C00069	BOOT:0x2bdae0	BOOT_CSTR	BOOT.BIN	0x2bdae0	<ruby炎華脚|えんがきゃく>	3c72756279898a89d88b727c82a682f182aa82ab82e182ad3e		<ruby炎휩脚|えんがきゃく>	0.111	25
C00070	BOOT:0x2bdb1c	BOOT_CSTR	BOOT.BIN	0x2bdb1c	<ruby滑背脚|こうはいきゃく>	3c727562798a8a94778b727c82b182a482cd82a282ab82e182ad3e		<ruby滑背脚|こうはいきゃく>	0.000	27
C00071	BOOT:0x2bdb58	BOOT_CSTR	BOOT.BIN	0x2bdb58	<ruby跳火蹴|とびひげ>り	3c7275627992b589ce8f527c82c682d182d082b03e82e8		<ruby跳흥蹴|とびひげ>り	0.125	23
C00072	BOOT:0x2bdb90	BOOT_CSTR	BOOT.BIN	0x2bdb90	<ruby背負|せお>い<ruby投|な>げ	3c72756279947795897c82b982a83e82a23c72756279938a7c82c83e82b0		<ruby背負|せお>い<ruby投|な>げ	0.000	30
C00073	BOOT:0x2bdbe0	BOOT_CSTR	BOOT.BIN	0x2bdbe0	<ruby火塵乱舞|かじんらんぶ>	3c7275627989ce906f979095917c82a982b682f182e782f182d43e		<ruby흥塵깨舞|かじんらんぶ>	0.200	27
C00074	BOOT:0x2bdc2c	BOOT_CSTR	BOOT.BIN	0x2bdc2c	<ruby烈火乱舞|れっからんぶ>	3c7275627997f389ce979095917c82ea82c182a982e782f182d43e		<ruby烈흥깨舞|れっからんぶ>	0.200	27
C00075	BOOT:0x2bdc68	BOOT_CSTR	BOOT.BIN	0x2bdc68	<ruby隼落|はやぶさお>とし	3c7275627994b9978e7c82cd82e282d482b382a83e82c682b5		<ruby隼落|はやぶさお>とし	0.000	25
C00076	BOOT:0x2bdcb4	BOOT_CSTR	BOOT.BIN	0x2bdcb4	<ruby迸火乱舞|へいからんぶ>	3c72756279e79e89ce979095917c82d682a282a982e782f182d43e		<ruby迸흥깨舞|へいからんぶ>	0.200	27
C00077	BOOT:0x2bdd80	BOOT_CSTR	BOOT.BIN	0x2bdd80	<ruby連弾|れんだん>	3c72756279984192657c82ea82f182be82f13e		<ruby連弾|れんだん>	0.000	19
C00078	BOOT:0x2bdda4	BOOT_CSTR	BOOT.BIN	0x2bdda4	<ruby呪印|じゅいん>	3c727562798ef488f37c82b682e382a282f13e		<ruby에印|じゅいん>	0.167	19
C00079	BOOT:0x2bddc8	BOOT_CSTR	BOOT.BIN	0x2bddc8	黒い千鳥	8d9582a290e792b9		적い千鳥	0.250	8
C00080	BOOT:0x2bddd4	BOOT_CSTR	BOOT.BIN	0x2bddd4	サスケ	835483588350		サスケ	0.000	6
C00081	BOOT:0x2be56c	BOOT_CSTR	BOOT.BIN	0x2be56c	<ruby木|こ>ノ<ruby葉|は><ruby烈風|れっぷう>	3c7275627996d87c82b13e836d3c7275627997747c82cd3e3c7275627997f395977c82ea82c182d582a43e		<ruby木|こ>ノ<ruby葉|は><ruby烈風|れっぷう>	0.000	43
C00082	BOOT:0x2be5b8	BOOT_CSTR	BOOT.BIN	0x2be5b8	<ruby木|こ>ノ<ruby葉|は><ruby旋風|せんぷう>	3c7275627996d87c82b13e836d3c7275627997747c82cd3e3c7275627990f995977c82b982f182d582a43e		<ruby木|こ>ノ<ruby葉|は><ruby旋風|せんぷう>	0.000	43
C00083	BOOT:0x2be624	BOOT_CSTR	BOOT.BIN	0x2be624	<ruby碧|あお>い<ruby閃光|せんこう>	3c7275627995c97c82a082a83e82a23c72756279914d8cf57c82b982f182b182a43e		<ruby돌|あお>い<ruby閃제|せんこう>	0.200	34
C00084	BOOT:0x2be658	BOOT_CSTR	BOOT.BIN	0x2be658	<ruby剛肩突破|ごうけんとっぱ>	3c727562798d848ca893cb946a7c82b282a482af82f182c682c182cf3e		<ruby剛肩릿破|ごうけんとっぱ>	0.091	29
C00085	BOOT:0x2be688	BOOT_CSTR	BOOT.BIN	0x2be688	<ruby三連剛脚|さんれんごうきゃく>	3c727562798e4f98418d848b727c82b382f182ea82f182b282a482ab82e182ad3e		<ruby三連剛脚|さんれんごうきゃく>	0.000	33
C00086	BOOT:0x2be6bc	BOOT_CSTR	BOOT.BIN	0x2be6bc	<ruby八仙連弾|はっせんれんだん>	3c7275627994aa90e5984192657c82cd82c182b982f182ea82f182be82f13e		<ruby八仙連弾|はっせんれんだん>	0.000	31
C00087	BOOT:0x2be6fc	BOOT_CSTR	BOOT.BIN	0x2be6fc	<ruby落葉天舞|らくようてんぶ>	3c72756279978e9774935695917c82e782ad82e682a482c482f182d43e		<ruby落葉天舞|らくようてんぶ>	0.000	29
C00088	BOOT:0x2be73c	BOOT_CSTR	BOOT.BIN	0x2be73c	<ruby旋風烈破|せんぷうれっぱ>	3c7275627990f9959797f3946a7c82b982f182d582a482ea82c182cf3e		<ruby旋風烈破|せんぷうれっぱ>	0.000	29
C00089	BOOT:0x2be77c	BOOT_CSTR	BOOT.BIN	0x2be77c	<ruby練気拳|れんきけん>	3c7275627997fb8b438c9d7c82ea82f182ab82af82f13e		<ruby결気拳|れんきけん>	0.125	23
C00090	BOOT:0x2be7b4	BOOT_CSTR	BOOT.BIN	0x2be7b4	<ruby碧|あお>い<ruby咆哮|ほうこう>	3c7275627995c97c82a082a83e82a23c7275627999f49a4b7c82d982a482b182a43e		<ruby돌|あお>い<ruby咆哮|ほうこう>	0.100	34
C00091	BOOT:0x2be808	BOOT_CSTR	BOOT.BIN	0x2be808	<ruby碧|あお>い<ruby突風|とっぷう>	3c7275627995c97c82a082a83e82a23c7275627993cb95977c82c682c182d582a43e		<ruby돌|あお>い<ruby릿風|とっぷう>	0.200	34
C00092	BOOT:0x2be85c	BOOT_CSTR	BOOT.BIN	0x2be85c	<ruby碧|あお>い<ruby烈風|れっぷう>	3c7275627995c97c82a082a83e82a23c7275627997f395977c82ea82c182d582a43e		<ruby돌|あお>い<ruby烈風|れっぷう>	0.100	34
C00093	BOOT:0x2be8a0	BOOT_CSTR	BOOT.BIN	0x2be8a0	<ruby碧|あお>い<ruby旋風|せんぷう>	3c7275627995c97c82a082a83e82a23c7275627990f995977c82b982f182d582a43e		<ruby돌|あお>い<ruby旋風|せんぷう>	0.100	34
C00094	BOOT:0x2be8f4	BOOT_CSTR	BOOT.BIN	0x2be8f4	<ruby碧|あお>い<ruby疾風|しっぷう>	3c7275627995c97c82a082a83e82a23c727562798ebe95977c82b582c182d582a43e		<ruby돌|あお>い<ruby疾風|しっぷう>	0.100	34
C00095	BOOT:0x2be9c8	BOOT_CSTR	BOOT.BIN	0x2be9c8	<ruby体術|たいじゅつ>	3c7275627991cc8f707c82bd82a282b682e382c23e		<ruby体術|たいじゅつ>	0.000	21
C00096	BOOT:0x2be9f0	BOOT_CSTR	BOOT.BIN	0x2be9f0	<ruby禁|きん>じ<ruby手体術|てたいじゅつ>	3c727562798bd67c82ab82f13e82b63c727562798ee891cc8f707c82c482bd82a282b682e382c23e		<ruby쳤|きん>じ<ruby엥体術|てたいじゅつ>	0.154	40
C00097	BOOT:0x2bea34	BOOT_CSTR	BOOT.BIN	0x2bea34	リー	838a815b		リー	0.000	4
C00098	BOOT:0x2bf1f4	BOOT_CSTR	BOOT.BIN	0x2bf1f4	<ruby呪怨砂塵|じゅおんさじん>　<ruby破|は>	3c727562798ef489858dbb906f7c82b682e382a882f182b382b682f13e81403c72756279946a7c82cd3e		<ruby에怨砂塵|じゅおんさじん>　<ruby破|は>	0.071	42
C00099	BOOT:0x2bf240	BOOT_CSTR	BOOT.BIN	0x2bf240	<ruby呪怨砂塵|じゅおんさじん>　<ruby裂|れつ>	3c727562798ef489858dbb906f7c82b682e382a882f182b382b682f13e81403c7275627997f47c82ea82c23e		<ruby에怨砂塵|じゅおんさじん>　<ruby곤|れつ>	0.133	44
C00100	BOOT:0x2bf2a0	BOOT_CSTR	BOOT.BIN	0x2bf2a0	<ruby翔陣砂|しょうじんさ>	3c72756279e3c490778dbb7c82b582e582a482b682f182b33e		<ruby翔陣砂|しょうじんさ>	0.000	25
C00101	BOOT:0x2bf2cc	BOOT_CSTR	BOOT.BIN	0x2bf2cc	<ruby波追砂|はついさ>	3c72756279946792c78dbb7c82cd82c282a282b33e		<ruby波追砂|はついさ>	0.000	21
C00102	BOOT:0x2bf2f4	BOOT_CSTR	BOOT.BIN	0x2bf2f4	<ruby流壁砂|りゅうへきさ>	3c7275627997ac95c78dbb7c82e882e382a482d682ab82b33e		<ruby김壁砂|りゅうへきさ>	0.111	25
C00103	BOOT:0x2bf330	BOOT_CSTR	BOOT.BIN	0x2bf330	<ruby縛落砂|ばくらくさ>	3c72756279949b978e8dbb7c82ce82ad82e782ad82b33e		<ruby縛落砂|ばくらくさ>	0.000	23
C00104	BOOT:0x2bf368	BOOT_CSTR	BOOT.BIN	0x2bf368	<ruby噴塵砂|ふんじんさ>	3c7275627995ac906f8dbb7c82d382f182b682f182b33e		<ruby둑塵砂|ふんじんさ>	0.125	23
C00105	BOOT:0x2bf3a0	BOOT_CSTR	BOOT.BIN	0x2bf3a0	<ruby握砂|あくさ>	3c7275627988ac8dbb7c82a082ad82b33e		<ruby握砂|あくさ>	0.000	17
C00106	BOOT:0x2bf3d4	BOOT_CSTR	BOOT.BIN	0x2bf3d4	<ruby瀑流砂|ばくりゅうさ>	3c72756279e06597ac8dbb7c82ce82ad82e882e382a482b33e		<ruby瀑김砂|ばくりゅうさ>	0.111	25
C00107	BOOT:0x2bf410	BOOT_CSTR	BOOT.BIN	0x2bf410	<ruby瀑縛砂|ばくばくさ>	3c72756279e065949b8dbb7c82ce82ad82ce82ad82b33e		<ruby瀑縛砂|ばくばくさ>	0.000	23
C00108	BOOT:0x2bf448	BOOT_CSTR	BOOT.BIN	0x2bf448	<ruby昇瀑砂|しょうばくさ>	3c727562798fb8e0658dbb7c82b582e582a482ce82ad82b33e		<ruby쓴瀑砂|しょうばくさ>	0.111	25
C00109	BOOT:0x2bf484	BOOT_CSTR	BOOT.BIN	0x2bf484	<ruby落瀑砂|らくばくさ>	3c72756279978ee0658dbb7c82e782ad82ce82ad82b33e		<ruby落瀑砂|らくばくさ>	0.000	23
C00110	BOOT:0x2bf4bc	BOOT_CSTR	BOOT.BIN	0x2bf4bc	<ruby縛跳砂|ばくちょうさ>	3c72756279949b92b58dbb7c82ce82ad82bf82e582a482b33e		<ruby縛跳砂|ばくちょうさ>	0.000	25
C00111	BOOT:0x2bf4f8	BOOT_CSTR	BOOT.BIN	0x2bf4f8	<ruby空瀑砂|くうばくさ>	3c727562798bf3e0658dbb7c82ad82a482ce82ad82b33e		<ruby찬瀑砂|くうばくさ>	0.125	23
C00112	BOOT:0x2bf5c0	BOOT_CSTR	BOOT.BIN	0x2bf5c0	<ruby砂|すな>	3c727562798dbb7c82b782c83e		<ruby砂|すな>	0.000	13
C00113	BOOT:0x2bf5e0	BOOT_CSTR	BOOT.BIN	0x2bf5e0	<ruby仲間|なかま>	3c7275627992878ad47c82c882a982dc3e		<ruby仲間|なかま>	0.000	17
C00114	BOOT:0x2bff48	BOOT_CSTR	BOOT.BIN	0x2bff48	<ruby影真似|かげまね>　<ruby爆弾|ばくだん>	3c727562798965905e8e977c82a982b082dc82cb3e81403c72756279949a92657c82ce82ad82be82f13e		<ruby影真似|かげまね>　<ruby爆弾|ばくだん>	0.000	42
C00115	BOOT:0x2bff94	BOOT_CSTR	BOOT.BIN	0x2bff94	<ruby影真似|かげまね>　クナイ	3c727562798965905e8e977c82a982b082dc82cb3e8140834e83698343		<ruby影真似|かげまね>　クナイ	0.000	29
C00116	BOOT:0x2bffe4	BOOT_CSTR	BOOT.BIN	0x2bffe4	<ruby鹿跳|かちょう>	3c727562798ead92b57c82a982bf82e582a43e		<ruby욱跳|かちょう>	0.167	19
C00117	BOOT:0x2c0008	BOOT_CSTR	BOOT.BIN	0x2c0008	<ruby鹿旋|かせん>	3c727562798ead90f97c82a982b982f13e		<ruby욱旋|かせん>	0.200	17
C00118	BOOT:0x2c002c	BOOT_CSTR	BOOT.BIN	0x2c002c	<ruby鹿落|からく>	3c727562798ead978e7c82a982e782ad3e		<ruby욱落|からく>	0.200	17
C00119	BOOT:0x2c0060	BOOT_CSTR	BOOT.BIN	0x2c0060	<ruby後影拾|ごかげひろ>い	3c727562798ce389658f457c82b282a982b082d082eb3e82a2		<ruby後影었|ごかげひろ>い	0.111	25
C00120	BOOT:0x2c009c	BOOT_CSTR	BOOT.BIN	0x2c009c	<ruby当|あ>て<ruby身|み>	3c7275627993967c82a03e82c43c7275627990677c82dd3e		<ruby当|あ>て<ruby身|み>	0.000	24
C00121	BOOT:0x2c00c8	BOOT_CSTR	BOOT.BIN	0x2c00c8	<ruby待影払|まちかげはら>い	3c7275627991d2896595a57c82dc82bf82a982b082cd82e73e82a2		<ruby밌影둘|まちかげはら>い	0.200	27
C00122	BOOT:0x2c0104	BOOT_CSTR	BOOT.BIN	0x2c0104	<ruby影刈|かがり>	3c7275627989658aa07c82a982aa82e83e		<ruby影刈|かがり>	0.000	17
C00123	BOOT:0x2c0138	BOOT_CSTR	BOOT.BIN	0x2c0138	<ruby鹿突|かとつ>	3c727562798ead93cb7c82a982c682c23e		<ruby욱릿|かとつ>	0.400	17
C00124	BOOT:0x2c016c	BOOT_CSTR	BOOT.BIN	0x2c016c	<ruby後影|ごかげ>すくい	3c727562798ce389657c82b282a982b03e82b782ad82a2		<ruby後影|ごかげ>すくい	0.000	23
C00125	BOOT:0x2c01b4	BOOT_CSTR	BOOT.BIN	0x2c01b4	<ruby昇影|しょうえい>	3c727562798fb889657c82b582e582a482a682a23e		<ruby쓴影|しょうえい>	0.143	21
C00126	BOOT:0x2c01fc	BOOT_CSTR	BOOT.BIN	0x2c01fc	<ruby落影|らくえい>	3c72756279978e89657c82e782ad82a682a23e		<ruby落影|らくえい>	0.000	19
C00127	BOOT:0x2c0230	BOOT_CSTR	BOOT.BIN	0x2c0230	<ruby後影落|ごかげお>とし	3c727562798ce38965978e7c82b282a982b082a83e82c682b5		<ruby後影落|ごかげお>とし	0.000	25
C00128	BOOT:0x2c027c	BOOT_CSTR	BOOT.BIN	0x2c027c	<ruby飛影|ひえい>	3c7275627994f289657c82d082a682a23e		<ruby飛影|ひえい>	0.000	17
C00129	BOOT:0x2c0340	BOOT_CSTR	BOOT.BIN	0x2c0340	チョウジ	8360838783458357		チョウジ	0.000	8
C00130	BOOT:0x2c035c	BOOT_CSTR	BOOT.BIN	0x2c035c	<ruby影真似|かげまね>	3c727562798965905e8e977c82a982b082dc82cb3e		<ruby影真似|かげまね>	0.000	21
C00131	BOOT:0x2c0384	BOOT_CSTR	BOOT.BIN	0x2c0384	影首縛りの術	89658ef1949b82e882cc8f70		影首縛りの術	0.000	12
C00132	BOOT:0x2c0394	BOOT_CSTR	BOOT.BIN	0x2c0394	シカマル	8356834a837d838b		シカマル	0.000	8
C00133	BOOT:0x2c0b10	BOOT_CSTR	BOOT.BIN	0x2c0b10	<ruby柔拳乱打|じゅうけんらんだ>	3c727562798f5f8c9d979091c57c82b682e382a482af82f182e782f182be3e		<ruby어拳깨打|じゅうけんらんだ>	0.167	31
C00134	BOOT:0x2c0b50	BOOT_CSTR	BOOT.BIN	0x2c0b50	<ruby回天|かいてん>	3c7275627989f193567c82a982a282c482f13e		<ruby回天|かいてん>	0.000	19
C00135	BOOT:0x2c0ba4	BOOT_CSTR	BOOT.BIN	0x2c0ba4	<ruby旋昇脚|せんしょうきゃく>	3c7275627990f98fb88b727c82b982f182b582e582a482ab82e182ad3e		<ruby旋쓴脚|せんしょうきゃく>	0.091	29
C00136	BOOT:0x2c0bd4	BOOT_CSTR	BOOT.BIN	0x2c0bd4	<ruby小突掌|しょうとつしょう>	3c727562798fac93cb8fb67c82b582e582a482c682c282b582e582a43e		<ruby아릿쓸|しょうとつしょう>	0.273	29
C00137	BOOT:0x2c0c04	BOOT_CSTR	BOOT.BIN	0x2c0c04	<ruby天降脚|てんこうきゃく>	3c7275627993568d7e8b727c82c482f182b182a482ab82e182ad3e		<ruby天降脚|てんこうきゃく>	0.000	27
C00138	BOOT:0x2c0c30	BOOT_CSTR	BOOT.BIN	0x2c0c30	<ruby旋掌打|せんしょうだ>	3c7275627990f98fb691c57c82b982f182b582e582a482be3e		<ruby旋쓸打|せんしょうだ>	0.111	25
C00139	BOOT:0x2c0c6c	BOOT_CSTR	BOOT.BIN	0x2c0c6c	<ruby天昇掌|てんしょうしょう>	3c7275627993568fb88fb67c82c482f182b582e582a482b582e582a43e		<ruby天쓴쓸|てんしょうしょう>	0.182	29
C00140	BOOT:0x2c0cac	BOOT_CSTR	BOOT.BIN	0x2c0cac	<ruby旋落脚|せんらくきゃく>	3c7275627990f9978e8b727c82b982f182e782ad82ab82e182ad3e		<ruby旋落脚|せんらくきゃく>	0.000	27
C00141	BOOT:0x2c0ce8	BOOT_CSTR	BOOT.BIN	0x2c0ce8	<ruby大突掌|だいとつしょう>	3c7275627991e593cb8fb67c82be82a282c682c282b582e582a43e		<ruby大릿쓸|だいとつしょう>	0.200	27
C00142	BOOT:0x2c0d24	BOOT_CSTR	BOOT.BIN	0x2c0d24	<ruby経烈撃|けいれつげき>	3c727562798c6f97f38c827c82af82a282ea82c282b082ab3e		<ruby経烈撃|けいれつげき>	0.000	25
C00143	BOOT:0x2c0d60	BOOT_CSTR	BOOT.BIN	0x2c0d60	<ruby天蹴乱舞|てんしゅうらんぶ>	3c7275627993568f52979095917c82c482f182b582e382a482e782f182d43e		<ruby天蹴깨舞|てんしゅうらんぶ>	0.083	31
C00144	BOOT:0x2c0da0	BOOT_CSTR	BOOT.BIN	0x2c0da0	<ruby天拳乱舞|てんけんらんぶ>	3c7275627993568c9d979095917c82c482f182af82f182e782f182d43e		<ruby天拳깨舞|てんけんらんぶ>	0.091	29
C00145	BOOT:0x2c0de0	BOOT_CSTR	BOOT.BIN	0x2c0de0	<ruby衝背双脚|しょうはいそうきゃく>	3c727562798fd59477916f8b727c82b582e582a482cd82a282bb82a482ab82e182ad3e		<ruby衝背비脚|しょうはいそうきゃく>	0.071	35
C00146	BOOT:0x2c0e24	BOOT_CSTR	BOOT.BIN	0x2c0e24	<ruby天掌乱舞|てんしょうらんぶ>	3c7275627993568fb6979095917c82c482f182b582e582a482e782f182d43e		<ruby天쓸깨舞|てんしょうらんぶ>	0.167	31
C00147	BOOT:0x2c0f04	BOOT_CSTR	BOOT.BIN	0x2c0f04	<ruby白眼|びゃくがん>	3c7275627994928ae17c82d182e182ad82aa82f13e		<ruby白파|びゃくがん>	0.143	21
C00148	BOOT:0x2c0f3c	BOOT_CSTR	BOOT.BIN	0x2c0f3c	ネジ	836c8357		ネジ	0.000	4
C00149	BOOT:0x2c1764	BOOT_CSTR	BOOT.BIN	0x2c1764	メルヘンゲット	8381838b83778393835183628367		メルヘンゲット	0.000	14
C00150	BOOT:0x2c1794	BOOT_CSTR	BOOT.BIN	0x2c1794	しゃーんなろー！	82b582e1815b82f182c882eb815b8149		しゃーんなろー！	0.000	16
C00151	BOOT:0x2c17e8	BOOT_CSTR	BOOT.BIN	0x2c17e8	<ruby痴漢撃退|ちかんげきたい>コンボ	3c7275627992738abf8c8291de7c82bf82a982f182b082ab82bd82a23e83528393837b		<ruby痴품撃미|ちかんげきたい>コンボ	0.143	35
C00152	BOOT:0x2c181c	BOOT_CSTR	BOOT.BIN	0x2c181c	<ruby折檻|せっかん>コンボ	3c7275627990dc9f427c82b982c182a982f13e83528393837b		<ruby쁜檻|せっかん>コンボ	0.111	25
C00153	BOOT:0x2c1848	BOOT_CSTR	BOOT.BIN	0x2c1848	<ruby断裂|だんれつ>コンボ	3c72756279926697f47c82be82f182ea82c23e83528393837b		<ruby묘곤|だんれつ>コンボ	0.222	25
C00154	BOOT:0x2c1874	BOOT_CSTR	BOOT.BIN	0x2c1874	<ruby乙女|おとめ>の<ruby怒|いか>り	3c7275627989b38f977c82a882c682df3e82cc3c72756279937b7c82a282a93e82e8		<ruby乙았|おとめ>の<ruby怒|いか>り	0.100	34
C00155	BOOT:0x2c18b8	BOOT_CSTR	BOOT.BIN	0x2c18b8	<ruby乙女|おとめ>の<ruby底力|そこぢから>	3c7275627989b38f977c82a882c682df3e82cc3c7275627992ea97cd7c82bb82b182c082a982e73e		<ruby乙았|おとめ>の<ruby底力|そこぢから>	0.077	40
C00156	BOOT:0x2c1904	BOOT_CSTR	BOOT.BIN	0x2c1904	<ruby足蹴|あしげ>コンボ	3c7275627991ab8f527c82a082b582b03e83528393837b		<ruby병蹴|あしげ>コンボ	0.125	23
C00157	BOOT:0x2c193c	BOOT_CSTR	BOOT.BIN	0x2c193c	ウザイ<ruby奴撲殺術|やつぼくさつじゅつ>	8345835583433c72756279937a966f8e458f707c82e282c282da82ad82b382c282b682e382c23e		ウザイ<ruby奴撲殺術|やつぼくさつじゅつ>	0.000	39
C00158	BOOT:0x2c1984	BOOT_CSTR	BOOT.BIN	0x2c1984	<ruby悪漢撃退術|あっかんげきたいじゅつ>	3c7275627988ab8abf8c8291de8f707c82a082c182a982f182b082ab82bd82a282b682e382c23e		<ruby悪품撃미術|あっかんげきたいじゅつ>	0.125	39
C00159	BOOT:0x2c19dc	BOOT_CSTR	BOOT.BIN	0x2c19dc	<ruby空中殺法|くうちゅうさっぽう>　<ruby上|じょう>	3c727562798bf392868e4596407c82ad82a482bf82e382a482b382c182db82a43e81403c727562798fe37c82b682e582a43e		<ruby찬中殺法|くうちゅうさっぽう>　<ruby上|じょう>	0.056	50
C00160	BOOT:0x2c1a40	BOOT_CSTR	BOOT.BIN	0x2c1a40	<ruby空中殺法|くうちゅうさっぽう>　<ruby下|げ>	3c727562798bf392868e4596407c82ad82a482bf82e382a482b382c182db82a43e81403c7275627989ba7c82b03e		<ruby찬中殺法|くうちゅうさっぽう>　<ruby下|げ>	0.062	46
C00161	BOOT:0x2c1a90	BOOT_CSTR	BOOT.BIN	0x2c1a90	<ruby回転殺法|かいてんさっぽう>	3c7275627989f1935d8e4596407c82a982a282c482f182b382c182db82a43e		<ruby回転殺法|かいてんさっぽう>	0.000	31
C00162	BOOT:0x2c1ae0	BOOT_CSTR	BOOT.BIN	0x2c1ae0	<ruby空中殺法|くうちゅうさっぽう>　<ruby中|ちゅう>	3c727562798bf392868e4596407c82ad82a482bf82e382a482b382c182db82a43e81403c7275627992867c82bf82e382a43e		<ruby찬中殺法|くうちゅうさっぽう>　<ruby中|ちゅう>	0.056	50
C00163	BOOT:0x2c1bc4	BOOT_CSTR	BOOT.BIN	0x2c1bc4	ブービートラップ	8375815b8372815b8367838983628376		ブービートラップ	0.000	16
C00164	BOOT:0x2c1be8	BOOT_CSTR	BOOT.BIN	0x2c1be8	<ruby内|うち>なるサクラ	3c7275627993e07c82a482bf3e82c882e98354834e8389		<ruby内|うち>なるサクラ	0.000	23
C00165	BOOT:0x2c1c10	BOOT_CSTR	BOOT.BIN	0x2c1c10	乙女の怒り	89b38f9782cc937b82e8		乙았の怒り	0.200	10
C00166	BOOT:0x2c1c1c	BOOT_CSTR	BOOT.BIN	0x2c1c1c	サクラ	8354834e8389		サクラ	0.000	6
C00167	BOOT:0x2c23f4	BOOT_CSTR	BOOT.BIN	0x2c23f4	<ruby千年殺|せんねんごろ>し	3c7275627990e7944e8e457c82b982f182cb82f182b282eb3e82b5		<ruby千年殺|せんねんごろ>し	0.000	27
C00168	BOOT:0x2c2430	BOOT_CSTR	BOOT.BIN	0x2c2430	<ruby土遁|どとん>　<ruby追牙|ついが>の<ruby術|じゅつ>	3c72756279937993d97c82c782c682f13e81403c7275627992c789e57c82c282a282aa3e82cc3c727562798f707c82b682e382c23e		<ruby맨리|どとん>　<ruby追牙|ついが>の<ruby術|じゅつ>	0.125	53
C00169	BOOT:0x2c24a8	BOOT_CSTR	BOOT.BIN	0x2c24a8	<ruby裂空|れっくう>	3c7275627997f48bf37c82ea82c182ad82a43e		<ruby곤찬|れっくう>	0.333	19
C00170	BOOT:0x2c24cc	BOOT_CSTR	BOOT.BIN	0x2c24cc	<ruby旋刃|せんじん>	3c7275627990f9906e7c82b982f182b682f13e		<ruby旋刃|せんじん>	0.000	19
C00171	BOOT:0x2c24f0	BOOT_CSTR	BOOT.BIN	0x2c24f0	<ruby滑脚|かっきゃく>	3c727562798a8a8b727c82a982c182ab82e182ad3e		<ruby滑脚|かっきゃく>	0.000	21
C00172	BOOT:0x2c2518	BOOT_CSTR	BOOT.BIN	0x2c2518	<ruby素突|そとつ>	3c72756279916693cb7c82bb82c682c23e		<ruby素릿|そとつ>	0.200	17
C00173	BOOT:0x2c254c	BOOT_CSTR	BOOT.BIN	0x2c254c	<ruby刹那斬|せつなざん>	3c72756279998b93df8e617c82b982c282c882b482f13e		<ruby刹那斬|せつなざん>	0.000	23
C00174	BOOT:0x2c2584	BOOT_CSTR	BOOT.BIN	0x2c2584	<ruby下旋脚|かせんきゃく>	3c7275627989ba90f98b727c82a982b982f182ab82e182ad3e		<ruby下旋脚|かせんきゃく>	0.000	25
C00175	BOOT:0x2c25c0	BOOT_CSTR	BOOT.BIN	0x2c25c0	<ruby地這|じば>い	3c72756279926e94877c82b682ce3e82a2		<ruby地這|じば>い	0.000	17
C00176	BOOT:0x2c25f4	BOOT_CSTR	BOOT.BIN	0x2c25f4	<ruby髄殺|ずいさつ>	3c7275627990918e457c82b882a282b382c23e		<ruby髄殺|ずいさつ>	0.000	19
C00177	BOOT:0x2c2638	BOOT_CSTR	BOOT.BIN	0x2c2638	<ruby昇燕|のぼりつばめ>	3c727562798fb8898d7c82cc82da82e882c282ce82df3e		<ruby쓴燕|のぼりつばめ>	0.125	23
C00178	BOOT:0x2c2680	BOOT_CSTR	BOOT.BIN	0x2c2680	<ruby降燕|おりつばめ>	3c727562798d7e898d7c82a882e882c282ce82df3e		<ruby降燕|おりつばめ>	0.000	21
C00179	BOOT:0x2c26b8	BOOT_CSTR	BOOT.BIN	0x2c26b8	<ruby空巴|そらともえ>	3c727562798bf394627c82bb82e782c682e082a63e		<ruby찬巴|そらともえ>	0.143	21
C00180	BOOT:0x2c2700	BOOT_CSTR	BOOT.BIN	0x2c2700	<ruby飛燕|ひえん>	3c7275627994f2898d7c82d082a682f13e		<ruby飛燕|ひえん>	0.000	17
C00181	BOOT:0x2c27c4	BOOT_CSTR	BOOT.BIN	0x2c27c4	<ruby忍|しのび>の<ruby心得|こころえ>	3c7275627994457c82b582cc82d13e82cc3c72756279905393be7c82b182b182eb82a63e		<ruby忍|しのび>の<ruby心得|こころえ>	0.000	36
C00182	BOOT:0x2c2814	BOOT_CSTR	BOOT.BIN	0x2c2814	カカシ	834a834a8356		カカシ	0.000	6
C00183	BOOT:0x2c3020	BOOT_CSTR	BOOT.BIN	0x2c3020	<ruby剣|つるぎ>の<ruby舞|まい>	3c727562798c957c82c282e982ac3e82cc3c7275627995917c82dc82a23e		<ruby剣|つるぎ>の<ruby舞|まい>	0.000	30
C00184	BOOT:0x2c3060	BOOT_CSTR	BOOT.BIN	0x2c3060	<ruby風塵烈波|ふうじんれっぱ>	3c727562799597906f97f394677c82d382a482b682f182ea82c182cf3e		<ruby風塵烈波|ふうじんれっぱ>	0.000	29
C00185	BOOT:0x2c30c0	BOOT_CSTR	BOOT.BIN	0x2c30c0	<ruby滅殺刀|めっさつとう>	3c7275627996c58e4593817c82df82c182b382c282c682a43e		<ruby녀殺刀|めっさつとう>	0.111	25
C00186	BOOT:0x2c30ec	BOOT_CSTR	BOOT.BIN	0x2c30ec	<ruby双闇|そうあん>	3c72756279916f88c57c82bb82a482a082f13e		<ruby비闇|そうあん>	0.167	19
C00187	BOOT:0x2c3110	BOOT_CSTR	BOOT.BIN	0x2c3110	<ruby闇回|あんかい>	3c7275627988c589f17c82a082f182a982a23e		<ruby闇回|あんかい>	0.000	19
C00188	BOOT:0x2c3134	BOOT_CSTR	BOOT.BIN	0x2c3134	<ruby蛇踊旋|じゃようせん>	3c727562798ed6977890f97c82b682e182e682a482b982f13e		<ruby예踊旋|じゃようせん>	0.111	25
C00189	BOOT:0x2c3170	BOOT_CSTR	BOOT.BIN	0x2c3170	<ruby闇天舞|やみてんぶ>	3c7275627988c5935695917c82e282dd82c482f182d43e		<ruby闇天舞|やみてんぶ>	0.000	23
C00190	BOOT:0x2c31a8	BOOT_CSTR	BOOT.BIN	0x2c31a8	<ruby闇神楽|やみかぐら>	3c7275627988c5905f8a797c82e282dd82a982ae82e73e		<ruby闇神험|やみかぐら>	0.125	23
C00191	BOOT:0x2c31e0	BOOT_CSTR	BOOT.BIN	0x2c31e0	<ruby躯食|むくろは>み	3c727562798beb90487c82de82ad82eb82cd3e82dd		<ruby창食|むくろは>み	0.143	21
C00192	BOOT:0x2c3218	BOOT_CSTR	BOOT.BIN	0x2c3218	<ruby潜影蛇手|せんえいじゃしゅ>	3c7275627990f689658ed68ee87c82b982f182a682a282b682e182b582e33e		<ruby潜影예엥|せんえいじゃしゅ>	0.167	31
C00193	BOOT:0x2c3268	BOOT_CSTR	BOOT.BIN	0x2c3268	<ruby殺刃|さつじん>	3c727562798e45906e7c82b382c282b682f13e		<ruby殺刃|さつじん>	0.000	19
C00194	BOOT:0x2c32ac	BOOT_CSTR	BOOT.BIN	0x2c32ac	<ruby裂刃|れつじん>	3c7275627997f4906e7c82ea82c282b682f13e		<ruby곤刃|れつじん>	0.167	19
C00195	BOOT:0x2c32e0	BOOT_CSTR	BOOT.BIN	0x2c32e0	<ruby蛇撫|じゃぶ>	3c727562798ed6958f7c82b682e182d43e		<ruby예드|じゃぶ>	0.400	17
C00196	BOOT:0x2c3324	BOOT_CSTR	BOOT.BIN	0x2c3324	<ruby割刃|かつじん>	3c727562798a84906e7c82a982c282b682f13e		<ruby割刃|かつじん>	0.000	19
C00197	BOOT:0x2c33e8	BOOT_CSTR	BOOT.BIN	0x2c33e8	<ruby音|おと>の<ruby四人衆|よにんしゅう>	3c7275627989b97c82a882c63e82cc3c727562798e6c906c8f4f7c82e682c982f182b582e382a43e		<ruby검|おと>の<ruby四人衆|よにんしゅう>	0.077	40
C00198	BOOT:0x2c3424	BOOT_CSTR	BOOT.BIN	0x2c3424	<ruby殺気|さっき>	3c727562798e458b437c82b382c182ab3e		<ruby殺気|さっき>	0.000	17
C00199	BOOT:0x2c3bfc	BOOT_CSTR	BOOT.BIN	0x2c3bfc	<ruby千殺水翔|せんさつすいしょう>	3c7275627990e78e459085e3c47c82b982f182b382c282b782a282b582e582a43e		<ruby千殺水翔|せんさつすいしょう>	0.000	33
C00200	BOOT:0x2c3c40	BOOT_CSTR	BOOT.BIN	0x2c3c40	<ruby千閃斬舞|せんせんざんぶ>	3c7275627990e7914d8e6195917c82b982f182b982f182b482f182d43e		<ruby千閃斬舞|せんせんざんぶ>	0.000	29
C00201	BOOT:0x2c3ca0	BOOT_CSTR	BOOT.BIN	0x2c3ca0	<ruby穿弓腿|せんきゅうたい>	3c7275627990fa8b7c91da7c82b982f182ab82e382a482bd82a23e		<ruby穿弓민|せんきゅうたい>	0.100	27
C00202	BOOT:0x2c3ccc	BOOT_CSTR	BOOT.BIN	0x2c3ccc	<ruby鏡割|かがみわ>り	3c727562798bbe8a847c82a982aa82dd82ed3e82e8		<ruby츠割|かがみわ>り	0.143	21
C00203	BOOT:0x2c3cf4	BOOT_CSTR	BOOT.BIN	0x2c3cf4	<ruby氷演舞|ひょうえんぶ>	3c727562799558898995917c82d082e582a482a682f182d43e		<ruby氷演舞|ひょうえんぶ>	0.000	25
C00204	BOOT:0x2c3d20	BOOT_CSTR	BOOT.BIN	0x2c3d20	<ruby翔旋千本|しょうせんせんぼん>	3c72756279e3c490f990e7967b7c82b582e582a482b982f182b982f182da82f13e		<ruby翔旋千本|しょうせんせんぼん>	0.000	33
C00205	BOOT:0x2c3d64	BOOT_CSTR	BOOT.BIN	0x2c3d64	<ruby天駆脚|てんくきゃく>	3c7275627993568bec8b727c82c482f182ad82ab82e182ad3e		<ruby天참脚|てんくきゃく>	0.111	25
C00206	BOOT:0x2c3da0	BOOT_CSTR	BOOT.BIN	0x2c3da0	<ruby閃回脚|せんかいきゃく>	3c72756279914d89f18b727c82b982f182a982a282ab82e182ad3e		<ruby閃回脚|せんかいきゃく>	0.000	27
C00207	BOOT:0x2c3ddc	BOOT_CSTR	BOOT.BIN	0x2c3ddc	<ruby旋抉斬|せんかいざん>	3c7275627990f99d508e617c82b982f182a982a282b482f13e		<ruby旋抉斬|せんかいざん>	0.000	25
C00208	BOOT:0x2c3e18	BOOT_CSTR	BOOT.BIN	0x2c3e18	<ruby廻天斬|かいてんざん>	3c7275627989f493568e617c82a982a282c482f182b482f13e		<ruby廻天斬|かいてんざん>	0.000	25
C00209	BOOT:0x2c3e54	BOOT_CSTR	BOOT.BIN	0x2c3e54	<ruby昇閃舞|しょうせんぶ>	3c727562798fb8914d95917c82b582e582a482b982f182d43e		<ruby쓴閃舞|しょうせんぶ>	0.111	25
C00210	BOOT:0x2c3e90	BOOT_CSTR	BOOT.BIN	0x2c3e90	<ruby落爪舞|らくそうぶ>	3c72756279978e92dc95917c82e782ad82bb82a482d43e		<ruby落爪舞|らくそうぶ>	0.000	23
C00211	BOOT:0x2c3ec8	BOOT_CSTR	BOOT.BIN	0x2c3ec8	<ruby翔飛脚|しょうひきゃく>	3c72756279e3c494f28b727c82b582e582a482d082ab82e182ad3e		<ruby翔飛脚|しょうひきゃく>	0.000	27
C00212	BOOT:0x2c3f04	BOOT_CSTR	BOOT.BIN	0x2c3f04	<ruby空旋舞|くうせんぶ>	3c727562798bf390f995917c82ad82a482b982f182d43e		<ruby찬旋舞|くうせんぶ>	0.125	23
C00213	BOOT:0x2c3fcc	BOOT_CSTR	BOOT.BIN	0x2c3fcc	<ruby氷術|ひょうじゅつ>	3c7275627995588f707c82d082e582a482b682e382c23e		<ruby氷術|ひょうじゅつ>	0.000	23
C00214	BOOT:0x2c3ff4	BOOT_CSTR	BOOT.BIN	0x2c3ff4	<ruby片手印|かたていん>	3c7275627995d08ee888f37c82a982bd82c482a282f13e		<ruby片엥印|かたていん>	0.125	23
C00215	BOOT:0x2c401c	BOOT_CSTR	BOOT.BIN	0x2c401c	<ruby血継限界|けっけいげんかい>	3c727562798c8c8c708cc08a457c82af82c182af82a282b082f182a982a23e		<ruby血継限界|けっけいげんかい>	0.000	31
C00216	BOOT:0x2c4a10	BOOT_CSTR	BOOT.BIN	0x2c4a10	<ruby水遁|すいとん>　<ruby水龍弾|すいりゅうだん>の<ruby術|じゅつ>	3c72756279908593d97c82b782a282c682f13e81403c72756279908597b492657c82b782a282e882e382a482be82f13e82cc3c727562798f707c82b682e382c23e		<ruby水리|すいとん>　<ruby水龍弾|すいりゅうだん>の<ruby術|じゅつ>	0.045	65
C00217	BOOT:0x2c4a74	BOOT_CSTR	BOOT.BIN	0x2c4a74	<ruby水牢|すいろう>の<ruby術|じゅつ>	3c72756279908598537c82b782a282eb82a43e82cc3c727562798f707c82b682e382c23e		<ruby水牢|すいろう>の<ruby術|じゅつ>	0.000	36
C00218	BOOT:0x2c4adc	BOOT_CSTR	BOOT.BIN	0x2c4adc	<ruby骨抉剣|こっけつけん>	3c727562798d9c9d508c957c82b182c182af82c282af82f13e		<ruby骨抉剣|こっけつけん>	0.000	25
C00219	BOOT:0x2c4b08	BOOT_CSTR	BOOT.BIN	0x2c4b08	<ruby転背斬|てんはいざん>	3c72756279935d94778e617c82c482f182cd82a282b482f13e		<ruby転背斬|てんはいざん>	0.000	25
C00220	BOOT:0x2c4b34	BOOT_CSTR	BOOT.BIN	0x2c4b34	<ruby散裂斬|さんれつざん>	3c727562798e5597f48e617c82b382f182ea82c282b482f13e		<ruby散곤斬|さんれつざん>	0.111	25
C00221	BOOT:0x2c4b60	BOOT_CSTR	BOOT.BIN	0x2c4b60	<ruby飛旋剣|ひせんけん>	3c7275627994f290f98c957c82d082b982f182af82f13e		<ruby飛旋剣|ひせんけん>	0.000	23
C00222	BOOT:0x2c4b98	BOOT_CSTR	BOOT.BIN	0x2c4b98	<ruby波烈斬|はれつざん>	3c72756279946797f38e617c82cd82ea82c282b482f13e		<ruby波烈斬|はれつざん>	0.000	23
C00223	BOOT:0x2c4bd0	BOOT_CSTR	BOOT.BIN	0x2c4bd0	<ruby鞭腕撃|べんわんげき>	3c7275627995da98728c827c82d782f182ed82f182b082ab3e		<ruby더腕撃|べんわんげき>	0.111	25
C00224	BOOT:0x2c4c0c	BOOT_CSTR	BOOT.BIN	0x2c4c0c	<ruby龍尾脚|りゅうびきゃく>	3c7275627997b494f68b727c82e882e382a482d182ab82e182ad3e		<ruby龍尾脚|りゅうびきゃく>	0.000	27
C00225	BOOT:0x2c4c48	BOOT_CSTR	BOOT.BIN	0x2c4c48	<ruby投捨|とうしゃ>	3c72756279938a8ecc7c82c682a482b582e13e		<ruby投올|とうしゃ>	0.167	19
C00226	BOOT:0x2c4c8c	BOOT_CSTR	BOOT.BIN	0x2c4c8c	<ruby霞連撃|かすみれんげき>	3c7275627989e098418c827c82a982b782dd82ea82f182b082ab3e		<ruby霞連撃|かすみれんげき>	0.000	27
C00227	BOOT:0x2c4cc8	BOOT_CSTR	BOOT.BIN	0x2c4cc8	<ruby頭蓋穿|ずがいせん>	3c7275627993aa8a5790fa7c82b882aa82a282b982f13e		<ruby頭蓋穿|ずがいせん>	0.000	23
C00228	BOOT:0x2c4d00	BOOT_CSTR	BOOT.BIN	0x2c4d00	<ruby斬捨|ざんしゃ>	3c727562798e618ecc7c82b482f182b582e13e		<ruby斬올|ざんしゃ>	0.167	19
C00229	BOOT:0x2c4d44	BOOT_CSTR	BOOT.BIN	0x2c4d44	<ruby霧隱連撃|きりがくれれんげき>	3c7275627996b6e8aa98418c827c82ab82e882aa82ad82ea82ea82f182b082ab3e		<ruby녕隱連撃|きりがくれれんげき>	0.077	33
C00230	BOOT:0x2c4e28	BOOT_CSTR	BOOT.BIN	0x2c4e28	<ruby霧隠|きりがく>れ<ruby忍法|にんぽう>	3c7275627996b689427c82ab82e882aa82ad3e82ea3c72756279944596407c82c982f182db82a43e		<ruby녕隠|きりがく>れ<ruby忍法|にんぽう>	0.077	40
C00231	BOOT:0x2c4e64	BOOT_CSTR	BOOT.BIN	0x2c4e64	<ruby水遁|すいとん>	3c72756279908593d97c82b782a282c682f13e		<ruby水리|すいとん>	0.167	19
C00232	BOOT:0x2c5674	BOOT_CSTR	BOOT.BIN	0x2c5674	<ruby超回復薬|ちょうかいふくやく>	3c7275627992b489f1959c96f27c82bf82e582a482a982a282d382ad82e282ad3e		<ruby超回復薬|ちょうかいふくやく>	0.000	33
C00233	BOOT:0x2c56d8	BOOT_CSTR	BOOT.BIN	0x2c56d8	<ruby旋掌撃|せんしょうげき>	3c7275627990f98fb68c827c82b982f182b582e582a482b082ab3e		<ruby旋쓸撃|せんしょうげき>	0.100	27
C00234	BOOT:0x2c5704	BOOT_CSTR	BOOT.BIN	0x2c5704	<ruby両突撃|りょうとつげき>	3c7275627997bc93cb8c827c82e882e582a482c682c282b082ab3e		<ruby両릿撃|りょうとつげき>	0.100	27
C00235	BOOT:0x2c5730	BOOT_CSTR	BOOT.BIN	0x2c5730	<ruby掌双打|しょうそうだ>	3c727562798fb6916f91c57c82b582e582a482bb82a482be3e		<ruby쓸비打|しょうそうだ>	0.222	25
C00236	BOOT:0x2c575c	BOOT_CSTR	BOOT.BIN	0x2c575c	<ruby旋掌連舞|せんしょうれんぶ>	3c7275627990f98fb6984195917c82b982f182b582e582a482ea82f182d43e		<ruby旋쓸連舞|せんしょうれんぶ>	0.083	31
C00237	BOOT:0x2c579c	BOOT_CSTR	BOOT.BIN	0x2c579c	<ruby天掌|てんしょう>	3c7275627993568fb67c82c482f182b582e582a43e		<ruby天쓸|てんしょう>	0.143	21
C00238	BOOT:0x2c57d4	BOOT_CSTR	BOOT.BIN	0x2c57d4	<ruby旋落掌|せんらくしょう>	3c7275627990f9978e8fb67c82b982f182e782ad82b582e582a43e		<ruby旋落쓸|せんらくしょう>	0.100	27
C00239	BOOT:0x2c5810	BOOT_CSTR	BOOT.BIN	0x2c5810	<ruby旋通背掌|せんつうはいしょう>	3c7275627990f992ca94778fb67c82b982f182c282a482cd82a282b582e582a43e		<ruby旋通背쓸|せんつうはいしょう>	0.077	33
C00240	BOOT:0x2c5854	BOOT_CSTR	BOOT.BIN	0x2c5854	<ruby旋膝撃|せんしつげき>	3c7275627990f995478c827c82b982f182b582c282b082ab3e		<ruby旋膝撃|せんしつげき>	0.000	25
C00241	BOOT:0x2c5890	BOOT_CSTR	BOOT.BIN	0x2c5890	<ruby跳昇突|ちょうしょうとつ>	3c7275627992b58fb893cb7c82bf82e582a482b582e582a482c682c23e		<ruby跳쓴릿|ちょうしょうとつ>	0.182	29
C00242	BOOT:0x2c58d0	BOOT_CSTR	BOOT.BIN	0x2c58d0	<ruby踏空脚|しゅうくうきゃく>	3c7275627993a58bf38b727c82b582e382a482ad82a482ab82e182ad3e		<ruby踏찬脚|しゅうくうきゃく>	0.091	29
C00243	BOOT:0x2c5910	BOOT_CSTR	BOOT.BIN	0x2c5910	<ruby転背掌|てんはいしょう>	3c72756279935d94778fb67c82c482f182cd82a282b582e582a43e		<ruby転背쓸|てんはいしょう>	0.100	27
C00244	BOOT:0x2c594c	BOOT_CSTR	BOOT.BIN	0x2c594c	<ruby双掌空撃|そうしょうくうげき>	3c72756279916f8fb68bf38c827c82bb82a482b582e582a482ad82a482b082ab3e		<ruby비쓸찬撃|そうしょうくうげき>	0.231	33
C00245	BOOT:0x2c5a54	BOOT_CSTR	BOOT.BIN	0x2c5a54	ヒナタ	83718369835e		ヒナタ	0.000	6
C00246	BOOT:0x2c629c	BOOT_CSTR	BOOT.BIN	0x2c629c	<ruby忍具|にんぐ><ruby口寄|くちよ>せ	3c7275627994458bef7c82c982f182ae3e3c727562798cfb8af17c82ad82bf82e63e82b9		<ruby忍찰|にんぐ><ruby口寄|くちよ>せ	0.091	36
C00247	BOOT:0x2c62e4	BOOT_CSTR	BOOT.BIN	0x2c62e4	<ruby神楽手裏剣|かぐらしゅりけん>	3c72756279905f8a798ee897a08c957c82a982ae82e782b582e382e882af82f13e		<ruby神험엥裏剣|かぐらしゅりけん>	0.154	33
C00248	BOOT:0x2c6348	BOOT_CSTR	BOOT.BIN	0x2c6348	<ruby暗器術|あんきじゅつ>　<ruby翔斬|しょうざん>	3c7275627988c38aed8f707c82a082f182ab82b682e382c23e81403c72756279e3c48e617c82b582e582a482b482f13e		<ruby暗통術|あんきじゅつ>　<ruby翔斬|しょうざん>	0.059	48
C00249	BOOT:0x2c638c	BOOT_CSTR	BOOT.BIN	0x2c638c	<ruby暗器術|あんきじゅつ>　<ruby通弾|つうだん>	3c7275627988c38aed8f707c82a082f182ab82b682e382c23e81403c7275627992ca92657c82c282a482be82f13e		<ruby暗통術|あんきじゅつ>　<ruby通弾|つうだん>	0.062	46
C00250	BOOT:0x2c63cc	BOOT_CSTR	BOOT.BIN	0x2c63cc	<ruby暗器術|あんきじゅつ>　<ruby衝鋼|しょうこう>	3c7275627988c38aed8f707c82a082f182ab82b682e382c23e81403c727562798fd58d7c7c82b582e582a482b182a43e		<ruby暗통術|あんきじゅつ>　<ruby衝鋼|しょうこう>	0.059	48
C00251	BOOT:0x2c6410	BOOT_CSTR	BOOT.BIN	0x2c6410	<ruby暗器術|あんきじゅつ>　<ruby荊|いばら>	3c7275627988c38aed8f707c82a082f182ab82b682e382c23e81403c727562798c747c82a282ce82e73e		<ruby暗통術|あんきじゅつ>　<ruby荊|いばら>	0.071	42
C00252	BOOT:0x2c645c	BOOT_CSTR	BOOT.BIN	0x2c645c	<ruby暗器術|あんきじゅつ>　<ruby飛翔|ひしょう>	3c7275627988c38aed8f707c82a082f182ab82b682e382c23e81403c7275627994f2e3c47c82d082b582e582a43e		<ruby暗통術|あんきじゅつ>　<ruby飛翔|ひしょう>	0.062	46
C00253	BOOT:0x2c64ac	BOOT_CSTR	BOOT.BIN	0x2c64ac	<ruby降砕脚|こうさいきゃく>	3c727562798d7e8dd38b727c82b182a482b382a282ab82e182ad3e		<ruby降砕脚|こうさいきゃく>	0.000	27
C00254	BOOT:0x2c64e8	BOOT_CSTR	BOOT.BIN	0x2c64e8	<ruby暗器術|あんきじゅつ>　<ruby斬突|ざんとつ>	3c7275627988c38aed8f707c82a082f182ab82b682e382c23e81403c727562798e6193cb7c82b482f182c682c23e		<ruby暗통術|あんきじゅつ>　<ruby斬릿|ざんとつ>	0.125	46
C00255	BOOT:0x2c6538	BOOT_CSTR	BOOT.BIN	0x2c6538	<ruby延髄撃|えんずいげき>	3c72756279898490918c827c82a682f182b882a282b082ab3e		<ruby延髄撃|えんずいげき>	0.000	25
C00256	BOOT:0x2c6584	BOOT_CSTR	BOOT.BIN	0x2c6584	<ruby暗器術|あんきじゅつ>　<ruby斬空|ざんくう>	3c7275627988c38aed8f707c82a082f182ab82b682e382c23e81403c727562798e618bf37c82b482f182ad82a43e		<ruby暗통術|あんきじゅつ>　<ruby斬찬|ざんくう>	0.125	46
C00257	BOOT:0x2c65e4	BOOT_CSTR	BOOT.BIN	0x2c65e4	<ruby暗器術|あんきじゅつ>　<ruby鋼振|こうしん>	3c7275627988c38aed8f707c82a082f182ab82b682e382c23e81403c727562798d7c90557c82b182a482b582f13e		<ruby暗통術|あんきじゅつ>　<ruby鋼振|こうしん>	0.062	46
C00258	BOOT:0x2c6634	BOOT_CSTR	BOOT.BIN	0x2c6634	<ruby暗器術|あんきじゅつ>　<ruby風縛|ふうばく>	3c7275627988c38aed8f707c82a082f182ab82b682e382c23e81403c727562799597949b7c82d382a482ce82ad3e		<ruby暗통術|あんきじゅつ>　<ruby風縛|ふうばく>	0.062	46
C00259	BOOT:0x2c6694	BOOT_CSTR	BOOT.BIN	0x2c6694	<ruby暗器術|あんきじゅつ>　<ruby直鋼|ちょっこう>	3c7275627988c38aed8f707c82a082f182ab82b682e382c23e81403c7275627992bc8d7c7c82bf82e582c182b182a43e		<ruby暗통術|あんきじゅつ>　<ruby直鋼|ちょっこう>	0.059	48
C00260	BOOT:0x2c67a8	BOOT_CSTR	BOOT.BIN	0x2c67a8	テンテン	8365839383658393		テンテン	0.000	8
C00261	BOOT:0x2c714c	BOOT_CSTR	BOOT.BIN	0x2c714c	<ruby肉弾戦車|にくだんせんしゃ>	3c7275627993f7926590ed8ed47c82c982ad82be82f182b982f182b582e13e		<ruby른弾戦옛|にくだんせんしゃ>	0.167	31
C00262	BOOT:0x2c718c	BOOT_CSTR	BOOT.BIN	0x2c718c	<ruby肉弾針戦車|にくだんはりせんしゃ>	3c7275627993f79265906a90ed8ed47c82c982ad82be82f182cd82e882b982f182b582e13e		<ruby른弾針戦옛|にくだんはりせんしゃ>	0.133	37
C00263	BOOT:0x2c71e4	BOOT_CSTR	BOOT.BIN	0x2c71e4	ちゃぶ<ruby台|だい>がえし	82bf82e182d43c7275627991e47c82be82a23e82aa82a682b5		ちゃぶ<ruby台|だい>がえし	0.000	25
C00264	BOOT:0x2c7210	BOOT_CSTR	BOOT.BIN	0x2c7210	<ruby俵崩|たわらくず>し	3c72756279955595f67c82bd82ed82e782ad82b83e82b5		<ruby俵崩|たわらくず>し	0.000	23
C00265	BOOT:0x2c7238	BOOT_CSTR	BOOT.BIN	0x2c7238	たらい<ruby落|お>とし	82bd82e782a23c72756279978e7c82a83e82c682b5		たらい<ruby落|お>とし	0.000	21
C00266	BOOT:0x2c7260	BOOT_CSTR	BOOT.BIN	0x2c7260	<ruby餅突|もちつ>き	3c7275627996dd93cb7c82e082bf82c23e82ab		<ruby냈릿|もちつ>き	0.333	19
C00267	BOOT:0x2c7294	BOOT_CSTR	BOOT.BIN	0x2c7294	<ruby肉弾子|にくだんご>	3c7275627993f792658e717c82c982ad82be82f182b23e		<ruby른弾유|にくだんご>	0.250	23
C00268	BOOT:0x2c72cc	BOOT_CSTR	BOOT.BIN	0x2c72cc	<ruby浮来|ふらい>	3c72756279958297887c82d382e782a23e		<ruby浮껏|ふらい>	0.200	17
C00269	BOOT:0x2c7300	BOOT_CSTR	BOOT.BIN	0x2c7300	<ruby空揚|からあげ>	3c727562798bf397677c82a982e782a082b03e		<ruby찬揚|からあげ>	0.167	19
C00270	BOOT:0x2c7334	BOOT_CSTR	BOOT.BIN	0x2c7334	<ruby天怖羅|てんぷら>	3c727562799356957c97857c82c482f182d582e73e		<ruby天怖羅|てんぷら>	0.000	21
C00271	BOOT:0x2c736c	BOOT_CSTR	BOOT.BIN	0x2c736c	<ruby遁足|とんそく>	3c7275627993d991ab7c82c682f182bb82ad3e		<ruby리병|とんそく>	0.333	19
C00272	BOOT:0x2c73a0	BOOT_CSTR	BOOT.BIN	0x2c73a0	<ruby大棍|だいこん>	3c7275627991e59e9e7c82be82a282b182f13e		<ruby大棍|だいこん>	0.000	19
C00273	BOOT:0x2c73d4	BOOT_CSTR	BOOT.BIN	0x2c73d4	<ruby落下星|らっかせい>	3c72756279978e89ba90af7c82e782c182a982b982a23e		<ruby落下석|らっかせい>	0.125	23
C00274	BOOT:0x2c740c	BOOT_CSTR	BOOT.BIN	0x2c740c	<ruby海老転|えびてん>	3c727562798a439856935d7c82a682d182c482f13e		<ruby海老転|えびてん>	0.000	21
C00275	BOOT:0x2c74d4	BOOT_CSTR	BOOT.BIN	0x2c74d4	いの	82a282cc		いの	0.000	4
C00276	BOOT:0x2c74fc	BOOT_CSTR	BOOT.BIN	0x2c74fc	超倍化の術	92b4947b89bb82cc8f70		超倍한の術	0.200	10
C00277	BOOT:0x2c7d64	BOOT_CSTR	BOOT.BIN	0x2c7d64	１６<ruby連|れん>コンボ	825082553c7275627998417c82ea82f13e83528393837b		１６<ruby連|れん>コンボ	0.000	23
C00278	BOOT:0x2c7d9c	BOOT_CSTR	BOOT.BIN	0x2c7d9c	<ruby忍花鳥兜|しのびばなとりかぶと>	3c72756279944589d492b98a957c82b582cc82d182ce82c882c682e882a982d482c63e		<ruby忍흔鳥행|しのびばなとりかぶと>	0.143	35
C00279	BOOT:0x2c7df0	BOOT_CSTR	BOOT.BIN	0x2c7df0	<ruby風|かぜ>に<ruby舞|ま>うカトレア	3c7275627995977c82a982ba3e82c93c7275627995917c82dc3e82a4834a8367838c8341		<ruby風|かぜ>に<ruby舞|ま>うカトレア	0.000	36
C00280	BOOT:0x2c7e28	BOOT_CSTR	BOOT.BIN	0x2c7e28	ユーカリの<ruby風|かぜ>	8386815b834a838a82cc3c7275627995977c82a982ba3e		ユーカリの<ruby風|かぜ>	0.000	23
C00281	BOOT:0x2c7e50	BOOT_CSTR	BOOT.BIN	0x2c7e50	アマリリスの<ruby踊|おど>り	8341837d838a838a835882cc3c7275627997787c82a882c73e82e8		アマリリスの<ruby踊|おど>り	0.000	27
C00282	BOOT:0x2c7e8c	BOOT_CSTR	BOOT.BIN	0x2c7e8c	アキレアのステップ	8341834c838c834182cc8358836583628376		アキレアのステップ	0.000	18
C00283	BOOT:0x2c7ec0	BOOT_CSTR	BOOT.BIN	0x2c7ec0	ホウセンカの<ruby拒絶|きょぜつ>	837a8345835a8393834a82cc3c727562798b9190e27c82ab82e582ba82c23e		ホウセンカの<ruby拒絶|きょぜつ>	0.000	31
C00284	BOOT:0x2c7ef0	BOOT_CSTR	BOOT.BIN	0x2c7ef0	リアトリスの<ruby想|おも>い	838a83418367838a835882cc3c72756279917a7c82a882e03e82a2		リアトリスの<ruby想|おも>い	0.000	27
C00285	BOOT:0x2c7f2c	BOOT_CSTR	BOOT.BIN	0x2c7f2c	<ruby踊|おどる>るヒメユリ	3c7275627997787c82a882c782e93e82e9837183818386838a		<ruby踊|おどる>るヒメユリ	0.000	25
C00286	BOOT:0x2c7f68	BOOT_CSTR	BOOT.BIN	0x2c7f68	バラの<ruby一撃|いちげき>	836f838982cc3c7275627988ea8c827c82a282bf82b082ab3e		バラの<ruby一撃|いちげき>	0.000	25
C00287	BOOT:0x2c7fa4	BOOT_CSTR	BOOT.BIN	0x2c7fa4	クローバーの<ruby約束|やくそく>	834e838d815b836f815b82cc3c7275627996f191a97c82e282ad82bb82ad3e		クローバーの<ruby난束|やくそく>	0.083	31
C00288	BOOT:0x2c7ff4	BOOT_CSTR	BOOT.BIN	0x2c7ff4	カスミソウの<ruby飛翔|ひしょう>	834a8358837e835c834582cc3c7275627994f2e3c47c82d082b582e582a43e		カスミソウの<ruby飛翔|ひしょう>	0.000	31
C00289	BOOT:0x2c8044	BOOT_CSTR	BOOT.BIN	0x2c8044	<ruby悲|かな>しみのキンセンカ	3c7275627994df7c82a982c83e82b582dd82cc834c8393835a8393834a		<ruby락|かな>しみのキンセンカ	0.091	29
C00290	BOOT:0x2c8084	BOOT_CSTR	BOOT.BIN	0x2c8084	シクラメンの<ruby香|かお>り	8356834e83898381839382cc3c727562798d817c82a982a83e82e8		シクラメンの<ruby香|かお>り	0.000	27
C00291	BOOT:0x2c80d0	BOOT_CSTR	BOOT.BIN	0x2c80d0	<ruby風|かぜ>に<ruby乗|の>るネリネ	3c7275627995977c82a982ba3e82c93c727562798fe67c82cc3e82e9836c838a836c		<ruby風|かぜ>に<ruby숴|の>るネリネ	0.100	34
C00292	BOOT:0x2c8ac0	BOOT_CSTR	BOOT.BIN	0x2c8ac0	ダイナミックマーキング	835f83438369837e8362834e837d815b834c8393834f		ダイナミックマーキング	0.000	22
C00293	BOOT:0x2c8af8	BOOT_CSTR	BOOT.BIN	0x2c8af8	<ruby獣人分身|じゅうじんぶんしん>	3c727562798f62906c95aa90677c82b682e382a482b682f182d482f182b582f13e		<ruby獣人分身|じゅうじんぶんしん>	0.000	33
C00294	BOOT:0x2c8b5c	BOOT_CSTR	BOOT.BIN	0x2c8b5c	<ruby翔牙|しょうが>	3c72756279e3c489e57c82b582e582a482aa3e		<ruby翔牙|しょうが>	0.000	19
C00295	BOOT:0x2c8b80	BOOT_CSTR	BOOT.BIN	0x2c8b80	<ruby連爪|れんそう>	3c72756279984192dc7c82ea82f182bb82a43e		<ruby連爪|れんそう>	0.000	19
C00296	BOOT:0x2c8ba4	BOOT_CSTR	BOOT.BIN	0x2c8ba4	<ruby疾脚|しっきゃく>	3c727562798ebe8b727c82b582c182ab82e182ad3e		<ruby疾脚|しっきゃく>	0.000	21
C00297	BOOT:0x2c8bcc	BOOT_CSTR	BOOT.BIN	0x2c8bcc	<ruby赤丸連撃|あかまるれんげき>	3c7275627990d48adb98418c827c82a082a982dc82e982ea82f182b082ab3e		<ruby赤丸連撃|あかまるれんげき>	0.000	31
C00298	BOOT:0x2c8c0c	BOOT_CSTR	BOOT.BIN	0x2c8c0c	<ruby疾爪|しっそう>	3c727562798ebe92dc7c82b582c182bb82a43e		<ruby疾爪|しっそう>	0.000	19
C00299	BOOT:0x2c8c40	BOOT_CSTR	BOOT.BIN	0x2c8c40	<ruby爪牙|そうが>	3c7275627992dc89e57c82bb82a482aa3e		<ruby爪牙|そうが>	0.000	17
C00300	BOOT:0x2c8c74	BOOT_CSTR	BOOT.BIN	0x2c8c74	<ruby獣電|じゅうでん>	3c727562798f6293647c82b682e382a482c582f13e		<ruby獣電|じゅうでん>	0.000	21
C00301	BOOT:0x2c8cac	BOOT_CSTR	BOOT.BIN	0x2c8cac	<ruby昇双脚|しょうそうきゃく>	3c727562798fb8916f8b727c82b582e582a482bb82a482ab82e182ad3e		<ruby쓴비脚|しょうそうきゃく>	0.182	29
C00302	BOOT:0x2c8cfc	BOOT_CSTR	BOOT.BIN	0x2c8cfc	<ruby天裂爪|てんれつそう>	3c72756279935697f492dc7c82c482f182ea82c282bb82a43e		<ruby天곤爪|てんれつそう>	0.111	25
C00303	BOOT:0x2c8d48	BOOT_CSTR	BOOT.BIN	0x2c8d48	<ruby戯獣脚|ぎじゅうきゃく>	3c727562798b598f628b727c82ac82b682e382a482ab82e182ad3e		<ruby탈獣脚|ぎじゅうきゃく>	0.100	27
C00304	BOOT:0x2c8d84	BOOT_CSTR	BOOT.BIN	0x2c8d84	<ruby転双脚|てんそうきゃく>	3c72756279935d916f8b727c82c482f182bb82a482ab82e182ad3e		<ruby転비脚|てんそうきゃく>	0.100	27
C00305	BOOT:0x2c8dd0	BOOT_CSTR	BOOT.BIN	0x2c8dd0	<ruby獣蹴激|じゅうそうげき>	3c727562798f628f528c837c82b682e382a482bb82a482b082ab3e		<ruby獣蹴激|じゅうそうげき>	0.000	27
C00306	BOOT:0x2c8eac	BOOT_CSTR	BOOT.BIN	0x2c8eac	シノ	8356836d		シノ	0.000	4
C00307	BOOT:0x2c8ecc	BOOT_CSTR	BOOT.BIN	0x2c8ecc	キバ	834c836f		キバ	0.000	4
C00308	BOOT:0x2c972c	BOOT_CSTR	BOOT.BIN	0x2c972c	<ruby蟲縛|むししば>りの<ruby術|じゅつ>	3c72756279e5b3949b7c82de82b582b582ce3e82e882cc3c727562798f707c82b682e382c23e		<ruby蟲縛|むししば>りの<ruby術|じゅつ>	0.000	38
C00309	BOOT:0x2c9774	BOOT_CSTR	BOOT.BIN	0x2c9774	<ruby蟲柱|むしばしら>の<ruby術|じゅつ>	3c72756279e5b3928c7c82de82b582ce82b582e73e82cc3c727562798f707c82b682e382c23e		<ruby蟲柱|むしばしら>の<ruby術|じゅつ>	0.000	38
C00310	BOOT:0x2c97dc	BOOT_CSTR	BOOT.BIN	0x2c97dc	<ruby旋円蟲|せんえんちゅう>	3c7275627990f9897ee5b37c82b982f182a682f182bf82e382a43e		<ruby旋円蟲|せんえんちゅう>	0.000	27
C00311	BOOT:0x2c9808	BOOT_CSTR	BOOT.BIN	0x2c9808	<ruby衝突蟲|しょうとつちゅう>	3c727562798fd593cbe5b37c82b582e582a482c682c282bf82e382a43e		<ruby衝릿蟲|しょうとつちゅう>	0.091	29
C00312	BOOT:0x2c9838	BOOT_CSTR	BOOT.BIN	0x2c9838	<ruby蟲旋脚|ちゅうせんきゃく>	3c72756279e5b390f98b727c82bf82e382a482b982f182ab82e182ad3e		<ruby蟲旋脚|ちゅうせんきゃく>	0.000	29
C00313	BOOT:0x2c9868	BOOT_CSTR	BOOT.BIN	0x2c9868	<ruby蟲波拳|ちゅうはけん>	3c72756279e5b394678c9d7c82bf82e382a482cd82af82f13e		<ruby蟲波拳|ちゅうはけん>	0.000	25
C00314	BOOT:0x2c98a4	BOOT_CSTR	BOOT.BIN	0x2c98a4	<ruby天蟲殺|てんちゅうさつ>	3c727562799356e5b38e457c82c482f182bf82e382a482b382c23e		<ruby天蟲殺|てんちゅうさつ>	0.000	27
C00315	BOOT:0x2c98e0	BOOT_CSTR	BOOT.BIN	0x2c98e0	<ruby這面蟲|はいめんちゅう>	3c72756279948796cae5b37c82cd82a282df82f182bf82e382a43e		<ruby這面蟲|はいめんちゅう>	0.000	27
C00316	BOOT:0x2c991c	BOOT_CSTR	BOOT.BIN	0x2c991c	<ruby蟲拳打|ちゅうけんだ>	3c72756279e5b38c9d91c57c82bf82e382a482af82f182be3e		<ruby蟲拳打|ちゅうけんだ>	0.000	25
C00317	BOOT:0x2c9958	BOOT_CSTR	BOOT.BIN	0x2c9958	<ruby瞬蟲撃|しゅんちゅうげき>	3c727562798f75e5b38c827c82b582e382f182bf82e382a482b082ab3e		<ruby瞬蟲撃|しゅんちゅうげき>	0.000	29
C00318	BOOT:0x2c99a8	BOOT_CSTR	BOOT.BIN	0x2c99a8	<ruby天翔蟲|てんしょうちゅう>	3c727562799356e3c4e5b37c82c482f182b582e582a482bf82e382a43e		<ruby天翔蟲|てんしょうちゅう>	0.000	29
C00319	BOOT:0x2c99f8	BOOT_CSTR	BOOT.BIN	0x2c99f8	<ruby蟲降脚|ちゅうこうきゃく>	3c72756279e5b38d7e8b727c82bf82e382a482b182a482ab82e182ad3e		<ruby蟲降脚|ちゅうこうきゃく>	0.000	29
C00320	BOOT:0x2c9a38	BOOT_CSTR	BOOT.BIN	0x2c9a38	<ruby襲降蟲|しゅうこうちゅう>	3c727562798f508d7ee5b37c82b582e382a482b182a482bf82e382a43e		<ruby襲降蟲|しゅうこうちゅう>	0.000	29
C00321	BOOT:0x2c9a88	BOOT_CSTR	BOOT.BIN	0x2c9a88	<ruby震振蟲|しんしんちゅう>	3c72756279906b9055e5b37c82b582f182b582f182bf82e382a43e		<ruby震振蟲|しんしんちゅう>	0.000	27
C00322	BOOT:0x2ca67c	BOOT_CSTR	BOOT.BIN	0x2ca67c	<ruby傀儡|くぐつ>　<ruby卍砲|まんじほう>	3c7275627998f899537c82ad82ae82c23e81403c7275627999c296437c82dc82f182b682d982a43e		<ruby傀儡|くぐつ>　<ruby卍砲|まんじほう>	0.000	40
C00323	BOOT:0x2ca6c8	BOOT_CSTR	BOOT.BIN	0x2ca6c8	<ruby傀儡|くぐつ>　<ruby闇縛|やみしばり>	3c7275627998f899537c82ad82ae82c23e81403c7275627988c5949b7c82e282dd82b582ce82e83e		<ruby傀儡|くぐつ>　<ruby闇縛|やみしばり>	0.000	40
C00324	BOOT:0x2ca724	BOOT_CSTR	BOOT.BIN	0x2ca724	<ruby傀儡|くぐつ>　<ruby風穴|かざあな>	3c7275627998f899537c82ad82ae82c23e81403c7275627995978c8a7c82a982b482a082c83e		<ruby傀儡|くぐつ>　<ruby風穴|かざあな>	0.000	38
C00325	BOOT:0x2ca75c	BOOT_CSTR	BOOT.BIN	0x2ca75c	<ruby傀儡|くぐつ>　<ruby噴弾|ふんだん>	3c7275627998f899537c82ad82ae82c23e81403c7275627995ac92657c82d382f182be82f13e		<ruby傀儡|くぐつ>　<ruby둑弾|ふんだん>	0.083	38
C00326	BOOT:0x2ca794	BOOT_CSTR	BOOT.BIN	0x2ca794	<ruby傀儡|くぐつ>　<ruby朧独楽|おぼろごま>	3c7275627998f899537c82ad82ae82c23e81403c727562799e4f93c68a797c82a882da82eb82b282dc3e		<ruby傀儡|くぐつ>　<ruby朧만험|おぼろごま>	0.143	42
C00327	BOOT:0x2ca7e0	BOOT_CSTR	BOOT.BIN	0x2ca7e0	<ruby傀儡|くぐつ>　<ruby懺悔|ざんげ>	3c7275627998f899537c82ad82ae82c23e81403c727562799cf089f77c82b482f182b03e		<ruby傀儡|くぐつ>　<ruby懺혹|ざんげ>	0.091	36
C00328	BOOT:0x2ca828	BOOT_CSTR	BOOT.BIN	0x2ca828	<ruby傀儡|くぐつ>　<ruby霞独楽|かすみごま>	3c7275627998f899537c82ad82ae82c23e81403c7275627989e093c68a797c82a982b782dd82b282dc3e		<ruby傀儡|くぐつ>　<ruby霞만험|かすみごま>	0.143	42
C00329	BOOT:0x2ca874	BOOT_CSTR	BOOT.BIN	0x2ca874	<ruby傀儡|くぐつ>　<ruby裁|さばき>	3c7275627998f899537c82ad82ae82c23e81403c727562798dd97c82b382ce82ab3e		<ruby傀儡|くぐつ>　<ruby裁|さばき>	0.000	34
C00330	BOOT:0x2ca8a8	BOOT_CSTR	BOOT.BIN	0x2ca8a8	<ruby傀儡|くぐつ>　<ruby流刃|りゅうじん>	3c7275627998f899537c82ad82ae82c23e81403c7275627997ac906e7c82e882e382a482b682f13e		<ruby傀儡|くぐつ>　<ruby김刃|りゅうじん>	0.077	40
C00331	BOOT:0x2ca8f4	BOOT_CSTR	BOOT.BIN	0x2ca8f4	<ruby傀儡|くぐつ>　<ruby逆手車|さかてぐるま>	3c7275627998f899537c82ad82ae82c23e81403c727562798b748ee88ed47c82b382a982c482ae82e982dc3e		<ruby傀儡|くぐつ>　<ruby逆엥옛|さかてぐるま>	0.133	44
C00332	BOOT:0x2ca944	BOOT_CSTR	BOOT.BIN	0x2ca944	<ruby傀儡|くぐつ>　<ruby無斬|むざん>	3c7275627998f899537c82ad82ae82c23e81403c7275627996b38e617c82de82b482f13e		<ruby傀儡|くぐつ>　<ruby無斬|むざん>	0.000	36
C00333	BOOT:0x2ca97c	BOOT_CSTR	BOOT.BIN	0x2ca97c	<ruby傀儡|くぐつ>　<ruby堕羅繰|だらくり>	3c7275627998f899537c82ad82ae82c23e81403c7275627991c297858c4a7c82be82e782ad82e83e		<ruby傀儡|くぐつ>　<ruby堕羅繰|だらくり>	0.000	40
C00334	BOOT:0x2ca9c8	BOOT_CSTR	BOOT.BIN	0x2ca9c8	<ruby傀儡|くぐつ>　<ruby逆手飛車|さかてびしゃ>	3c7275627998f899537c82ad82ae82c23e81403c727562798b748ee894f28ed47c82b382a982c482d182b582e13e		<ruby傀儡|くぐつ>　<ruby逆엥飛옛|さかてびしゃ>	0.125	46
C00335	BOOT:0x2caa18	BOOT_CSTR	BOOT.BIN	0x2caa18	<ruby傀儡|くぐつ>　<ruby双哭|そうこく>	3c7275627998f899537c82ad82ae82c23e81403c72756279916f9a4c7c82bb82a482b182ad3e		<ruby傀儡|くぐつ>　<ruby비哭|そうこく>	0.083	38
C00336	BOOT:0x2caaf0	BOOT_CSTR	BOOT.BIN	0x2caaf0	テマリ	8365837d838a		テマリ	0.000	6
C00337	BOOT:0x2cab08	BOOT_CSTR	BOOT.BIN	0x2cab08	<ruby我愛羅|ガアラ>	3c7275627989e488a497857c834b834183893e		<ruby我愛羅|ガアラ>	0.000	19
C00338	BOOT:0x2cab2c	BOOT_CSTR	BOOT.BIN	0x2cab2c	<ruby傀儡|くぐつ>の<ruby術|じゅつ>	3c7275627998f899537c82ad82ae82c23e82cc3c727562798f707c82b682e382c23e		<ruby傀儡|くぐつ>の<ruby術|じゅつ>	0.000	34
C00339	BOOT:0x2cab50	BOOT_CSTR	BOOT.BIN	0x2cab50	カンクロウ	834a8393834e838d8345		カンクロウ	0.000	10
C00340	BOOT:0x2cb608	BOOT_CSTR	BOOT.BIN	0x2cb608	<ruby扇風轟壁|せんぷうごうへき>	3c7275627990ee95978d8c95c77c82b982f182d582a482b282a482d682ab3e		<ruby뿐風轟壁|せんぷうごうへき>	0.083	31
C00341	BOOT:0x2cb648	BOOT_CSTR	BOOT.BIN	0x2cb648	カマイタチの<ruby術|じゅつ>	834a837d8343835e836082cc3c727562798f707c82b682e382c23e		カマイタチの<ruby術|じゅつ>	0.000	27
C00342	BOOT:0x2cb694	BOOT_CSTR	BOOT.BIN	0x2cb694	<ruby風神|ふうじん>の<ruby舞|まい>	3c727562799597905f7c82d382a482b682f13e82cc3c7275627995917c82dc82a23e		<ruby風神|ふうじん>の<ruby舞|まい>	0.000	34
C00343	BOOT:0x2cb6c8	BOOT_CSTR	BOOT.BIN	0x2cb6c8	<ruby扇旋風|せんせんぷう>	3c7275627990ee90f995977c82b982f182b982f182d582a43e		<ruby뿐旋風|せんせんぷう>	0.111	25
C00344	BOOT:0x2cb6f4	BOOT_CSTR	BOOT.BIN	0x2cb6f4	<ruby地龍|ちりゅう>の<ruby息|いき>	3c72756279926e97b47c82bf82e882e382a43e82cc3c7275627991a77c82a282ab3e		<ruby地龍|ちりゅう>の<ruby복|いき>	0.100	34
C00345	BOOT:0x2cb728	BOOT_CSTR	BOOT.BIN	0x2cb728	<ruby回扇刃|かいせんじん>	3c7275627989f190ee906e7c82a982a282b982f182b682f13e		<ruby回뿐刃|かいせんじん>	0.111	25
C00346	BOOT:0x2cb764	BOOT_CSTR	BOOT.BIN	0x2cb764	<ruby暴風昇壁|ぼうふうしょうへき>	3c72756279965c95978fb895c77c82da82a482d382a482b582e582a482d682ab3e		<ruby暴風쓴壁|ぼうふうしょうへき>	0.077	33
C00347	BOOT:0x2cb7a8	BOOT_CSTR	BOOT.BIN	0x2cb7a8	<ruby斧扇降|ふせんこう>	3c72756279958090ee8d7e7c82d382b982f182b182a43e		<ruby斧뿐降|ふせんこう>	0.125	23
C00348	BOOT:0x2cb7d0	BOOT_CSTR	BOOT.BIN	0x2cb7d0	<ruby疾風刃|しっぷうじん>	3c727562798ebe9597906e7c82b582c182d582a482b682f13e		<ruby疾風刃|しっぷうじん>	0.000	25
C00349	BOOT:0x2cb80c	BOOT_CSTR	BOOT.BIN	0x2cb80c	<ruby夢扇舞|むせんまい>	3c7275627996b290ee95917c82de82b982f182dc82a23e		<ruby夢뿐舞|むせんまい>	0.125	23
C00350	BOOT:0x2cb854	BOOT_CSTR	BOOT.BIN	0x2cb854	<ruby転身扇刃|てんしんせんじん>	3c72756279935d906790ee906e7c82c482f182b582f182b982f182b682f13e		<ruby転身뿐刃|てんしんせんじん>	0.083	31
C00351	BOOT:0x2cb8a4	BOOT_CSTR	BOOT.BIN	0x2cb8a4	<ruby斧扇兜割|ふせんとうかつ>	3c72756279958090ee8a958a847c82d382b982f182c682a482a982c23e		<ruby斧뿐행割|ふせんとうかつ>	0.182	29
C00352	BOOT:0x2cb8e4	BOOT_CSTR	BOOT.BIN	0x2cb8e4	<ruby幻扇舞|げんせんまい>	3c727562798cb690ee95917c82b082f182b982f182dc82a23e		<ruby幻뿐舞|げんせんまい>	0.111	25
C00353	BOOT:0x2cb930	BOOT_CSTR	BOOT.BIN	0x2cb930	<ruby扇一閃　|おおぎいっせん>	3c7275627990ee88ea914d81407c82a882a882ac82a282c182b982f13e		<ruby뿐一閃　|おおぎいっせん>	0.091	29
C00354	BOOT:0x2cc1dc	BOOT_CSTR	BOOT.BIN	0x2cc1dc	ダイナミックエントリー	835f83438369837e8362834e834783938367838a815b		ダイナミックエントリー	0.000	22
C00355	BOOT:0x2cc214	BOOT_CSTR	BOOT.BIN	0x2cc214	<ruby表蓮華|おもてれんげ>	3c72756279955c984089d87c82a882e082c482ea82f182b03e		<ruby表蓮휩|おもてれんげ>	0.111	25
C00356	BOOT:0x2cc270	BOOT_CSTR	BOOT.BIN	0x2cc270	<ruby昇天|しょうてん>アッパー	3c727562798fb893567c82b582e582a482c482f13e834183628370815b		<ruby쓴天|しょうてん>アッパー	0.091	29
C00357	BOOT:0x2cc2a0	BOOT_CSTR	BOOT.BIN	0x2cc2a0	<ruby熱血|ねっけつ>ストレート	3c72756279944d8c8c7c82cb82c182af82c23e83588367838c815b8367		<ruby熱血|ねっけつ>ストレート	0.000	29
C00358	BOOT:0x2cc2d0	BOOT_CSTR	BOOT.BIN	0x2cc2d0	<ruby鋼鉄|こうてつ>キック	3c727562798d7c93537c82b182a482c482c23e834c8362834e		<ruby鋼鉄|こうてつ>キック	0.000	25
C00359	BOOT:0x2cc2fc	BOOT_CSTR	BOOT.BIN	0x2cc2fc	<ruby入魂|にゅうこん>ボディーブロー	3c7275627993fc8db07c82c982e382a482b182f13e837b83668342815b8375838d815b		<ruby르魂|にゅうこん>ボディーブロー	0.071	35
C00360	BOOT:0x2cc340	BOOT_CSTR	BOOT.BIN	0x2cc340	<ruby昇天|しょうてん>キック	3c727562798fb893567c82b582e582a482c482f13e834c8362834e		<ruby쓴天|しょうてん>キック	0.100	27
C00361	BOOT:0x2cc37c	BOOT_CSTR	BOOT.BIN	0x2cc37c	<ruby鋼鉄|こうてつ>チョップ	3c727562798d7c93537c82b182a482c482c23e8360838783628376		<ruby鋼鉄|こうてつ>チョップ	0.000	27
C00362	BOOT:0x2cc3b8	BOOT_CSTR	BOOT.BIN	0x2cc3b8	<ruby熱血|ねっけつ>キック	3c72756279944d8c8c7c82cb82c182af82c23e834c8362834e		<ruby熱血|ねっけつ>キック	0.000	25
C00363	BOOT:0x2cc3f4	BOOT_CSTR	BOOT.BIN	0x2cc3f4	<ruby一本足打法|いっぽんあしだほう>	3c7275627988ea967b91ab91c596407c82a282c182db82f182a082b582be82d982a43e		<ruby一本병打法|いっぽんあしだほう>	0.071	35
C00364	BOOT:0x2cc448	BOOT_CSTR	BOOT.BIN	0x2cc448	ローリング・シュート	838d815b838a8393834f814583568385815b8367		ローリング・シュート	0.000	20
C00365	BOOT:0x2cc490	BOOT_CSTR	BOOT.BIN	0x2cc490	バーニング・ビート	836f815b836a8393834f81458372815b8367		バーニング・ビート	0.000	18
C00366	BOOT:0x2cc4c4	BOOT_CSTR	BOOT.BIN	0x2cc4c4	ローリング・スロー	838d815b838a8393834f81458358838d815b		ローリング・スロー	0.000	18
C00367	BOOT:0x2cc508	BOOT_CSTR	BOOT.BIN	0x2cc508	グレイティスト・ヒット	834f838c834383658342835883678145837183628367		グレイティスト・ヒット	0.000	22
C00368	BOOT:0x2cc5e0	BOOT_CSTR	BOOT.BIN	0x2cc5e0	ガイ<ruby流体術|りゅうたいじゅつ>	834b83433c7275627997ac91cc8f707c82e882e382a482bd82a282b682e382c23e		ガイ<ruby김体術|りゅうたいじゅつ>	0.077	33
C00369	BOOT:0x2cc620	BOOT_CSTR	BOOT.BIN	0x2cc620	ガイ	834b8343		ガイ	0.000	4
C00370	BOOT:0x2cce08	BOOT_CSTR	BOOT.BIN	0x2cce08	<ruby忍法|にんぽう>　<ruby針地蔵|はりじぞう>	3c72756279944596407c82c982f182db82a43e81403c72756279906a926e91a07c82cd82e882b682bc82a43e		<ruby忍法|にんぽう>　<ruby針地봉|はりじぞう>	0.067	44
C00371	BOOT:0x2cce58	BOOT_CSTR	BOOT.BIN	0x2cce58	<ruby口寄|くちよ>せ　<ruby屋台崩|やたいくず>し	3c727562798cfb8af17c82ad82bf82e63e82b981403c7275627989ae91e495f67c82e282bd82a282ad82b83e82b5		<ruby口寄|くちよ>せ　<ruby옆台崩|やたいくず>し	0.062	46
C00372	BOOT:0x2ccec8	BOOT_CSTR	BOOT.BIN	0x2ccec8	<ruby陽明閃|ようめいせん>	3c72756279977a96be914d7c82e682a482df82a282b982f13e		<ruby꼬明閃|ようめいせん>	0.111	25
C00373	BOOT:0x2ccef4	BOOT_CSTR	BOOT.BIN	0x2ccef4	<ruby螺旋掌|らせんしょう>	3c72756279978690f98fb67c82e782b982f182b582e582a43e		<ruby螺旋쓸|らせんしょう>	0.111	25
C00374	BOOT:0x2ccf20	BOOT_CSTR	BOOT.BIN	0x2ccf20	<ruby仙襲落|せんしゅうらく>	3c7275627990e58f50978e7c82b982f182b582e382a482e782ad3e		<ruby仙襲落|せんしゅうらく>	0.000	27
C00375	BOOT:0x2ccf4c	BOOT_CSTR	BOOT.BIN	0x2ccf4c	<ruby悠猛歌|ゆうもうか>	3c72756279974996d289cc7c82e482a482e082a482a93e		<ruby悠猛흩|ゆうもうか>	0.125	23
C00376	BOOT:0x2ccf84	BOOT_CSTR	BOOT.BIN	0x2ccf84	<ruby獅子舞踊|ししぶよう>	3c727562798e828e71959197787c82b582b582d482e682a43e		<ruby獅유舞踊|ししぶよう>	0.111	25
C00377	BOOT:0x2ccfc0	BOOT_CSTR	BOOT.BIN	0x2ccfc0	<ruby和風堂々|わふうどうどう>	3c727562799861959793b081587c82ed82d382a482c782a482c782a43e		<ruby和風堂々|わふうどうどう>	0.000	29
C00378	BOOT:0x2cd000	BOOT_CSTR	BOOT.BIN	0x2cd000	<ruby虜惚猛進|ろこつもうしん>	3c7275627997b88d9b96d290697c82eb82b182c282e082a482b582f13e		<ruby긍惚猛進|ろこつもうしん>	0.091	29
C00379	BOOT:0x2cd040	BOOT_CSTR	BOOT.BIN	0x2cd040	<ruby彗叩|すいこう>	3c727562799c6192407c82b782a282b182a43e		<ruby彗叩|すいこう>	0.000	19
C00380	BOOT:0x2cd084	BOOT_CSTR	BOOT.BIN	0x2cd084	<ruby筍掻突|しゅんそうとつ>	3c72756279e2a1917e93cb7c82b582e382f182bb82a482c682c23e		<ruby筍掻릿|しゅんそうとつ>	0.100	27
C00381	BOOT:0x2cd0d0	BOOT_CSTR	BOOT.BIN	0x2cd0d0	<ruby落葉槌|らくようつい>	3c72756279978e977492c67c82e782ad82e682a482c282a23e		<ruby落葉면|らくようつい>	0.111	25
C00382	BOOT:0x2cd10c	BOOT_CSTR	BOOT.BIN	0x2cd10c	<ruby雷底|らいてい>	3c72756279978b92ea7c82e782a282c482a23e		<ruby껄底|らいてい>	0.167	19
C00383	BOOT:0x2cd150	BOOT_CSTR	BOOT.BIN	0x2cd150	<ruby歳流掌|さいりゅうしょう>	3c727562798dce97ac8fb67c82b382a282e882e382a482b582e582a43e		<ruby歳김쓸|さいりゅうしょう>	0.182	29
C00384	BOOT:0x2cd230	BOOT_CSTR	BOOT.BIN	0x2cd230	<ruby黄泉沼|よみぬま>	3c7275627989a990f28fc07c82e682dd82ca82dc3e		<ruby칸泉썹|よみぬま>	0.286	21
C00385	BOOT:0x2cdc40	BOOT_CSTR	BOOT.BIN	0x2cdc40	<ruby火遁|かとん>　<ruby火龍炎弾|かりゅうえんだん>	3c7275627989ce93d97c82a982c682f13e81403c7275627989ce97b4898a92657c82a982e882e382a482a682f182be82f13e		<ruby흥리|かとん>　<ruby흥龍炎弾|かりゅうえんだん>	0.167	50
C00386	BOOT:0x2cdc94	BOOT_CSTR	BOOT.BIN	0x2cdc94	<ruby土遁|どとん>　<ruby土流壁|どりゅうへき>	3c72756279937993d97c82c782c682f13e81403c72756279937997ac95c77c82c782e882e382a482d682ab3e		<ruby맨리|どとん>　<ruby맨김壁|どりゅうへき>	0.267	44
C00387	BOOT:0x2cdd04	BOOT_CSTR	BOOT.BIN	0x2cdd04	<ruby金剛術|こんごうじゅつ>　<ruby乱|みだ>れ<ruby打|う>ち	3c727562798be08d848f707c82b182f182b282a482b682e382c23e81403c7275627997907c82dd82be3e82ea3c7275627991c57c82a43e82bf		<ruby철剛術|こんごうじゅつ>　<ruby깨|みだ>れ<ruby打|う>ち	0.111	57
C00388	BOOT:0x2cdd50	BOOT_CSTR	BOOT.BIN	0x2cdd50	<ruby伸身如意|しんしんにょい>	3c72756279904c9067944088d37c82b582f182b582f182c982e582a23e		<ruby伸身如意|しんしんにょい>	0.000	29
C00389	BOOT:0x2cdd80	BOOT_CSTR	BOOT.BIN	0x2cdd80	<ruby遊猿脚|ゆうえんきゃく>	3c727562799756898e8b727c82e482a482a682f182ab82e182ad3e		<ruby꾸猿脚|ゆうえんきゃく>	0.100	27
C00390	BOOT:0x2cddac	BOOT_CSTR	BOOT.BIN	0x2cddac	<ruby旋猿脚|せんえんきゃく>	3c7275627990f9898e8b727c82b982f182a682f182ab82e182ad3e		<ruby旋猿脚|せんえんきゃく>	0.000	27
C00391	BOOT:0x2cdde8	BOOT_CSTR	BOOT.BIN	0x2cdde8	<ruby顎割|あぎとわ>り	3c727562798a7b8a847c82a082ac82c682ed3e82e8		<ruby헉割|あぎとわ>り	0.143	21
C00392	BOOT:0x2cde20	BOOT_CSTR	BOOT.BIN	0x2cde20	<ruby金剛術|こんごうじゅつ>　<ruby大地割|だいちわ>り	3c727562798be08d848f707c82b182f182b282a482b682e382c23e81403c7275627991e5926e8a847c82be82a282bf82ed3e82e8		<ruby철剛術|こんごうじゅつ>　<ruby大地割|だいちわ>り	0.053	52
C00393	BOOT:0x2cde88	BOOT_CSTR	BOOT.BIN	0x2cde88	<ruby猿王|えんおう>の<ruby牙|きば>	3c72756279898e89a47c82a682f182a882a43e82cc3c7275627989e57c82ab82ce3e		<ruby猿王|えんおう>の<ruby牙|きば>	0.000	34
C00394	BOOT:0x2cdecc	BOOT_CSTR	BOOT.BIN	0x2cdecc	<ruby金剛術|こんごうじゅつ>　<ruby一本釣|いっぽんづ>り	3c727562798be08d848f707c82b182f182b282a482b682e382c23e81403c7275627988ea967b92de7c82a282c182db82f182c33e82e8		<ruby철剛術|こんごうじゅつ>　<ruby一本멤|いっぽんづ>り	0.100	54
C00395	BOOT:0x2cdf34	BOOT_CSTR	BOOT.BIN	0x2cdf34	<ruby金剛術|こんごうじゅつ>　<ruby大打上|おおうちあ>げ	3c727562798be08d848f707c82b182f182b282a482b682e382c23e81403c7275627991e591c58fe37c82a882a882a482bf82a03e82b0		<ruby철剛術|こんごうじゅつ>　<ruby大打上|おおうちあ>げ	0.050	54
C00396	BOOT:0x2cdf9c	BOOT_CSTR	BOOT.BIN	0x2cdf9c	<ruby金剛術|こんごうじゅつ>　<ruby頭蓋砕|ずがいくだ>き	3c727562798be08d848f707c82b182f182b282a482b682e382c23e81403c7275627993aa8a578dd37c82b882aa82a282ad82be3e82ab		<ruby철剛術|こんごうじゅつ>　<ruby頭蓋砕|ずがいくだ>き	0.050	54
C00397	BOOT:0x2cdff4	BOOT_CSTR	BOOT.BIN	0x2cdff4	<ruby金剛術|こんごうじゅつ>　<ruby大打降|おおうちおろ>し	3c727562798be08d848f707c82b182f182b282a482b682e382c23e81403c7275627991e591c58d7e7c82a882a882a482bf82a882eb3e82b5		<ruby철剛術|こんごうじゅつ>　<ruby大打降|おおうちおろ>し	0.048	56
C00398	BOOT:0x2ce060	BOOT_CSTR	BOOT.BIN	0x2ce060	<ruby金剛術|こんごうじゅつ>　<ruby裏突|うらづ>き	3c727562798be08d848f707c82b182f182b282a482b682e382c23e81403c7275627997a093cb7c82a482e782c33e82ab		<ruby철剛術|こんごうじゅつ>　<ruby裏릿|うらづ>き	0.118	48
C00399	BOOT:0x2ce144	BOOT_CSTR	BOOT.BIN	0x2ce144	<ruby忍具|にんぐ><ruby操術|そうじゅつ>	3c7275627994458bef7c82c982f182ae3e3c7275627991808f707c82bb82a482b682e382c23e		<ruby忍찰|にんぐ><ruby操術|そうじゅつ>	0.083	38
C00400	BOOT:0x2cea84	BOOT_CSTR	BOOT.BIN	0x2cea84	<ruby影分身|かげぶんしん>　<ruby朧|おぼろ>	3c72756279896595aa90677c82a982b082d482f182b582f13e81403c727562799e4f7c82a882da82eb3e		<ruby影分身|かげぶんしん>　<ruby朧|おぼろ>	0.000	42
C00401	BOOT:0x2ceaf0	BOOT_CSTR	BOOT.BIN	0x2ceaf0	<ruby昇穿|しょうせん>	3c727562798fb890fa7c82b582e582a482b982f13e		<ruby쓴穿|しょうせん>	0.143	21
C00402	BOOT:0x2ceb18	BOOT_CSTR	BOOT.BIN	0x2ceb18	<ruby瞬突|しゅんとつ>	3c727562798f7593cb7c82b582e382f182c682c23e		<ruby瞬릿|しゅんとつ>	0.143	21
C00403	BOOT:0x2ceb40	BOOT_CSTR	BOOT.BIN	0x2ceb40	<ruby降刈|こうがい>	3c727562798d7e8aa07c82b182a482aa82a23e		<ruby降刈|こうがい>	0.000	19
C00404	BOOT:0x2ceb64	BOOT_CSTR	BOOT.BIN	0x2ceb64	<ruby双月|そうげつ>	3c72756279916f8c8e7c82bb82a482b082c23e		<ruby비月|そうげつ>	0.167	19
C00405	BOOT:0x2ceb98	BOOT_CSTR	BOOT.BIN	0x2ceb98	<ruby浮月|ふげつ>	3c7275627995828c8e7c82d382b082c23e		<ruby浮月|ふげつ>	0.000	17
C00406	BOOT:0x2cebcc	BOOT_CSTR	BOOT.BIN	0x2cebcc	<ruby臥月|がげつ>	3c7275627989e78c8e7c82aa82b082c23e		<ruby臥月|がげつ>	0.000	17
C00407	BOOT:0x2cec10	BOOT_CSTR	BOOT.BIN	0x2cec10	<ruby転蹴|てんしゅう>	3c72756279935d8f527c82c482f182b582e382a43e		<ruby転蹴|てんしゅう>	0.000	21
C00408	BOOT:0x2cec48	BOOT_CSTR	BOOT.BIN	0x2cec48	<ruby翻隼|ほんしゅん>	3c72756279967c94b97c82d982f182b582e382f13e		<ruby翻隼|ほんしゅん>	0.000	21
C00409	BOOT:0x2cec90	BOOT_CSTR	BOOT.BIN	0x2cec90	<ruby旋斬|せんざん>	3c7275627990f98e617c82b982f182b482f13e		<ruby旋斬|せんざん>	0.000	19
C00410	BOOT:0x2cecd4	BOOT_CSTR	BOOT.BIN	0x2cecd4	<ruby転斬|てんざん>	3c72756279935d8e617c82c482f182b482f13e		<ruby転斬|てんざん>	0.000	19
C00411	BOOT:0x2ced08	BOOT_CSTR	BOOT.BIN	0x2ced08	<ruby落隼|らくしゅん>	3c72756279978e94b97c82e782ad82b582e382f13e		<ruby落隼|らくしゅん>	0.000	21
C00412	BOOT:0x2ced50	BOOT_CSTR	BOOT.BIN	0x2ced50	<ruby舞蹴|むしゅう>	3c7275627995918f527c82de82b582e382a43e		<ruby舞蹴|むしゅう>	0.000	19
C00413	BOOT:0x2cee14	BOOT_CSTR	BOOT.BIN	0x2cee14	<ruby高速忍術|こうそくにんじゅつ>	3c727562798d8291ac94458f707c82b182a482bb82ad82c982f182b682e382c23e		<ruby高별忍術|こうそくにんじゅつ>	0.077	33
C00414	BOOT:0x2cee48	BOOT_CSTR	BOOT.BIN	0x2cee48	<ruby月読|つくよみ>	3c727562798c8e93c77c82c282ad82e682dd3e		<ruby月読|つくよみ>	0.000	19
C00415	BOOT:0x2cee78	BOOT_CSTR	BOOT.BIN	0x2cee78	イタチ	8343835e8360		イタチ	0.000	6
C00416	BOOT:0x2cf7f0	BOOT_CSTR	BOOT.BIN	0x2cf7f0	<ruby水遁|すいとん>　<ruby水鮫突破|すいこうとっぱ>	3c72756279908593d97c82b782a282c682f13e81403c7275627990858e4c93cb946a7c82b782a282b182a482c682c182cf3e		<ruby水리|すいとん>　<ruby水鮫릿破|すいこうとっぱ>	0.111	50
C00417	BOOT:0x2cf844	BOOT_CSTR	BOOT.BIN	0x2cf844	<ruby削滅乱舞|さくめつらんぶ>	3c727562798ded96c5979095917c82b382ad82df82c282e782f182d43e		<ruby削녀깨舞|さくめつらんぶ>	0.182	29
C00418	BOOT:0x2cf8a4	BOOT_CSTR	BOOT.BIN	0x2cf8a4	<ruby一貫斬|いっかんぎ>り	3c7275627988ea8ad18e617c82a282c182a982f182ac3e82e8		<ruby一貫斬|いっかんぎ>り	0.000	25
C00419	BOOT:0x2cf8d0	BOOT_CSTR	BOOT.BIN	0x2cf8d0	<ruby裏轟打|りごうう>ち	3c7275627997a08d8c91c57c82e882b282a482a43e82bf		<ruby裏轟打|りごうう>ち	0.000	23
C00420	BOOT:0x2cf8f8	BOOT_CSTR	BOOT.BIN	0x2cf8f8	<ruby蹴込|けこ>み	3c727562798f528d9e7c82af82b13e82dd		<ruby蹴저|けこ>み	0.200	17
C00421	BOOT:0x2cf91c	BOOT_CSTR	BOOT.BIN	0x2cf91c	<ruby大矩|おおがね>おろし	3c7275627991e58be97c82a882a882aa82cb3e82a882eb82b5		<ruby大矩|おおがね>おろし	0.000	25
C00422	BOOT:0x2cf958	BOOT_CSTR	BOOT.BIN	0x2cf958	<ruby要削|かなめけず>り	3c7275627997768ded7c82a982c882df82af82b83e82e8		<ruby要削|かなめけず>り	0.000	23
C00423	BOOT:0x2cf990	BOOT_CSTR	BOOT.BIN	0x2cf990	<ruby恕貫|どっかん>おろし	3c727562798f9a8ad17c82c782c182a982f13e82a882eb82b5		<ruby恕貫|どっかん>おろし	0.000	25
C00424	BOOT:0x2cf9cc	BOOT_CSTR	BOOT.BIN	0x2cf9cc	<ruby蹴滑|けすべ>り	3c727562798f528a8a7c82af82b782d73e82e8		<ruby蹴滑|けすべ>り	0.000	19
C00425	BOOT:0x2cfa00	BOOT_CSTR	BOOT.BIN	0x2cfa00	<ruby背斬|せぎ>り	3c7275627994778e617c82b982ac3e82e8		<ruby背斬|せぎ>り	0.000	17
C00426	BOOT:0x2cfa34	BOOT_CSTR	BOOT.BIN	0x2cfa34	<ruby逆茂斬|さかもぎ>り	3c727562798b7496ce8e617c82b382a982e082ac3e82e8		<ruby逆茂斬|さかもぎ>り	0.000	23
C00427	BOOT:0x2cfa6c	BOOT_CSTR	BOOT.BIN	0x2cfa6c	<ruby落掛|おとしが>け	3c72756279978e8a7c7c82a882c682b582aa3e82af		<ruby落掛|おとしが>け	0.000	21
C00428	BOOT:0x2cfaa4	BOOT_CSTR	BOOT.BIN	0x2cfaa4	<ruby捨打|すてう>ち	3c727562798ecc91c57c82b782c482a43e82bf		<ruby올打|すてう>ち	0.167	19
C00429	BOOT:0x2cfad8	BOOT_CSTR	BOOT.BIN	0x2cfad8	<ruby大舞斬|おおまいぎ>り	3c7275627991e595918e617c82a882a882dc82a282ac3e82e8		<ruby大舞斬|おおまいぎ>り	0.000	25
C00430	BOOT:0x2cfbb4	BOOT_CSTR	BOOT.BIN	0x2cfbb4	<ruby鮫肌|さめはだ>	3c727562798e4c94a77c82b382df82cd82be3e		<ruby鮫력|さめはだ>	0.167	19
C00431	BOOT:0x2cfbd8	BOOT_CSTR	BOOT.BIN	0x2cfbd8	水遁　水鮫弾の術	908593d9814090858e4c926582cc8f70		水리　水鮫弾の術	0.125	16
C00432	BOOT:0x2d03bc	BOOT_CSTR	BOOT.BIN	0x2d03bc	<ruby博打撃|ばくちう>ち	3c72756279948e91c58c827c82ce82ad82bf82a43e82bf		<ruby博打撃|ばくちう>ち	0.000	23
C00433	BOOT:0x2d0414	BOOT_CSTR	BOOT.BIN	0x2d0414	<ruby萩猪|はぎい>	3c72756279948b92967c82cd82ac82a23e		<ruby萩猪|はぎい>	0.000	17
C00434	BOOT:0x2d0438	BOOT_CSTR	BOOT.BIN	0x2d0438	<ruby牡丹蝶|ぼたんちょう>	3c7275627989b2924f92b17c82da82bd82f182bf82e582a43e		<ruby牡丹蝶|ぼたんちょう>	0.000	25
C00435	BOOT:0x2d0464	BOOT_CSTR	BOOT.BIN	0x2d0464	<ruby薄月|うすづき>	3c7275627994968c8e7c82a482b782c382ab3e		<ruby薄月|うすづき>	0.000	19
C00436	BOOT:0x2d0488	BOOT_CSTR	BOOT.BIN	0x2d0488	<ruby紅葉鹿|こうようか>	3c727562798d6797748ead7c82b182a482e682a482a93e		<ruby紅葉욱|こうようか>	0.125	23
C00437	BOOT:0x2d04c0	BOOT_CSTR	BOOT.BIN	0x2d04c0	<ruby松鶴|しょうかく>	3c727562798fbc92df7c82b582e582a482a982ad3e		<ruby松鶴|しょうかく>	0.000	21
C00438	BOOT:0x2d04f8	BOOT_CSTR	BOOT.BIN	0x2d04f8	<ruby菊盃|きくさかずき>	3c727562798b6594757c82ab82ad82b382a982b882ab3e		<ruby菊盃|きくさかずき>	0.000	23
C00439	BOOT:0x2d0520	BOOT_CSTR	BOOT.BIN	0x2d0520	<ruby桐笥籠|きりけご>	3c727562798bcb9079e2c47c82ab82e882af82b23e		<ruby추笥籠|きりけご>	0.143	21
C00440	BOOT:0x2d0558	BOOT_CSTR	BOOT.BIN	0x2d0558	<ruby紅菖蒲|べにしょうぶ>	3c727562798d678fd28a977c82d782c982b582e582a482d43e		<ruby紅신했|べにしょうぶ>	0.222	25
C00441	BOOT:0x2d0594	BOOT_CSTR	BOOT.BIN	0x2d0594	<ruby梅鶯|おうよう>	3c72756279947ee9f27c82a882a482e682a43e		<ruby로鶯|おうよう>	0.167	19
C00442	BOOT:0x2d05c8	BOOT_CSTR	BOOT.BIN	0x2d05c8	<ruby柳燕|りゅうえん>	3c7275627996f6898d7c82e882e382a482a682f13e		<ruby柳燕|りゅうえん>	0.000	21
C00443	BOOT:0x2d0600	BOOT_CSTR	BOOT.BIN	0x2d0600	<ruby藤杜鵑|とうとけん>	3c7275627993a1936dea437c82c682a482c682af82f13e		<ruby藤杜鵑|とうとけん>	0.000	23
C00444	BOOT:0x2d0638	BOOT_CSTR	BOOT.BIN	0x2d0638	<ruby桜幕|さくらまく>	3c727562798df7968b7c82b382ad82e782dc82ad3e		<ruby익幕|さくらまく>	0.143	21
C00445	BOOT:0x2d0700	BOOT_CSTR	BOOT.BIN	0x2d0700	<ruby馬鹿力|ばかぢから>	3c72756279946e8ead97cd7c82ce82a982c082a982e73e		<ruby馬욱力|ばかぢから>	0.125	23
C00446	BOOT:0x2d0728	BOOT_CSTR	BOOT.BIN	0x2d0728	<ruby医療忍術|いりょうにんじゅつ>	3c7275627988e397c394458f707c82a282e882e582a482c982f182b682e382c23e		<ruby医금忍術|いりょうにんじゅつ>	0.077	33
C00447	BOOT:0x2d10e4	BOOT_CSTR	BOOT.BIN	0x2d10e4	<ruby氷遁|ひょうとん>　<ruby黒龍暴風雪|こくりゅうぼうふうせつ>	3c72756279955893d97c82d082e582a482c682f13e81403c727562798d9597b4965c959790e17c82b182ad82e882e382a482da82a482d382a482b982c23e		<ruby氷리|ひょうとん>　<ruby적龍暴風雪|こくりゅうぼうふうせつ>	0.083	62
C00448	BOOT:0x2d1144	BOOT_CSTR	BOOT.BIN	0x2d1144	<ruby氷遁|ひょうとん>　<ruby双龍暴風雪|そうりゅうぼうふうせつ>	3c72756279955893d97c82d082e582a482c682f13e81403c72756279916f97b4965c959790e17c82bb82a482e882e382a482da82a482d382a482b982c23e		<ruby氷리|ひょうとん>　<ruby비龍暴風雪|そうりゅうぼうふうせつ>	0.083	62
C00449	BOOT:0x2d11b4	BOOT_CSTR	BOOT.BIN	0x2d11b4	<ruby天仰翔雅|てんようしょうが>	3c7275627993568bc2e3c489eb7c82c482f182e682a482b582e582a482aa3e		<ruby天仰翔회|てんようしょうが>	0.083	31
C00450	BOOT:0x2d11e4	BOOT_CSTR	BOOT.BIN	0x2d11e4	<ruby花烈蹴覇|かれつしゅうは>	3c7275627989d497f38f5294657c82a982ea82c282b582e382a482cd3e		<ruby흔烈蹴覇|かれつしゅうは>	0.091	29
C00451	BOOT:0x2d1214	BOOT_CSTR	BOOT.BIN	0x2d1214	<ruby瓔珞踏覇|らくようとうは>	3c72756279e0fbe0e293a594657c82e782ad82e682a482c682a482cd3e		<ruby瓔珞踏覇|らくようとうは>	0.000	29
C00452	BOOT:0x2d1244	BOOT_CSTR	BOOT.BIN	0x2d1244	<ruby双蹴覇|そうしゅうは>	3c72756279916f8f5294657c82bb82a482b582e382a482cd3e		<ruby비蹴覇|そうしゅうは>	0.111	25
C00453	BOOT:0x2d1280	BOOT_CSTR	BOOT.BIN	0x2d1280	<ruby怒涛雅|どとうが>	3c72756279937b939389eb7c82c782c682a482aa3e		<ruby怒涛회|どとうが>	0.143	21
C00454	BOOT:0x2d12b8	BOOT_CSTR	BOOT.BIN	0x2d12b8	<ruby閃蹴覇|せんしゅうは>	3c72756279914d8f5294657c82b982f182b582e382a482cd3e		<ruby閃蹴覇|せんしゅうは>	0.000	25
C00455	BOOT:0x2d12f4	BOOT_CSTR	BOOT.BIN	0x2d12f4	<ruby永久機関|えいきゅうきかん>	3c7275627989698b768b408ad67c82a682a282ab82e382a482ab82a982f13e		<ruby永久機関|えいきゅうきかん>	0.000	31
C00456	BOOT:0x2d1334	BOOT_CSTR	BOOT.BIN	0x2d1334	<ruby威風花|いふうか>	3c7275627988d0959789d47c82a282d382a482a93e		<ruby威風흔|いふうか>	0.143	21
C00457	BOOT:0x2d136c	BOOT_CSTR	BOOT.BIN	0x2d136c	<ruby煌典雅|こうてんが>	3c72756279e08a935489eb7c82b182a482c482f182aa3e		<ruby煌典회|こうてんが>	0.125	23
C00458	BOOT:0x2d13a4	BOOT_CSTR	BOOT.BIN	0x2d13a4	<ruby華天落|げてんらく>	3c7275627989d89356978e7c82b082c482f182e782ad3e		<ruby휩天落|げてんらく>	0.125	23
C00459	BOOT:0x2d13dc	BOOT_CSTR	BOOT.BIN	0x2d13dc	<ruby耀輝飛|ようきひ>	3c7275627997738b5094f27c82e682a482ab82d03e		<ruby耀輝飛|ようきひ>	0.000	21
C00460	BOOT:0x2d1414	BOOT_CSTR	BOOT.BIN	0x2d1414	<ruby雅昇覇|がしょうは>	3c7275627989eb8fb894657c82aa82b582e582a482cd3e		<ruby회쓴覇|がしょうは>	0.250	23
C00461	BOOT:0x2d14dc	BOOT_CSTR	BOOT.BIN	0x2d14dc	ミゾレ	837e835d838c		ミゾレ	0.000	6
C00462	BOOT:0x2d14f4	BOOT_CSTR	BOOT.BIN	0x2d14f4	フブキ	83748375834c		フブキ	0.000	6
C00463	BOOT:0x2d150c	BOOT_CSTR	BOOT.BIN	0x2d150c	ナダレ	8369835f838c		ナダレ	0.000	6
C00464	BOOT:0x2d1514	BOOT_CSTR	BOOT.BIN	0x2d1514	ドトウ	836883678345		ドトウ	0.000	6
C00465	BOOT:0x2d1e7c	BOOT_CSTR	BOOT.BIN	0x2d1e7c	<ruby豚遁|とんとん>　トントン	3c7275627993d893d97c82c682f182c682f13e81408367839383678393		<ruby豚리|とんとん>　トントン	0.091	29
C00466	BOOT:0x2d1ebc	BOOT_CSTR	BOOT.BIN	0x2d1ebc	<ruby忍法|にんぽう>　<ruby毒霧|どくきり>	3c72756279944596407c82c982f182db82a43e81403c7275627993c596b67c82c782ad82ab82e83e		<ruby忍法|にんぽう>　<ruby많녕|どくきり>	0.154	40
C00467	BOOT:0x2d1f28	BOOT_CSTR	BOOT.BIN	0x2d1f28	<ruby掌波|しょうは>	3c727562798fb694677c82b582e582a482cd3e		<ruby쓸波|しょうは>	0.167	19
C00468	BOOT:0x2d1f4c	BOOT_CSTR	BOOT.BIN	0x2d1f4c	<ruby連刃|れんば>	3c727562799841906e7c82ea82f182ce3e		<ruby連刃|れんば>	0.000	17
C00469	BOOT:0x2d1f70	BOOT_CSTR	BOOT.BIN	0x2d1f70	<ruby刺脚|しきゃく>	3c727562798e688b727c82b582ab82e182ad3e		<ruby刺脚|しきゃく>	0.000	19
C00470	BOOT:0x2d1f94	BOOT_CSTR	BOOT.BIN	0x2d1f94	<ruby凛針|りんしん>	3c72756279997a906a7c82e882f182b582f13e		<ruby凛針|りんしん>	0.000	19
C00471	BOOT:0x2d1fc8	BOOT_CSTR	BOOT.BIN	0x2d1fc8	<ruby受劈|じゅへき>	3c727562798ef3999c7c82b682e382d682ab3e		<ruby受劈|じゅへき>	0.000	19
C00472	BOOT:0x2d1fec	BOOT_CSTR	BOOT.BIN	0x2d1fec	<ruby心脚|しんきゃく>	3c7275627990538b727c82b582f182ab82e182ad3e		<ruby心脚|しんきゃく>	0.000	21
C00473	BOOT:0x2d2024	BOOT_CSTR	BOOT.BIN	0x2d2024	<ruby流刃|りゅうじん>	3c7275627997ac906e7c82e882e382a482b682f13e		<ruby김刃|りゅうじん>	0.143	21
C00474	BOOT:0x2d205c	BOOT_CSTR	BOOT.BIN	0x2d205c	<ruby昇刃|しょうば>	3c727562798fb8906e7c82b582e582a482ce3e		<ruby쓴刃|しょうば>	0.167	19
C00475	BOOT:0x2d20c0	BOOT_CSTR	BOOT.BIN	0x2d20c0	<ruby掌尖|しょうせん>	3c727562798fb690eb7c82b582e582a482b982f13e		<ruby쓸尖|しょうせん>	0.143	21
C00476	BOOT:0x2d2108	BOOT_CSTR	BOOT.BIN	0x2d2108	<ruby輪落|りんらく>	3c7275627997d6978e7c82e882f182e782ad3e		<ruby교落|りんらく>	0.167	19
C00477	BOOT:0x2d213c	BOOT_CSTR	BOOT.BIN	0x2d213c	<ruby棄刺|きざし>	3c727562798afc8e687c82ab82b482b53e		<ruby棄刺|きざし>	0.000	17
C00478	BOOT:0x2d2230	BOOT_CSTR	BOOT.BIN	0x2d2230	<ruby解陽術|かいようじゅつ>　<ruby一式|いっしき>	3c7275627989f0977a8f707c82a982a282e682a482b682e382c23e81403c7275627988ea8eae7c82a282c182b582ab3e		<ruby解꼬術|かいようじゅつ>　<ruby一우|いっしき>	0.118	48
C00479	BOOT:0x2d2274	BOOT_CSTR	BOOT.BIN	0x2d2274	<ruby解陽術|かいようじゅつ>　<ruby二式|にしき>	3c7275627989f0977a8f707c82a982a282e682a482b682e382c23e81403c7275627993f18eae7c82c982b582ab3e		<ruby解꼬術|かいようじゅつ>　<ruby二우|にしき>	0.125	46
C00480	BOOT:0x2d22c0	BOOT_CSTR	BOOT.BIN	0x2d22c0	シズネ	83568359836c		シズネ	0.000	6
C00481	BOOT:0x2d29f0	BOOT_CSTR	BOOT.BIN	0x2d29f0	<ruby涅槃精舎|ねはんしょうじゃ>の<ruby術|じゅつ>	3c727562799fb89ecf90b88ec97c82cb82cd82f182b582e582a482b682e13e82cc3c727562798f707c82b682e382c23e		<ruby涅槃새舎|ねはんしょうじゃ>の<ruby術|じゅつ>	0.059	48
C00482	BOOT:0x2d2a44	BOOT_CSTR	BOOT.BIN	0x2d2a44	チャクラ<ruby解剖刀|メス>	83608383834e83893c7275627989f0965593817c838183583e		チャクラ<ruby解능刀|メス>	0.111	25
C00483	BOOT:0x2d2aa0	BOOT_CSTR	BOOT.BIN	0x2d2aa0	<ruby痲錘|ますい>	3c72756279e184908e7c82dc82b782a23e		<ruby痲錘|ますい>	0.000	17
C00484	BOOT:0x2d2ac4	BOOT_CSTR	BOOT.BIN	0x2d2ac4	<ruby穿刺|せんし>	3c7275627990fa8e687c82b982f182b53e		<ruby穿刺|せんし>	0.000	17
C00485	BOOT:0x2d2ae8	BOOT_CSTR	BOOT.BIN	0x2d2ae8	<ruby臨蹴|りんじゅう>	3c7275627997d58f527c82e882f182b682e382a43e		<ruby구蹴|りんじゅう>	0.143	21
C00486	BOOT:0x2d2b10	BOOT_CSTR	BOOT.BIN	0x2d2b10	<ruby心刹|しんさつ>	3c727562799053998b7c82b582f182b382c23e		<ruby心刹|しんさつ>	0.000	19
C00487	BOOT:0x2d2b44	BOOT_CSTR	BOOT.BIN	0x2d2b44	<ruby冴侵|ごしん>	3c727562798de1904e7c82b282b582f13e		<ruby冴侵|ごしん>	0.000	17
C00488	BOOT:0x2d2b78	BOOT_CSTR	BOOT.BIN	0x2d2b78	<ruby陀撲|だぼく>	3c7275627991c9966f7c82be82da82ad3e		<ruby陀撲|だぼく>	0.000	17
C00489	BOOT:0x2d2bac	BOOT_CSTR	BOOT.BIN	0x2d2bac	<ruby骨刹|こっせつ>	3c727562798d9c998b7c82b182c182b982c23e		<ruby骨刹|こっせつ>	0.000	19
C00490	BOOT:0x2d2be0	BOOT_CSTR	BOOT.BIN	0x2d2be0	<ruby棄涜|きとく>	3c727562798afc93c07c82ab82c682ad3e		<ruby棄涜|きとく>	0.000	17
C00491	BOOT:0x2d2c14	BOOT_CSTR	BOOT.BIN	0x2d2c14	<ruby回亡|かいぼう>	3c7275627989f196537c82a982a282da82a43e		<ruby回亡|かいぼう>	0.000	19
C00492	BOOT:0x2d2c48	BOOT_CSTR	BOOT.BIN	0x2d2c48	<ruby葬戯|そうぎ>	3c7275627991928b597c82bb82a482ac3e		<ruby葬탈|そうぎ>	0.200	17
C00493	BOOT:0x2d2c7c	BOOT_CSTR	BOOT.BIN	0x2d2c7c	<ruby決刹|けっさつ>	3c727562798c88998b7c82af82c182b382c23e		<ruby決刹|けっさつ>	0.000	19
C00494	BOOT:0x2d2cb0	BOOT_CSTR	BOOT.BIN	0x2d2cb0	<ruby切葬|けっそう>	3c7275627990d891927c82af82c182bb82a43e		<ruby切葬|けっそう>	0.000	19
C00495	BOOT:0x2d2d74	BOOT_CSTR	BOOT.BIN	0x2d2d74	<ruby解陰術|かいいんじゅつ>　<ruby一式|いっしき>	3c7275627989f089418f707c82a982a282a282f182b682e382c23e81403c7275627988ea8eae7c82a282c182b582ab3e		<ruby解陰術|かいいんじゅつ>　<ruby一우|いっしき>	0.059	48
C00496	BOOT:0x2d2db8	BOOT_CSTR	BOOT.BIN	0x2d2db8	<ruby解陰術|かいいんじゅつ>　<ruby二式|にしき>	3c7275627989f089418f707c82a982a282a282f182b682e382c23e81403c7275627993f18eae7c82c982b582ab3e		<ruby解陰術|かいいんじゅつ>　<ruby二우|にしき>	0.062	46
C00497	BOOT:0x2d2e0c	BOOT_CSTR	BOOT.BIN	0x2d2e0c	カブト	834a83758367		カブト	0.000	6
C00498	BOOT:0x2d36e4	BOOT_CSTR	BOOT.BIN	0x2d36e4	<ruby舌蛇吸咽|ぜつだきゅういん>	3c7275627990e38ed68b7a88f47c82ba82c282be82ab82e382a482a282f13e		<ruby舌예吸咽|ぜつだきゅういん>	0.083	31
C00499	BOOT:0x2d3724	BOOT_CSTR	BOOT.BIN	0x2d3724	マンダ　<ruby黄泉駆|よみが>け	837d8393835f81403c7275627989a990f28bec7c82e682dd82aa3e82af		マンダ　<ruby칸泉참|よみが>け	0.182	29
C00500	BOOT:0x2d3774	BOOT_CSTR	BOOT.BIN	0x2d3774	<ruby鬼哭|きこく>の<ruby刃|じん>	3c727562798b539a4c7c82ab82b182ad3e82cc3c72756279906e7c82b682f13e		<ruby鬼哭|きこく>の<ruby刃|じん>	0.000	32
C00501	BOOT:0x2d37a8	BOOT_CSTR	BOOT.BIN	0x2d37a8	<ruby亡者|もうじゃ>の<ruby剣|つるぎ>	3c7275627996538ed27c82e082a482b682e13e82cc3c727562798c957c82c282e982ac3e		<ruby亡者|もうじゃ>の<ruby剣|つるぎ>	0.000	36
C00502	BOOT:0x2d37e0	BOOT_CSTR	BOOT.BIN	0x2d37e0	<ruby屍薙|からなぎ>	3c727562798e7293e37c82a982e782c882ac3e		<ruby屍薙|からなぎ>	0.000	19
C00503	BOOT:0x2d3814	BOOT_CSTR	BOOT.BIN	0x2d3814	<ruby怨鬼|えんき>の<ruby柵|しがらみ>	3c7275627989858b537c82a682f182ab3e82cc3c727562798df27c82b582aa82e782dd3e		<ruby怨鬼|えんき>の<ruby柵|しがらみ>	0.000	36
C00504	BOOT:0x2d387c	BOOT_CSTR	BOOT.BIN	0x2d387c	<ruby奈落|ならく>の<ruby蛇舌|じゃぜつ>	3c7275627993de978e7c82c882e782ad3e82cc3c727562798ed690e37c82b682e182ba82c23e		<ruby릉落|ならく>の<ruby예舌|じゃぜつ>	0.167	38
C00505	BOOT:0x2d38c4	BOOT_CSTR	BOOT.BIN	0x2d38c4	<ruby冥府|めいふ>の<ruby刃|じん>	3c7275627996bb957b7c82df82a282d33e82cc3c72756279906e7c82b682f13e		<ruby冥딨|めいふ>の<ruby刃|じん>	0.111	32
C00506	BOOT:0x2d3918	BOOT_CSTR	BOOT.BIN	0x2d3918	<ruby蛇綱|だこう>	3c727562798ed68d6a7c82be82b182a43e		<ruby예綱|だこう>	0.200	17
C00507	BOOT:0x2d394c	BOOT_CSTR	BOOT.BIN	0x2d394c	<ruby軟|なん>の<ruby頸投|けいとう>	3c7275627993ee7c82c882f13e82cc3c72756279e8f2938a7c82af82a282c682a43e		<ruby름|なん>の<ruby頸投|けいとう>	0.100	34
C00508	BOOT:0x2d39a0	BOOT_CSTR	BOOT.BIN	0x2d39a0	<ruby恩讐|おんしゅう>の<ruby刃|じん>	3c7275627989b68f517c82a882f182b582e382a43e82cc3c72756279906e7c82b682f13e		<ruby뉘업|おんしゅう>の<ruby刃|じん>	0.182	36
C00509	BOOT:0x2d39f8	BOOT_CSTR	BOOT.BIN	0x2d39f8	<ruby怨痕|えんこん>の<ruby刃|じん>	3c7275627989858dad7c82a682f182b182f13e82cc3c72756279906e7c82b682f13e		<ruby怨痕|えんこん>の<ruby刃|じん>	0.000	34
C00510	BOOT:0x2d3a3c	BOOT_CSTR	BOOT.BIN	0x2d3a3c	<ruby蛇來|だらい>	3c727562798ed698d27c82be82e782a23e		<ruby예來|だらい>	0.200	17
C00511	BOOT:0x2d3a80	BOOT_CSTR	BOOT.BIN	0x2d3a80	<ruby眩回|げんかい>	3c72756279e1bf89f17c82b082f182a982a23e		<ruby眩回|げんかい>	0.000	19
C00512	BOOT:0x2d3b44	BOOT_CSTR	BOOT.BIN	0x2d3b44	<ruby練気開放|れんきかいほう>　<ruby壱段|いちだん>	3c7275627997fb8b438a4a95fa7c82ea82f182ab82a982a282d982a43e81403c7275627988eb92697c82a282bf82be82f13e		<ruby결気혔닙|れんきかいほう>　<ruby壱段|いちだん>	0.167	50
C00513	BOOT:0x2d3b88	BOOT_CSTR	BOOT.BIN	0x2d3b88	<ruby練気開放|れんきかいほう>　<ruby弐段|にだん>	3c7275627997fb8b438a4a95fa7c82ea82f182ab82a982a282d982a43e81403c7275627993f392697c82c982be82f13e		<ruby결気혔닙|れんきかいほう>　<ruby弐段|にだん>	0.176	48
C00514	BOOT:0x2d3bcc	BOOT_CSTR	BOOT.BIN	0x2d3bcc	<ruby練気開放|れんきかいほう>　<ruby参段|さんだん>	3c7275627997fb8b438a4a95fa7c82ea82f182ab82a982a282d982a43e81403c727562798e5192697c82b382f182be82f13e		<ruby결気혔닙|れんきかいほう>　<ruby参段|さんだん>	0.167	50
C00515	BOOT:0x2d4578	BOOT_CSTR	BOOT.BIN	0x2d4578	<ruby若|わか>き<ruby雷|いかずち>	3c727562798ee17c82ed82a93e82ab3c72756279978b7c82a282a982b882bf3e		<ruby역|わか>き<ruby껄|いかずち>	0.222	32
C00516	BOOT:0x2d45bc	BOOT_CSTR	BOOT.BIN	0x2d45bc	<ruby若|わか>き<ruby牙|きば>	3c727562798ee17c82ed82a93e82ab3c7275627989e57c82ab82ce3e		<ruby역|わか>き<ruby牙|きば>	0.143	28
C00517	BOOT:0x2d461c	BOOT_CSTR	BOOT.BIN	0x2d461c	<ruby斬二連|ざんにれん>	3c727562798e6193f198417c82b482f182c982ea82f13e		<ruby斬二連|ざんにれん>	0.000	23
C00518	BOOT:0x2d4644	BOOT_CSTR	BOOT.BIN	0x2d4644	<ruby突甲穿|とっこうせん>	3c7275627993cb8d6290fa7c82c682c182b182a482b982f13e		<ruby릿甲穿|とっこうせん>	0.111	25
C00519	BOOT:0x2d4670	BOOT_CSTR	BOOT.BIN	0x2d4670	<ruby斬円閃|ざんえんせん>	3c727562798e61897e914d7c82b482f182a682f182b982f13e		<ruby斬円閃|ざんえんせん>	0.000	25
C00520	BOOT:0x2d469c	BOOT_CSTR	BOOT.BIN	0x2d469c	<ruby薙二連|なぎにれん>	3c7275627993e393f198417c82c882ac82c982ea82f13e		<ruby薙二連|なぎにれん>	0.000	23
C00521	BOOT:0x2d46d4	BOOT_CSTR	BOOT.BIN	0x2d46d4	<ruby蹴刃撃|しゅうじんげき>	3c727562798f52906e8c827c82b582e382a482b682f182b082ab3e		<ruby蹴刃撃|しゅうじんげき>	0.000	27
C00522	BOOT:0x2d4710	BOOT_CSTR	BOOT.BIN	0x2d4710	<ruby双刃撃|そうじんげき>	3c72756279916f906e8c827c82bb82a482b682f182b082ab3e		<ruby비刃撃|そうじんげき>	0.111	25
C00523	BOOT:0x2d474c	BOOT_CSTR	BOOT.BIN	0x2d474c	<ruby滑蹴|かつしゅう>	3c727562798a8a8f527c82a982c282b582e382a43e		<ruby滑蹴|かつしゅう>	0.000	21
C00524	BOOT:0x2d4784	BOOT_CSTR	BOOT.BIN	0x2d4784	<ruby翻蹴|はんしゅう>	3c72756279967c8f527c82cd82f182b582e382a43e		<ruby翻蹴|はんしゅう>	0.000	21
C00525	BOOT:0x2d47cc	BOOT_CSTR	BOOT.BIN	0x2d47cc	<ruby連蹴|れんしゅう>	3c7275627998418f527c82ea82f182b582e382a43e		<ruby連蹴|れんしゅう>	0.000	21
C00526	BOOT:0x2d4814	BOOT_CSTR	BOOT.BIN	0x2d4814	<ruby落蹴|らくしゅう>	3c72756279978e8f527c82e782ad82b582e382a43e		<ruby落蹴|らくしゅう>	0.000	21
C00527	BOOT:0x2d484c	BOOT_CSTR	BOOT.BIN	0x2d484c	<ruby空回|くうかい>	3c727562798bf389f17c82ad82a482a982a23e		<ruby찬回|くうかい>	0.167	19
C00528	BOOT:0x2d4890	BOOT_CSTR	BOOT.BIN	0x2d4890	<ruby回刃撃|かいじんげき>	3c7275627989f1906e8c827c82a982a282b682f182b082ab3e		<ruby回刃撃|かいじんげき>	0.000	25
C00529	BOOT:0x2d495c	BOOT_CSTR	BOOT.BIN	0x2d495c	<ruby甲式|こうしき>　<ruby覚醒術|かくせいじゅつ>	3c727562798d628eae7c82b182a482b582ab3e81403c727562798a6f90c18f707c82a982ad82b982a282b682e382c23e		<ruby甲우|こうしき>　<ruby覚醒術|かくせいじゅつ>	0.059	48
C00530	BOOT:0x2d49a0	BOOT_CSTR	BOOT.BIN	0x2d49a0	<ruby乙式|おつしき>　<ruby覚醒術|かくせいじゅつ>	3c7275627989b38eae7c82a882c282b582ab3e81403c727562798a6f90c18f707c82a982ad82b982a282b682e382c23e		<ruby乙우|おつしき>　<ruby覚醒術|かくせいじゅつ>	0.059	48
C00531	BOOT:0x2d49e4	BOOT_CSTR	BOOT.BIN	0x2d49e4	<ruby丙式|へいしき>　<ruby覚醒術|かくせいじゅつ>	3c7275627995b88eae7c82d682a282b582ab3e81403c727562798a6f90c18f707c82a982ad82b982a282b682e382c23e		<ruby丙우|へいしき>　<ruby覚醒術|かくせいじゅつ>	0.059	48
C00532	BOOT:0x2d5194	BOOT_CSTR	BOOT.BIN	0x2d5194	<ruby超重圧|ちょうじゅうあつ>	3c7275627992b48f6488b37c82bf82e582a482b682e382a482a082c23e		<ruby超重圧|ちょうじゅうあつ>	0.000	29
C00533	BOOT:0x2d51d4	BOOT_CSTR	BOOT.BIN	0x2d51d4	<ruby野獣|やじゅう>の<ruby本能|ほんのう>	3c7275627996ec8f627c82e282b682e382a43e82cc3c72756279967b945c7c82d982f182cc82a43e		<ruby野獣|やじゅう>の<ruby本能|ほんのう>	0.000	40
C00534	BOOT:0x2d5240	BOOT_CSTR	BOOT.BIN	0x2d5240	<ruby無心蹴|むしんげ>り	3c7275627996b390538f527c82de82b582f182b03e82e8		<ruby無心蹴|むしんげ>り	0.000	23
C00535	BOOT:0x2d5308	BOOT_CSTR	BOOT.BIN	0x2d5308	<ruby大鉄拳|だいてっけん>	3c7275627991e593538c9d7c82be82a282c482c182af82f13e		<ruby大鉄拳|だいてっけん>	0.000	25
C00536	BOOT:0x2d53a4	BOOT_CSTR	BOOT.BIN	0x2d53a4	<ruby大剛脚|だいごうきゃく>	3c7275627991e58d848b727c82be82a282b282a482ab82e182ad3e		<ruby大剛脚|だいごうきゃく>	0.000	27
C00537	BOOT:0x2d54c0	BOOT_CSTR	BOOT.BIN	0x2d54c0	<ruby九尾|きゅうび>	3c727562798be394f67c82ab82e382a482d13e		<ruby九尾|きゅうび>	0.000	19
C00538	BOOT:0x2d54d4	BOOT_CSTR	BOOT.BIN	0x2d54d4	ナルトＸ	8369838b83678277		ナルトＸ	0.000	8
C00539	BOOT:0x2d5c00	BOOT_CSTR	BOOT.BIN	0x2d5c00	ナルティメットエントリー	8369838b83658342838183628367834783938367838a815b		ナルティメットエントリー	0.000	24
C00540	BOOT:0x2d5c3c	BOOT_CSTR	BOOT.BIN	0x2d5c3c	ナルト<ruby蓮華|れんげ>	8369838b83673c72756279984089d87c82ea82f182b03e		ナルト<ruby蓮휩|れんげ>	0.125	23
C00541	BOOT:0x2d5cb4	BOOT_CSTR	BOOT.BIN	0x2d5cb4	<ruby鉄拳連打|てっけんれんだ>	3c7275627993538c9d984191c57c82c482c182af82f182ea82f182be3e		<ruby鉄拳連打|てっけんれんだ>	0.000	29
C00542	BOOT:0x2d5ce4	BOOT_CSTR	BOOT.BIN	0x2d5ce4	<ruby碧|あお>い<ruby衝撃|しょうげき>	3c7275627995c97c82a082a83e82a23c727562798fd58c827c82b582e582a482b082ab3e		<ruby돌|あお>い<ruby衝撃|しょうげき>	0.091	36
C00543	BOOT:0x2d5d6c	BOOT_CSTR	BOOT.BIN	0x2d5d6c	<ruby撃突拳|げきとつけん>	3c727562798c8293cb8c9d7c82b082ab82c682c282af82f13e		<ruby撃릿拳|げきとつけん>	0.111	25
C00544	BOOT:0x2d5f08	BOOT_CSTR	BOOT.BIN	0x2d5f08	<ruby勇気|ゆうき>の<ruby一発|いっぱつ>！	3c7275627997458b437c82e482a482ab3e82cc3c7275627988ea94ad7c82a282c182cf82c23e8149		<ruby勇気|ゆうき>の<ruby一発|いっぱつ>！	0.000	40
C00545	BOOT:0x2d5f44	BOOT_CSTR	BOOT.BIN	0x2d5f44	<ruby気合|きあい>の<ruby一発|いっぱつ>！	3c727562798b438d877c82ab82a082a23e82cc3c7275627988ea94ad7c82a282c182cf82c23e8149		<ruby気合|きあい>の<ruby一発|いっぱつ>！	0.000	40
C00546	BOOT:0x2d5f80	BOOT_CSTR	BOOT.BIN	0x2d5f80	<ruby根性|こんじょう>の<ruby一発|いっぱつ>！	3c727562798daa90ab7c82b182f182b682e582a43e82cc3c7275627988ea94ad7c82a282c182cf82c23e8149		<ruby根선|こんじょう>の<ruby一発|いっぱつ>！	0.067	44
C00547	BOOT:0x2d5fb0	BOOT_CSTR	BOOT.BIN	0x2d5fb0	ナルトＺ	8369838b83678279		ナルトＺ	0.000	8
C00548	BOOT:0x2d671c	BOOT_CSTR	BOOT.BIN	0x2d671c	<ruby八卦六十四掌|はっけろくじゅうよんしょう>	3c7275627994aa8c54985a8f5c8e6c8fb67c82cd82c182af82eb82ad82b682e382a482e682f182b582e582a43e		<ruby八卦걸억四쓸|はっけろくじゅうよんしょう>	0.158	45
C00549	BOOT:0x2d67ac	BOOT_CSTR	BOOT.BIN	0x2d67ac	<ruby旋昇打|せんしょうだ>	3c7275627990f98fb891c57c82b982f182b582e582a482be3e		<ruby旋쓴打|せんしょうだ>	0.111	25
C00550	BOOT:0x2d67e8	BOOT_CSTR	BOOT.BIN	0x2d67e8	<ruby旋連脚|せんれんきゃく>	3c7275627990f998418b727c82b982f182ea82f182ab82e182ad3e		<ruby旋連脚|せんれんきゃく>	0.000	27
C00551	BOOT:0x2d6854	BOOT_CSTR	BOOT.BIN	0x2d6854	<ruby地刈掌|じがいしょう>	3c72756279926e8aa08fb67c82b682aa82a282b582e582a43e		<ruby地刈쓸|じがいしょう>	0.111	25
C00552	BOOT:0x2d6910	BOOT_CSTR	BOOT.BIN	0x2d6910	<ruby肘墜打|ちゅうついだ>	3c72756279954992c491c57c82bf82e382a482c282a282be3e		<ruby肘墜打|ちゅうついだ>	0.000	25
C00553	BOOT:0x2d69fc	BOOT_CSTR	BOOT.BIN	0x2d69fc	<ruby壮経|そうけい>　<ruby壱|いち>の<ruby態|たい>	3c7275627991738c6f7c82bb82a482af82a23e81403c7275627988eb7c82a282bf3e82cc3c7275627991d47c82bd82a23e		<ruby壮経|そうけい>　<ruby壱|いち>の<ruby밉|たい>	0.071	49
C00554	BOOT:0x2d6a40	BOOT_CSTR	BOOT.BIN	0x2d6a40	<ruby壮経|そうけい>　<ruby弐|に>の<ruby態|たい>	3c7275627991738c6f7c82bb82a482af82a23e81403c7275627993f37c82c93e82cc3c7275627991d47c82bd82a23e		<ruby壮経|そうけい>　<ruby弐|に>の<ruby밉|たい>	0.077	47
C00555	BOOT:0x2d6a80	BOOT_CSTR	BOOT.BIN	0x2d6a80	<ruby壮経|そうけい>　<ruby参|さん>の<ruby態|たい>	3c7275627991738c6f7c82bb82a482af82a23e81403c727562798e517c82b382f13e82cc3c7275627991d47c82bd82a23e		<ruby壮経|そうけい>　<ruby参|さん>の<ruby밉|たい>	0.071	49
C00556	BOOT:0x2d6ab4	BOOT_CSTR	BOOT.BIN	0x2d6ab4	ヒナタＸ	83718369835e8277		ヒナタＸ	0.000	8
C00557	BOOT:0x2d6b54	BOOT_CSTR	BOOT.BIN	0x2d6b54	眠り	96b082e8		眠り	0.000	4
C00558	BOOT:0x2d6b5c	BOOT_CSTR	BOOT.BIN	0x2d6b5c	痺れ	e18382ea		痺れ	0.000	4
C00559	BOOT:0x2d6bb4	BOOT_CSTR	BOOT.BIN	0x2d6bb4	自動変わり身	8ea993ae95cf82ed82e89067		울망덤わり身	0.500	12
C00560	BOOT:0x2d6bc4	BOOT_CSTR	BOOT.BIN	0x2d6bc4	チャクラ封印	83608383834e8389959588f3		チャクラ封印	0.000	12
C00561	BOOT:0x2d6bd4	BOOT_CSTR	BOOT.BIN	0x2d6bd4	チャクラ全開	83608383834e838991538a4a		チャクラ全혔	0.167	12
C00562	BOOT:0x2d6be4	BOOT_CSTR	BOOT.BIN	0x2d6be4	ジャンプ力ＵＰ	835783838393837697cd8274826f		ジャンプ力ＵＰ	0.000	14
C00563	BOOT:0x2d6bf4	BOOT_CSTR	BOOT.BIN	0x2d6bf4	ナルト九尾	8369838b83678be394f6		ナルト九尾	0.000	10
C00564	BOOT:0x2d6c00	BOOT_CSTR	BOOT.BIN	0x2d6c00	サスケ呪印	8354835883508ef488f3		サスケ에印	0.200	10
C00565	BOOT:0x2d6c0c	BOOT_CSTR	BOOT.BIN	0x2d6c0c	サスケ写輪眼	8354835883508eca97d68ae1		サスケ写교파	0.333	12
C00566	BOOT:0x2d6c1c	BOOT_CSTR	BOOT.BIN	0x2d6c1c	リー開門	838a815b8a4a96e5		リー혔門	0.250	8
C00567	BOOT:0x2d6c28	BOOT_CSTR	BOOT.BIN	0x2d6c28	ネジ白眼	836c835794928ae1		ネジ白파	0.250	8
C00568	BOOT:0x2d6c34	BOOT_CSTR	BOOT.BIN	0x2d6c34	カカシ写輪眼	834a834a83568eca97d68ae1		カカシ写교파	0.333	12
C00569	BOOT:0x2d6c44	BOOT_CSTR	BOOT.BIN	0x2d6c44	ヒナタ白眼	83718369835e94928ae1		ヒナタ白파	0.200	10
C00570	BOOT:0x2d6c50	BOOT_CSTR	BOOT.BIN	0x2d6c50	チョウジ倍化	8360838783458357947b89bb		チョウジ倍한	0.167	12
C00571	BOOT:0x2d6c60	BOOT_CSTR	BOOT.BIN	0x2d6c60	キバ兵糧丸	834c836f95ba97c68adb		キバ兵극丸	0.200	10
C00572	BOOT:0x2d6c6c	BOOT_CSTR	BOOT.BIN	0x2d6c6c	ガイ開門	834b83438a4a96e5		ガイ혔門	0.250	8
C00573	BOOT:0x2d6c84	BOOT_CSTR	BOOT.BIN	0x2d6c84	イタチ月読	8343835e83608c8e93c7		イタチ月読	0.000	10
C00574	BOOT:0x2d6cb8	BOOT_CSTR	BOOT.BIN	0x2d6cb8	シズネＡ	83568359836c8260		シズネＡ	0.000	8
C00575	BOOT:0x2d6cc4	BOOT_CSTR	BOOT.BIN	0x2d6cc4	シズネＢ	83568359836c8261		シズネＢ	0.000	8
C00576	BOOT:0x2d6cd0	BOOT_CSTR	BOOT.BIN	0x2d6cd0	シズネＣ	83568359836c8262		シズネＣ	0.000	8
C00577	BOOT:0x2d6cdc	BOOT_CSTR	BOOT.BIN	0x2d6cdc	カブトＡ	834a837583678260		カブトＡ	0.000	8
C00578	BOOT:0x2d6ce8	BOOT_CSTR	BOOT.BIN	0x2d6ce8	カブトＢ	834a837583678261		カブトＢ	0.000	8
C00579	BOOT:0x2d6cf4	BOOT_CSTR	BOOT.BIN	0x2d6cf4	カブトＣ	834a837583678262		カブトＣ	0.000	8
C00580	BOOT:0x2d6d48	BOOT_CSTR	BOOT.BIN	0x2d6d48	ナルトＺＡ	8369838b836782798260		ナルトＺＡ	0.000	10
C00581	BOOT:0x2d6d54	BOOT_CSTR	BOOT.BIN	0x2d6d54	ナルトＺＢ	8369838b836782798261		ナルトＺＢ	0.000	10
C00582	BOOT:0x2d6d60	BOOT_CSTR	BOOT.BIN	0x2d6d60	ナルトＺＣ	8369838b836782798262		ナルトＺＣ	0.000	10
C00583	BOOT:0x2d6d6c	BOOT_CSTR	BOOT.BIN	0x2d6d6c	ヒナタＸＡ	83718369835e82778260		ヒナタＸＡ	0.000	10
C00584	BOOT:0x2d6d78	BOOT_CSTR	BOOT.BIN	0x2d6d78	ヒナタＸＢ	83718369835e82778261		ヒナタＸＢ	0.000	10
C00585	BOOT:0x2d6d84	BOOT_CSTR	BOOT.BIN	0x2d6d84	ヒナタＸＣ	83718369835e82778262		ヒナタＸＣ	0.000	10
C00586	BOOT:0x2d6de8	BOOT_CSTR	BOOT.BIN	0x2d6de8	自＿ライフ１０％開始	8ea981518389834383748250824f81938a4a8e6e		울＿ライフ１０％혔始	0.200	20
C00587	BOOT:0x2d6e00	BOOT_CSTR	BOOT.BIN	0x2d6e00	自＿チャクラ０％開始	8ea9815183608383834e8389824f81938a4a8e6e		울＿チャクラ０％혔始	0.200	20
C00588	BOOT:0x2d6e60	BOOT_CSTR	BOOT.BIN	0x2d6e60	敵＿ライフ継続回復	934781518389834383748c7091b189f1959c		敵＿ライフ継벨回復	0.111	18
C00589	BOOT:0x2d6e74	BOOT_CSTR	BOOT.BIN	0x2d6e74	敵＿チャクラ継続回復	9347815183608383834e83898c7091b189f1959c		敵＿チャクラ継벨回復	0.100	20
C00590	BOOT:0x2d6e8c	BOOT_CSTR	BOOT.BIN	0x2d6e8c	敵＿チャクラ削り	9347815183608383834e83898ded82e8		敵＿チャクラ削り	0.000	16
C00591	BOOT:0x2daae0	BOOT_CSTR	BOOT.BIN	0x2daae0	根性のおもり	8daa90ab82cc82a882e082e8		根선のおもり	0.167	12
C00592	BOOT:0x2daaf0	BOOT_CSTR	BOOT.BIN	0x2daaf0	瞬身の巻物	8f75906782cc8aaa95a8		瞬身の할物	0.200	10
C00593	BOOT:0x2daafc	BOOT_CSTR	BOOT.BIN	0x2daafc	起爆クナイ	8b4e949a834e83698343		起爆クナイ	0.000	10
C00594	BOOT:0x2dab10	BOOT_CSTR	BOOT.BIN	0x2dab10	撒き菱	8e5482ab9548		撒き菱	0.000	6
C00595	BOOT:0x2dab20	BOOT_CSTR	BOOT.BIN	0x2dab20	呪札　鎧崩し	8ef48e4481408a5a95f682b5		에札　현崩し	0.333	12
C00596	BOOT:0x2dab48	BOOT_CSTR	BOOT.BIN	0x2dab48	上忍の靴	8fe3944582cc8c43		上忍の쫓	0.250	8
C00597	BOOT:0x2dab5c	BOOT_CSTR	BOOT.BIN	0x2dab5c	雲隠れの巻物	895f894282ea82cc8aaa95a8		雲隠れの할物	0.167	12
C00598	BOOT:0x2dab6c	BOOT_CSTR	BOOT.BIN	0x2dab6c	カカシ人形	834a834a8356906c8c60		カカシ人形	0.000	10
C00599	BOOT:0x2dabd0	BOOT_CSTR	BOOT.BIN	0x2dabd0	<ruby影分身|かげぶんしん>の<ruby術|じゅつ>	3c72756279896595aa90677c82a982b082d482f182b582f13e82cc3c727562798f707c82b682e382c23e		<ruby影分身|かげぶんしん>の<ruby術|じゅつ>	0.000	42
C00600	BOOT:0x2dac0c	BOOT_CSTR	BOOT.BIN	0x2dac0c	ナルト<ruby連弾|れんだん>	8369838b83673c72756279984192657c82ea82f182be82f13e		ナルト<ruby連弾|れんだん>	0.000	25
C00601	BOOT:0x2dac38	BOOT_CSTR	BOOT.BIN	0x2dac38	ハーレムの<ruby術|じゅつ>	836e815b838c838082cc3c727562798f707c82b682e382c23e		ハーレムの<ruby術|じゅつ>	0.000	25
C00602	BOOT:0x2dac7c	BOOT_CSTR	BOOT.BIN	0x2dac7c	おたまじゃくし<ruby登場|とうじょう>	82a882bd82dc82b682e182ad82b53c72756279936f8fea7c82c682a482b682e582a43e		おたまじゃくし<ruby登순|とうじょう>	0.071	35
C00603	BOOT:0x2dacb0	BOOT_CSTR	BOOT.BIN	0x2dacb0	ガマ<ruby吉|きち><ruby登場|とうじょう>	834b837d3c727562798b677c82ab82bf3e3c72756279936f8fea7c82c682a482b682e582a43e		ガマ<ruby吉|きち><ruby登순|とうじょう>	0.083	38
C00604	BOOT:0x2dace8	BOOT_CSTR	BOOT.BIN	0x2dace8	ガマブン<ruby太|た><ruby登場|とうじょう>	834b837d837583933c7275627991be7c82bd3e3c72756279936f8fea7c82c682a482b682e582a43e		ガマブン<ruby백|た><ruby登순|とうじょう>	0.154	40
C00605	BOOT:0x2dad24	BOOT_CSTR	BOOT.BIN	0x2dad24	<ruby謎|なぞ>の<ruby助|すけ>っ<ruby人|と><ruby参上|さんじょう>	3c7275627993e47c82c882bc3e82cc3c727562798f957c82b782af3e82c13c72756279906c7c82c63e3c727562798e518fe37c82b382f182b682e582a43e		<ruby謎|なぞ>の<ruby助|すけ>っ<ruby人|と><ruby参上|さんじょう>	0.000	62
C00606	BOOT:0x2dad94	BOOT_CSTR	BOOT.BIN	0x2dad94	<ruby螺旋丸|らせんがん>	3c72756279978690f98adb7c82e782b982f182aa82f13e		<ruby螺旋丸|らせんがん>	0.000	23
C00607	BOOT:0x2dadbc	BOOT_CSTR	BOOT.BIN	0x2dadbc	<ruby紅蓮螺旋丸|ぐれんらせんがん>	3c727562798d679840978690f98adb7c82ae82ea82f182e782b982f182aa82f13e		<ruby紅蓮螺旋丸|ぐれんらせんがん>	0.000	33
C00608	BOOT:0x2dae00	BOOT_CSTR	BOOT.BIN	0x2dae00	<ruby瞬息斬|しゅんそくざん>	3c727562798f7591a78e617c82b582e382f182bb82ad82b482f13e		<ruby瞬복斬|しゅんそくざん>	0.100	27
C00609	BOOT:0x2dae2c	BOOT_CSTR	BOOT.BIN	0x2dae2c	<ruby媒鳥旋|ばいちょうせん>	3c72756279947d92b990f97c82ce82a282bf82e582a482b982f13e		<ruby媒鳥旋|ばいちょうせん>	0.000	27
C00610	BOOT:0x2dae58	BOOT_CSTR	BOOT.BIN	0x2dae58	<ruby獅子連弾|ししれんだん>	3c727562798e828e71984192657c82b582b582ea82f182be82f13e		<ruby獅유連弾|ししれんだん>	0.100	27
C00611	BOOT:0x2dae9c	BOOT_CSTR	BOOT.BIN	0x2dae9c	<ruby写輪眼|しゃりんがん>　<ruby発動|はつどう>	3c727562798eca97d68ae17c82b582e182e882f182aa82f13e81403c7275627994ad93ae7c82cd82c282c782a43e		<ruby写교파|しゃりんがん>　<ruby発망|はつどう>	0.188	46
C00612	BOOT:0x2daedc	BOOT_CSTR	BOOT.BIN	0x2daedc	<ruby操風車|そうふうしゃ>　<ruby三|さん>ノ<ruby大刀|たち>	3c72756279918095978ed47c82bb82a482d382a482b582e13e81403c727562798e4f7c82b382f13e836d3c7275627991e593817c82bd82bf3e		<ruby操風옛|そうふうしゃ>　<ruby三|さん>ノ<ruby大刀|たち>	0.056	57
C00613	BOOT:0x2daf28	BOOT_CSTR	BOOT.BIN	0x2daf28	<ruby火遁|かとん><ruby龍火|りゅうか>の<ruby術|じゅつ>	3c7275627989ce93d97c82a982c682f13e3c7275627997b489ce7c82e882e382a482a93e82cc3c727562798f707c82b682e382c23e		<ruby흥리|かとん><ruby龍흥|りゅうか>の<ruby術|じゅつ>	0.188	53
C00614	BOOT:0x2daf70	BOOT_CSTR	BOOT.BIN	0x2daf70	<ruby呪印|じゅいん><ruby発動|はつどう>	3c727562798ef488f37c82b682e382a282f13e3c7275627994ad93ae7c82cd82c282c782a43e		<ruby에印|じゅいん><ruby発망|はつどう>	0.167	38
C00615	BOOT:0x2dafc8	BOOT_CSTR	BOOT.BIN	0x2dafc8	<ruby千鳥|ちどり>	3c7275627990e792b97c82bf82c782e83e		<ruby千鳥|ちどり>	0.000	17
C00616	BOOT:0x2dafec	BOOT_CSTR	BOOT.BIN	0x2dafec	<ruby千鳥|ちどり>　<ruby二発目|にはつめ>	3c7275627990e792b97c82bf82c782e83e81403c7275627993f194ad96da7c82c982cd82c282df3e		<ruby千鳥|ちどり>　<ruby二発目|にはつめ>	0.000	40
C00617	BOOT:0x2db028	BOOT_CSTR	BOOT.BIN	0x2db028	<ruby禁断|きんだん>の<ruby三発目|さんぱつめ>	3c727562798bd692667c82ab82f182be82f13e82cc3c727562798e4f94ad96da7c82b382f182cf82c282df3e		<ruby쳤묘|きんだん>の<ruby三発目|さんぱつめ>	0.133	44
C00618	BOOT:0x2db068	BOOT_CSTR	BOOT.BIN	0x2db068	<ruby呪|のろ>いの<ruby四発目|よんはつめ>	3c727562798ef47c82cc82eb3e82a282cc3c727562798e6c94ad96da7c82e682f182cd82c282df3e		<ruby에|のろ>いの<ruby四発目|よんはつめ>	0.077	40
C00081	BOOT:0x2db0c4	BOOT_CSTR	BOOT.BIN	0x2db0c4	<ruby木|こ>ノ<ruby葉|は><ruby烈風|れっぷう>	3c7275627996d87c82b13e836d3c7275627997747c82cd3e3c7275627997f395977c82ea82c182d582a43e		<ruby木|こ>ノ<ruby葉|は><ruby烈風|れっぷう>	0.000	43
C00082	BOOT:0x2db100	BOOT_CSTR	BOOT.BIN	0x2db100	<ruby木|こ>ノ<ruby葉|は><ruby旋風|せんぷう>	3c7275627996d87c82b13e836d3c7275627997747c82cd3e3c7275627990f995977c82b982f182d582a43e		<ruby木|こ>ノ<ruby葉|は><ruby旋風|せんぷう>	0.000	43
C00619	BOOT:0x2db13c	BOOT_CSTR	BOOT.BIN	0x2db13c	<ruby木|こ>ノ<ruby葉|は><ruby剛力旋風|ごうりきせんぷう>	3c7275627996d87c82b13e836d3c7275627997747c82cd3e3c727562798d8497cd90f995977c82b282a482e882ab82b982f182d582a43e		<ruby木|こ>ノ<ruby葉|は><ruby剛力旋風|ごうりきせんぷう>	0.000	55
C00620	BOOT:0x2db19c	BOOT_CSTR	BOOT.BIN	0x2db19c	ウェイト<ruby解除|かいじょ>	83458346834383673c7275627989f08f9c7c82a982a282b682e53e		ウェイト<ruby解앗|かいじょ>	0.100	27
C00355	BOOT:0x2db1c8	BOOT_CSTR	BOOT.BIN	0x2db1c8	<ruby表蓮華|おもてれんげ>	3c72756279955c984089d87c82a882e082c482ea82f182b03e		<ruby表蓮휩|おもてれんげ>	0.111	25
C00621	BOOT:0x2db204	BOOT_CSTR	BOOT.BIN	0x2db204	<ruby裏蓮華|うられんげ><ruby開始|かいし>	3c7275627997a0984089d87c82a482e782ea82f182b03e3c727562798a4a8e6e7c82a982a282b53e		<ruby裏蓮휩|うられんげ><ruby혔始|かいし>	0.154	40
C00622	BOOT:0x2db240	BOOT_CSTR	BOOT.BIN	0x2db240	<ruby裏蓮華|うられんげ>	3c7275627997a0984089d87c82a482e782ea82f182b03e		<ruby裏蓮휩|うられんげ>	0.125	23
C00623	BOOT:0x2db268	BOOT_CSTR	BOOT.BIN	0x2db268	<ruby真|しん><ruby裏蓮華|うられんげ>！！	3c72756279905e7c82b582f13e3c7275627997a0984089d87c82a482e782ea82f182b03e81498149		<ruby真|しん><ruby裏蓮휩|うられんげ>！！	0.077	40
C00624	BOOT:0x2db2a4	BOOT_CSTR	BOOT.BIN	0x2db2a4	<ruby無限乱舞|むげんらんぶ>	3c7275627996b38cc0979095917c82de82b082f182e782f182d43e		<ruby無限깨舞|むげんらんぶ>	0.100	27
C00625	BOOT:0x2db2f0	BOOT_CSTR	BOOT.BIN	0x2db2f0	<ruby砂分身|すなぶんしん>	3c727562798dbb95aa90677c82b782c882d482f182b582f13e		<ruby砂分身|すなぶんしん>	0.000	25
C00626	BOOT:0x2db31c	BOOT_CSTR	BOOT.BIN	0x2db31c	<ruby砂瀑送葬|さばくそうそう>	3c727562798dbbe065919791927c82b382ce82ad82bb82a482bb82a43e		<ruby砂瀑送葬|さばくそうそう>	0.000	29
C00627	BOOT:0x2db34c	BOOT_CSTR	BOOT.BIN	0x2db34c	<ruby真|しん>　<ruby砂瀑送葬|さばくそうそう>	3c72756279905e7c82b582f13e81403c727562798dbbe065919791927c82b382ce82ad82bb82a482bb82a43e		<ruby真|しん>　<ruby砂瀑送葬|さばくそうそう>	0.000	44
C00628	BOOT:0x2db3a4	BOOT_CSTR	BOOT.BIN	0x2db3a4	カンクロウ<ruby登場|とうじょう>	834a8393834e838d83453c72756279936f8fea7c82c682a482b682e582a43e		カンクロウ<ruby登순|とうじょう>	0.083	31
C00629	BOOT:0x2db3d4	BOOT_CSTR	BOOT.BIN	0x2db3d4	テマリ<ruby登場|とうじょう>	8365837d838a3c72756279936f8fea7c82c682a482b682e582a43e		テマリ<ruby登순|とうじょう>	0.100	27
C00630	BOOT:0x2db410	BOOT_CSTR	BOOT.BIN	0x2db410	<ruby風遁|ふうとん>　<ruby無限砂塵大突破|むげんさじんだいとっぱ>	3c72756279959793d97c82d382a482c682f13e81403c7275627996b38cc08dbb906f91e593cb946a7c82de82b082f182b382b682f182be82a282c682c182cf3e		<ruby風리|ふうとん>　<ruby無限砂塵大릿破|むげんさじんだいとっぱ>	0.080	64
C00631	BOOT:0x2db464	BOOT_CSTR	BOOT.BIN	0x2db464	<ruby砂手裏剣|すなしゅりけん>	3c727562798dbb8ee897a08c957c82b782c882b582e382e882af82f13e		<ruby砂엥裏剣|すなしゅりけん>	0.091	29
C00632	BOOT:0x2db494	BOOT_CSTR	BOOT.BIN	0x2db494	<ruby完全体|かんぜんたい>　<ruby風遁|ふうとん>　<ruby練空弾|れんくうだん>	3c727562798aae915391cc7c82a982f182ba82f182bd82a23e81403c72756279959793d97c82d382a482c682f13e81403c7275627997fb8bf392657c82ea82f182ad82a482be82f13e		<ruby完全体|かんぜんたい>　<ruby風리|ふうとん>　<ruby결찬弾|れんくうだん>	0.115	73
C00261	BOOT:0x2db51c	BOOT_CSTR	BOOT.BIN	0x2db51c	<ruby肉弾戦車|にくだんせんしゃ>	3c7275627993f7926590ed8ed47c82c982ad82be82f182b982f182b582e13e		<ruby른弾戦옛|にくだんせんしゃ>	0.167	31
C00633	BOOT:0x2db54c	BOOT_CSTR	BOOT.BIN	0x2db54c	<ruby肉弾大戦車|にくだんだいせんしゃ>	3c7275627993f7926591e590ed8ed47c82c982ad82be82f182be82a282b982f182b582e13e		<ruby른弾大戦옛|にくだんだいせんしゃ>	0.133	37
C00634	BOOT:0x2db594	BOOT_CSTR	BOOT.BIN	0x2db594	<ruby影真似|かげまね>の<ruby術|じゅつ>	3c727562798965905e8e977c82a982b082dc82cb3e82cc3c727562798f707c82b682e382c23e		<ruby影真似|かげまね>の<ruby術|じゅつ>	0.000	38
C00635	BOOT:0x2db5cc	BOOT_CSTR	BOOT.BIN	0x2db5cc	まだまだいくぜ！	82dc82be82dc82be82a282ad82ba8149		まだまだいくぜ！	0.000	16
C00636	BOOT:0x2db5f0	BOOT_CSTR	BOOT.BIN	0x2db5f0	<ruby真|しん><ruby影拘|かげくく>りの<ruby術|じゅつ>！	3c72756279905e7c82b582f13e3c7275627989658d537c82a982b082ad82ad3e82e882cc3c727562798f707c82b682e382c23e8149		<ruby真|しん><ruby影拘|かげくく>りの<ruby術|じゅつ>！	0.000	53
C00637	BOOT:0x2db638	BOOT_CSTR	BOOT.BIN	0x2db638	<ruby影擬人|かげぎじん>の<ruby術|じゅつ>	3c7275627989658b5b906c7c82a982b082ac82b682f13e82cc3c727562798f707c82b682e382c23e		<ruby影擬人|かげぎじん>の<ruby術|じゅつ>	0.000	40
C00638	BOOT:0x2db694	BOOT_CSTR	BOOT.BIN	0x2db694	<ruby瞬目殺|しゅんぼくさつ>	3c727562798f7596da8e457c82b582e382f182da82ad82b382c23e		<ruby瞬目殺|しゅんぼくさつ>	0.000	27
C00639	BOOT:0x2db6c0	BOOT_CSTR	BOOT.BIN	0x2db6c0	チャクラ<ruby振動刃|しんどうじん>	83608383834e83893c72756279905593ae906e7c82b582f182c782a482b682f13e		チャクラ<ruby振망刃|しんどうじん>	0.077	33
C00640	BOOT:0x2db704	BOOT_CSTR	BOOT.BIN	0x2db704	<ruby八卦掌回天|はっけしょうかいてん>	3c7275627994aa8c548fb689f193567c82cd82c182af82b582e582a482a982a282c482f13e		<ruby八卦쓸回天|はっけしょうかいてん>	0.067	37
C00641	BOOT:0x2db73c	BOOT_CSTR	BOOT.BIN	0x2db73c	<ruby八卦掌大回天|はっけしょうだいかいてん>	3c7275627994aa8c548fb691e589f193567c82cd82c182af82b582e582a482be82a282a982a282c482f13e		<ruby八卦쓸大回天|はっけしょうだいかいてん>	0.056	43
C00642	BOOT:0x2db788	BOOT_CSTR	BOOT.BIN	0x2db788	<ruby日向流体術|ひゅうがりゅうたいじゅつ>	3c7275627993fa8cfc97ac91cc8f707c82d082e382a482aa82e882e382a482bd82a282b682e382c23e		<ruby日向김体術|ひゅうがりゅうたいじゅつ>	0.059	41
C00643	BOOT:0x2db7c4	BOOT_CSTR	BOOT.BIN	0x2db7c4	<ruby点穴|てんけつ><ruby掌打|しょうだ>	3c72756279935f8c8a7c82c482f182af82c23e3c727562798fb691c57c82b582e582a482be3e		<ruby点穴|てんけつ><ruby쓸打|しょうだ>	0.083	38
C00548	BOOT:0x2db80c	BOOT_CSTR	BOOT.BIN	0x2db80c	<ruby八卦六十四掌|はっけろくじゅうよんしょう>	3c7275627994aa8c54985a8f5c8e6c8fb67c82cd82c182af82eb82ad82b682e382a482e682f182b582e582a43e		<ruby八卦걸억四쓸|はっけろくじゅうよんしょう>	0.158	45
C00644	BOOT:0x2db84c	BOOT_CSTR	BOOT.BIN	0x2db84c	<ruby八卦百二十八掌|はっけひゃくにじゅうはっしょう>	3c7275627994aa8c54955393f18f5c94aa8fb67c82cd82c182af82d082e182ad82c982b682e382a482cd82c182b582e582a43e		<ruby八卦百二억八쓸|はっけひゃくにじゅうはっしょう>	0.091	51
C00645	BOOT:0x2db890	BOOT_CSTR	BOOT.BIN	0x2db890	<ruby絶招|ぜっしょう> <ruby八門崩撃|はちもんほうげき>	3c7275627990e28fb57c82ba82c182b582e582a43e203c7275627994aa96e595f68c827c82cd82bf82e082f182d982a482b082ab3e		<ruby絶招|ぜっしょう> <ruby八門崩撃|はちもんほうげき>	0.000	53
C00646	BOOT:0x2db8f0	BOOT_CSTR	BOOT.BIN	0x2db8f0	<ruby丸太落|まるたお>とし	3c727562798adb91be978e7c82dc82e982bd82a83e82c682b5		<ruby丸백落|まるたお>とし	0.111	25
C00647	BOOT:0x2db91c	BOOT_CSTR	BOOT.BIN	0x2db91c	<ruby落石|らくせき><ruby注意|ちゅうい>	3c72756279978e90ce7c82e782ad82b982ab3e3c72756279928d88d37c82bf82e382a482a23e		<ruby落사|らくせき><ruby注意|ちゅうい>	0.083	38
C00648	BOOT:0x2db964	BOOT_CSTR	BOOT.BIN	0x2db964	<ruby負|ま>けるもんですか！	3c7275627995897c82dc3e82af82e982e082f182c582b782a98149		<ruby負|ま>けるもんですか！	0.000	27
C00649	BOOT:0x2db990	BOOT_CSTR	BOOT.BIN	0x2db990	<ruby愛|あい>は<ruby勝|か>つ！	3c7275627988a47c82a082a23e82cd3c727562798f9f7c82a93e82c28149		<ruby愛|あい>は<ruby勝|か>つ！	0.000	30
C00650	BOOT:0x2db9d0	BOOT_CSTR	BOOT.BIN	0x2db9d0	<ruby樹縛殺|じゅばくさつ>	3c727562798ef7949b8e457c82b682e382ce82ad82b382c23e		<ruby樹縛殺|じゅばくさつ>	0.000	25
C00651	BOOT:0x2db9fc	BOOT_CSTR	BOOT.BIN	0x2db9fc	<ruby大|おお>いなるサクラ	3c7275627991e57c82a882a83e82a282c882e98354834e8389		<ruby大|おお>いなるサクラ	0.000	25
C00167	BOOT:0x2dba38	BOOT_CSTR	BOOT.BIN	0x2dba38	<ruby千年殺|せんねんごろ>し	3c7275627990e7944e8e457c82b982f182cb82f182b282eb3e82b5		<ruby千年殺|せんねんごろ>し	0.000	27
C00652	BOOT:0x2dba64	BOOT_CSTR	BOOT.BIN	0x2dba64	<ruby土遁|どとん>　<ruby心中斬首|しんじゅうざんしゅ>の<ruby術|じゅつ>	3c72756279937993d97c82c782c682f13e81403c72756279905392868e618ef17c82b582f182b682e382a482b482f182b582e33e82cc3c727562798f707c82b682e382c23e		<ruby맨리|どとん>　<ruby心中斬首|しんじゅうざんしゅ>の<ruby術|じゅつ>	0.083	69
C00653	BOOT:0x2dbacc	BOOT_CSTR	BOOT.BIN	0x2dbacc	<ruby忍犬|にんけん><ruby召喚|しょうかん>	3c7275627994458ca27c82c982f182af82f13e3c727562798fa28aab7c82b582e582a482a982f13e		<ruby忍犬|にんけん><ruby召하|しょうかん>	0.077	40
C00168	BOOT:0x2dbb08	BOOT_CSTR	BOOT.BIN	0x2dbb08	<ruby土遁|どとん>　<ruby追牙|ついが>の<ruby術|じゅつ>	3c72756279937993d97c82c782c682f13e81403c7275627992c789e57c82c282a282aa3e82cc3c727562798f707c82b682e382c23e		<ruby맨리|どとん>　<ruby追牙|ついが>の<ruby術|じゅつ>	0.125	53
C00654	BOOT:0x2dbb60	BOOT_CSTR	BOOT.BIN	0x2dbb60	<ruby雷切|らいきり>	3c72756279978b90d87c82e782a282ab82e83e		<ruby껄切|らいきり>	0.167	19
C00655	BOOT:0x2dbb84	BOOT_CSTR	BOOT.BIN	0x2dbb84	その<ruby名|な>の<ruby由来|ゆらい>	82bb82cc3c7275627996bc7c82c83e82cc3c72756279975297887c82e482e782a23e		その<ruby년|な>の<ruby由껏|ゆらい>	0.200	34
C00656	BOOT:0x2dbbb8	BOOT_CSTR	BOOT.BIN	0x2dbbb8	<ruby雷切弐連突|らいきりにれんとつ>	3c72756279978b90d893f3984193cb7c82e782a282ab82e882c982ea82f182c682c23e		<ruby껄切弐連릿|らいきりにれんとつ>	0.143	35
C00657	BOOT:0x2dbc04	BOOT_CSTR	BOOT.BIN	0x2dbc04	<ruby南門東門|なんもんとうもん>	3c7275627993ec96e5938c96e57c82c882f182e082f182c682a482e082f13e		<ruby南門東門|なんもんとうもん>	0.000	31
C00658	BOOT:0x2dbc34	BOOT_CSTR	BOOT.BIN	0x2dbc34	<ruby西門北門|せいもんほくもん>	3c7275627990bc96e5966b96e57c82b982a282e082f182d982ad82e082f13e		<ruby西門北門|せいもんほくもん>	0.000	31
C00659	BOOT:0x2dbc74	BOOT_CSTR	BOOT.BIN	0x2dbc74	<ruby殺意|さつい>の<ruby刃|やいば>	3c727562798e4588d37c82b382c282a23e82cc3c72756279906e7c82e282a282ce3e		<ruby殺意|さつい>の<ruby刃|やいば>	0.000	34
C00660	BOOT:0x2dbca8	BOOT_CSTR	BOOT.BIN	0x2dbca8	<ruby死|し>の<ruby刃|やいば>	3c727562798e807c82b53e82cc3c72756279906e7c82e282a282ce3e		<ruby死|し>の<ruby刃|やいば>	0.000	28
C00661	BOOT:0x2dbce8	BOOT_CSTR	BOOT.BIN	0x2dbce8	<ruby二代目|にだいめ> <ruby水龍弾|すいりゅうだん>の<ruby術|じゅつ>	3c7275627993f191e396da7c82c982be82a282df3e203c72756279908597b492657c82b782a282e882e382a482be82f13e82cc3c727562798f707c82b682e382c23e		<ruby二代目|にだいめ> <ruby水龍弾|すいりゅうだん>の<ruby術|じゅつ>	0.000	66
C00662	BOOT:0x2dbd3c	BOOT_CSTR	BOOT.BIN	0x2dbd3c	<ruby初代|しょだい> <ruby樹界降誕|じゅかいこうたん>	3c727562798f8991e37c82b582e582be82a23e203c727562798ef78a458d7e92617c82b682e382a982a282b182a482bd82f13e		<ruby앞代|しょだい> <ruby樹界降誕|じゅかいこうたん>	0.056	51
C00663	BOOT:0x2dbd90	BOOT_CSTR	BOOT.BIN	0x2dbd90	<ruby爆砕氷晶|ばくさいひょうしょう>	3c72756279949a8dd395588fbb7c82ce82ad82b382a282d082e582a482b582e582a43e		<ruby爆砕氷쎄|ばくさいひょうしょう>	0.071	35
C00664	BOOT:0x2dbdc4	BOOT_CSTR	BOOT.BIN	0x2dbdc4	<ruby必殺氷槍|ひっさつひょうそう>	3c72756279954b8e45955891847c82d082c182b382c282d082e582a482bb82a43e		<ruby必殺氷槍|ひっさつひょうそう>	0.000	33
C00199	BOOT:0x2dbe08	BOOT_CSTR	BOOT.BIN	0x2dbe08	<ruby千殺水翔|せんさつすいしょう>	3c7275627990e78e459085e3c47c82b982f182b382c282b782a282b582e582a43e		<ruby千殺水翔|せんさつすいしょう>	0.000	33
C00665	BOOT:0x2dbe3c	BOOT_CSTR	BOOT.BIN	0x2dbe3c	<ruby滅殺水翔|めっさつすいしょう>	3c7275627996c58e459085e3c47c82df82c182b382c282b782a282b582e582a43e		<ruby녀殺水翔|めっさつすいしょう>	0.077	33
C00666	BOOT:0x2dbe80	BOOT_CSTR	BOOT.BIN	0x2dbe80	<ruby魔鏡氷晶|まきょうひょうしょう>	3c7275627996828bbe95588fbb7c82dc82ab82e582a482d082e582a482b582e582a43e		<ruby뇌츠氷쎄|まきょうひょうしょう>	0.214	35
C00667	BOOT:0x2dbeb4	BOOT_CSTR	BOOT.BIN	0x2dbeb4	<ruby魔鏡氷殺|まきょうひょうさつ>	3c7275627996828bbe95588e457c82dc82ab82e582a482d082e582a482b382c23e		<ruby뇌츠氷殺|まきょうひょうさつ>	0.154	33
C00668	BOOT:0x2dbf0c	BOOT_CSTR	BOOT.BIN	0x2dbf0c	<ruby叩撃|こうげき>	3c7275627992408c827c82b182a482b082ab3e		<ruby叩撃|こうげき>	0.000	19
C00669	BOOT:0x2dbf30	BOOT_CSTR	BOOT.BIN	0x2dbf30	<ruby斬林|きりん>	3c727562798e6197d17c82ab82e882f13e		<ruby斬군|きりん>	0.200	17
C00670	BOOT:0x2dbf68	BOOT_CSTR	BOOT.BIN	0x2dbf68	<ruby霧隠|きりがく>れの<ruby術|じゅつ>	3c7275627996b689427c82ab82e882aa82ad3e82ea82cc3c727562798f707c82b682e382c23e		<ruby녕隠|きりがく>れの<ruby術|じゅつ>	0.083	38
C00671	BOOT:0x2dbfa0	BOOT_CSTR	BOOT.BIN	0x2dbfa0	<ruby水分身|みずぶんしん>の<ruby術|じゅつ>	3c72756279908595aa90677c82dd82b882d482f182b582f13e82cc3c727562798f707c82b682e382c23e		<ruby水分身|みずぶんしん>の<ruby術|じゅつ>	0.000	42
C00216	BOOT:0x2dbfec	BOOT_CSTR	BOOT.BIN	0x2dbfec	<ruby水遁|すいとん>　<ruby水龍弾|すいりゅうだん>の<ruby術|じゅつ>	3c72756279908593d97c82b782a282c682f13e81403c72756279908597b492657c82b782a282e882e382a482be82f13e82cc3c727562798f707c82b682e382c23e		<ruby水리|すいとん>　<ruby水龍弾|すいりゅうだん>の<ruby術|じゅつ>	0.045	65
C00672	BOOT:0x2dc040	BOOT_CSTR	BOOT.BIN	0x2dc040	<ruby水遁|すいとん>　<ruby大瀑布|だいばくふ>の<ruby術|じゅつ>	3c72756279908593d97c82b782a282c682f13e81403c7275627991e5e065957a7c82be82a282ce82ad82d33e82cc3c727562798f707c82b682e382c23e		<ruby水리|すいとん>　<ruby大瀑布|だいばくふ>の<ruby術|じゅつ>	0.050	61
C00673	BOOT:0x2dc0a0	BOOT_CSTR	BOOT.BIN	0x2dc0a0	キバ<ruby登場|とうじょう>	834c836f3c72756279936f8fea7c82c682a482b682e582a43e		キバ<ruby登순|とうじょう>	0.111	25
C00674	BOOT:0x2dc0cc	BOOT_CSTR	BOOT.BIN	0x2dc0cc	シノ<ruby登場|とうじょう>	8356836d3c72756279936f8fea7c82c682a482b682e582a43e		シノ<ruby登순|とうじょう>	0.111	25
C00675	BOOT:0x2dc0f8	BOOT_CSTR	BOOT.BIN	0x2dc0f8	<ruby宗家|そうけ>の<ruby力|ちから>	3c727562798f4089c67c82bb82a482af3e82cc3c7275627997cd7c82bf82a982e73e		<ruby宗家|そうけ>の<ruby力|ちから>	0.000	34
C00676	BOOT:0x2dc154	BOOT_CSTR	BOOT.BIN	0x2dc154	<ruby経絡撃|けいらくげき>	3c727562798c6f978d8c827c82af82a282e782ad82b082ab3e		<ruby経絡撃|けいらくげき>	0.000	25
C00677	BOOT:0x2dc190	BOOT_CSTR	BOOT.BIN	0x2dc190	<ruby柔拳乱舞|じゅうけんらんぶ>	3c727562798f5f8c9d979095917c82b682e382a482af82f182e782f182d43e		<ruby어拳깨舞|じゅうけんらんぶ>	0.167	31
C00678	BOOT:0x2dc1c0	BOOT_CSTR	BOOT.BIN	0x2dc1c0	<ruby百烈掌|ひゃくれつしょう>	3c72756279955397f38fb67c82d082e182ad82ea82c282b582e582a43e		<ruby百烈쓸|ひゃくれつしょう>	0.091	29
C00679	BOOT:0x2dc260	BOOT_CSTR	BOOT.BIN	0x2dc260	<ruby操具|そうぐ> <ruby襲千刃|しゅうせんじん>	3c7275627991808bef7c82bb82a482ae3e203c727562798f5090e7906e7c82b582e382a482b982f182b682f13e		<ruby操찰|そうぐ> <ruby襲千刃|しゅうせんじん>	0.067	45
C00680	BOOT:0x2dc2a0	BOOT_CSTR	BOOT.BIN	0x2dc2a0	<ruby操具|そうぐ> <ruby死球撃|しきゅうげき>	3c7275627991808bef7c82bb82a482ae3e203c727562798e808b858c827c82b582ab82e382a482b082ab3e		<ruby操찰|そうぐ> <ruby死球撃|しきゅうげき>	0.071	43
C00681	BOOT:0x2dc2ec	BOOT_CSTR	BOOT.BIN	0x2dc2ec	<ruby忍法|にんぽう>　<ruby百花繚乱|ひゃっかりょうらん>	3c72756279944596407c82c982f182db82a43e81403c72756279955389d4e38797907c82d082e182c182a982e882e582a482e782f13e		<ruby忍法|にんぽう>　<ruby百흔繚깨|ひゃっかりょうらん>	0.100	54
C00682	BOOT:0x2dc334	BOOT_CSTR	BOOT.BIN	0x2dc334	<ruby心乱身|しんらんしん>の<ruby術|じゅつ>	3c727562799053979090677c82b582f182e782f182b582f13e82cc3c727562798f707c82b682e382c23e		<ruby心깨身|しんらんしん>の<ruby術|じゅつ>	0.071	42
C00683	BOOT:0x2dc3b0	BOOT_CSTR	BOOT.BIN	0x2dc3b0	<ruby超|ちょう>ハエたたき	3c7275627992b47c82bf82e582a43e836e834782bd82bd82ab		<ruby超|ちょう>ハエたたき	0.000	25
C00684	BOOT:0x2dc3dc	BOOT_CSTR	BOOT.BIN	0x2dc3dc	ポッチャリダイブ	837c836283608383838a835f83438375		ポッチャリダイブ	0.000	16
C00685	BOOT:0x2dc4d0	BOOT_CSTR	BOOT.BIN	0x2dc4d0	<ruby寄壊蟲|きかいちゅう>　<ruby簇|やじり>	3c727562798af189f3e5b37c82ab82a982a282bf82e382a43e81403c72756279e2c67c82e282b682e83e		<ruby寄壊蟲|きかいちゅう>　<ruby簇|やじり>	0.000	42
C00686	BOOT:0x2dc50c	BOOT_CSTR	BOOT.BIN	0x2dc50c	<ruby寄壊蟲|きかいちゅう>　<ruby颶|つむじ>	3c727562798af189f3e5b37c82ab82a982a282bf82e382a43e81403c72756279e9467c82c282de82b63e		<ruby寄壊蟲|きかいちゅう>　<ruby颶|つむじ>	0.000	42
C00687	BOOT:0x2dc558	BOOT_CSTR	BOOT.BIN	0x2dc558	<ruby牙通牙|がつうが>	3c7275627989e592ca89e57c82aa82c282a482aa3e		<ruby牙通牙|がつうが>	0.000	21
C00688	BOOT:0x2dc580	BOOT_CSTR	BOOT.BIN	0x2dc580	<ruby牙斬牙|がざんが>	3c7275627989e58e6189e57c82aa82b482f182aa3e		<ruby牙斬牙|がざんが>	0.000	21
C00689	BOOT:0x2dc618	BOOT_CSTR	BOOT.BIN	0x2dc618	<ruby寄壊蟲|きかいちゅう> <ruby簇|やじり>	3c727562798af189f3e5b37c82ab82a982a282bf82e382a43e203c72756279e2c67c82e282b682e83e		<ruby寄壊蟲|きかいちゅう> <ruby簇|やじり>	0.000	41
C00690	BOOT:0x2dc654	BOOT_CSTR	BOOT.BIN	0x2dc654	<ruby寄壊蟲|きかいちゅう> <ruby颶|つむじ>	3c727562798af189f3e5b37c82ab82a982a282bf82e382a43e203c72756279e9467c82c282de82b63e		<ruby寄壊蟲|きかいちゅう> <ruby颶|つむじ>	0.000	41
C00691	BOOT:0x2dc6a0	BOOT_CSTR	BOOT.BIN	0x2dc6a0	<ruby乱|みだ>れ<ruby扇舞|せんぶ>	3c7275627997907c82dd82be3e82ea3c7275627990ee95917c82b982f182d43e		<ruby깨|みだ>れ<ruby뿐舞|せんぶ>	0.222	32
C00692	BOOT:0x2dc6d4	BOOT_CSTR	BOOT.BIN	0x2dc6d4	<ruby最大風力|さいだいふうりょく>	3c727562798dc591e5959797cd7c82b382a282be82a282d382a482e882e582ad3e		<ruby最大風力|さいだいふうりょく>	0.000	33
C00693	BOOT:0x2dc748	BOOT_CSTR	BOOT.BIN	0x2dc748	<ruby傀儡|くぐつ>　<ruby無尽爆刃|むじんばくじん>	3c7275627998f899537c82ad82ae82c23e81403c7275627996b39073949a906e7c82de82b682f182ce82ad82b682f13e		<ruby傀儡|くぐつ>　<ruby無尽爆刃|むじんばくじん>	0.000	48
C00694	BOOT:0x2dc78c	BOOT_CSTR	BOOT.BIN	0x2dc78c	<ruby傀儡|くぐつ>　<ruby廻刃天穿|かいじんてんせん>	3c7275627998f899537c82ad82ae82c23e81403c7275627989f4906e935690fa7c82a982a282b682f182c482f182b982f13e		<ruby傀儡|くぐつ>　<ruby廻刃天穿|かいじんてんせん>	0.000	50
C00695	BOOT:0x2dc870	BOOT_CSTR	BOOT.BIN	0x2dc870	<ruby木|こ>ノ<ruby葉|は>　<ruby豪放磊落|ごうほうらいらく>	3c7275627996d87c82b13e836d3c7275627997747c82cd3e81403c727562798d8b95fae1fb978e7c82b282a482d982a482e782a282e782ad3e		<ruby木|こ>ノ<ruby葉|は>　<ruby豪닙磊落|ごうほうらいらく>	0.056	57
C00696	BOOT:0x2dc8bc	BOOT_CSTR	BOOT.BIN	0x2dc8bc	<ruby表蓮華|おもてれんげ>ガイ<rubyVer|バージョン>.	3c72756279955c984089d87c82a882e082c482ea82f182b03e834b83433c727562795665727c836f815b8357838783933e2e		<ruby表蓮휩|おもてれんげ>ガイ<rubyVer|バージョン>.	0.062	50
C00697	BOOT:0x2dc910	BOOT_CSTR	BOOT.BIN	0x2dc910	<ruby忍亀回転撃|にんがめかいてんげき>	3c7275627994458b5489f1935d8c827c82c982f182aa82df82a982a282c482f182b082ab3e		<ruby忍탕回転撃|にんがめかいてんげき>	0.067	37
C00698	BOOT:0x2dc948	BOOT_CSTR	BOOT.BIN	0x2dc948	<ruby自分|じぶん>ルール	3c727562798ea995aa7c82b682d482f13e838b815b838b		<ruby울分|じぶん>ルール	0.125	23
C00699	BOOT:0x2dc990	BOOT_CSTR	BOOT.BIN	0x2dc990	<ruby究極|きゅうきょく>　<ruby裏蓮華|うられんげ>	3c727562798b868bc97c82ab82e382a482ab82e582ad3e81403c7275627997a0984089d87c82a482e782ea82f182b03e		<ruby究출|きゅうきょく>　<ruby裏蓮휩|うられんげ>	0.118	48
C00700	BOOT:0x2dc9e4	BOOT_CSTR	BOOT.BIN	0x2dc9e4	<ruby蝦蟇|がま>ドス<ruby斬|ざん>	3c7275627989dae5af7c82aa82dc3e836883583c727562798e617c82b482f13e		<ruby蝦蟇|がま>ドス<ruby斬|ざん>	0.000	32
C00701	BOOT:0x2dca18	BOOT_CSTR	BOOT.BIN	0x2dca18	<ruby火遁|かとん>　<ruby蝦蟇油炎弾|がまゆえんだん>	3c7275627989ce93d97c82a982c682f13e81403c7275627989dae5af96fb898a92657c82aa82dc82e482a682f182be82f13e		<ruby흥리|かとん>　<ruby蝦蟇끼炎弾|がまゆえんだん>	0.167	50
C00702	BOOT:0x2dca6c	BOOT_CSTR	BOOT.BIN	0x2dca6c	<ruby土遁|どとん>　<ruby黄泉沼|よみぬま>	3c72756279937993d97c82c782c682f13e81403c7275627989a990f28fc07c82e682dd82ca82dc3e		<ruby맨리|どとん>　<ruby칸泉썹|よみぬま>	0.308	40
C00703	BOOT:0x2dcaa8	BOOT_CSTR	BOOT.BIN	0x2dcaa8	<ruby黄泉蝦蟇踊|よみがまおど>り	3c7275627989a990f289dae5af97787c82e682dd82aa82dc82a882c73e82e8		<ruby칸泉蝦蟇踊|よみがまおど>り	0.083	31
C00704	BOOT:0x2dcae8	BOOT_CSTR	BOOT.BIN	0x2dcae8	<ruby忍法|にんぽう>　<ruby蝦蟇口縛|がまぐちしば>り	3c72756279944596407c82c982f182db82a43e81403c7275627989dae5af8cfb949b7c82aa82dc82ae82bf82b582ce3e82e8		<ruby忍法|にんぽう>　<ruby蝦蟇口縛|がまぐちしば>り	0.000	50
C00705	BOOT:0x2dcb2c	BOOT_CSTR	BOOT.BIN	0x2dcb2c	<ruby四代目|よんだいめ>の<ruby遺|のこ>した<ruby術|じゅつ>	3c727562798e6c91e396da7c82e682f182be82a282df3e82cc3c7275627988e27c82cc82b13e82b582bd3c727562798f707c82b682e382c23e		<ruby四代目|よんだいめ>の<ruby遺|のこ>した<ruby術|じゅつ>	0.000	57
C00706	BOOT:0x2dcb88	BOOT_CSTR	BOOT.BIN	0x2dcb88	<ruby手裏剣影分身|しゅりけんかげぶんしん>の<ruby術|じゅつ>	3c727562798ee897a08c95896595aa90677c82b582e382e882af82f182a982b082d482f182b582f13e82cc3c727562798f707c82b682e382c23e		<ruby엥裏剣影分身|しゅりけんかげぶんしん>の<ruby術|じゅつ>	0.045	58
C00707	BOOT:0x2dcbd4	BOOT_CSTR	BOOT.BIN	0x2dcbd4	<ruby手裏剣巨身|しゅりけんきょしん>の<ruby術|じゅつ>	3c727562798ee897a08c958b9090677c82b582e382e882af82f182ab82e582b582f13e82cc3c727562798f707c82b682e382c23e		<ruby엥裏剣巨身|しゅりけんきょしん>の<ruby術|じゅつ>	0.053	52
C00708	BOOT:0x2dcc2c	BOOT_CSTR	BOOT.BIN	0x2dcc2c	<ruby猿猴王|えんこうおう>　<ruby猿魔|えんま>	3c72756279898ee0cb89a47c82a682f182b182a482a882a43e81403c72756279898e96827c82a682f182dc3e		<ruby猿猴王|えんこうおう>　<ruby猿뇌|えんま>	0.067	44
C00709	BOOT:0x2dcc6c	BOOT_CSTR	BOOT.BIN	0x2dcc6c	<ruby如意金剛縛|にょいこんごうばく>	3c72756279944088d38be08d84949b7c82c982e582a282b182f182b282a482ce82ad3e		<ruby如意철剛縛|にょいこんごうばく>	0.071	35
C00710	BOOT:0x2dccb0	BOOT_CSTR	BOOT.BIN	0x2dccb0	<ruby魂魄斬|こんぱくざん>	3c727562798db0e9ae8e617c82b182f182cf82ad82b482f13e		<ruby魂魄斬|こんぱくざん>	0.000	25
C00711	BOOT:0x2dccdc	BOOT_CSTR	BOOT.BIN	0x2dccdc	<ruby魂魄両断|こんぱくりょうだん>	3c727562798db0e9ae97bc92667c82b182f182cf82ad82e882e582a482be82f13e		<ruby魂魄両묘|こんぱくりょうだん>	0.077	33
C00712	BOOT:0x2dcd20	BOOT_CSTR	BOOT.BIN	0x2dcd20	<ruby迅水|しんすい>	3c72756279907690857c82b582f182b782a23e		<ruby迅水|しんすい>	0.000	19
C00713	BOOT:0x2dcd44	BOOT_CSTR	BOOT.BIN	0x2dcd44	<ruby朧月|ろうげつ>	3c727562799e4f8c8e7c82eb82a482b082c23e		<ruby朧月|ろうげつ>	0.000	19
C00714	BOOT:0x2dcd78	BOOT_CSTR	BOOT.BIN	0x2dcd78	<ruby夢幻|むげん>	3c7275627996b28cb67c82de82b082f13e		<ruby夢幻|むげん>	0.000	17
C00715	BOOT:0x2dcd9c	BOOT_CSTR	BOOT.BIN	0x2dcd9c	<ruby黒夢|くろゆめ>	3c727562798d9596b27c82ad82eb82e482df3e		<ruby적夢|くろゆめ>	0.167	19
C00716	BOOT:0x2dcdd0	BOOT_CSTR	BOOT.BIN	0x2dcdd0	<ruby禍焔|かえん>	3c7275627989d0898b7c82a982a682f13e		<ruby禍焔|かえん>	0.000	17
C00717	BOOT:0x2dcdf4	BOOT_CSTR	BOOT.BIN	0x2dcdf4	<ruby旭日|きょくじつ>	3c7275627988ae93fa7c82ab82e582ad82b682c23e		<ruby旭日|きょくじつ>	0.000	21
C00718	BOOT:0x2dce5c	BOOT_CSTR	BOOT.BIN	0x2dce5c	<ruby削|きさ>ぎ<ruby斬|ぎ>り	3c727562798ded7c82ab82b33e82ac3c727562798e617c82ac3e82e8		<ruby削|きさ>ぎ<ruby斬|ぎ>り	0.000	28
C00719	BOOT:0x2dce8c	BOOT_CSTR	BOOT.BIN	0x2dce8c	<ruby喰気斬|くろきぎ>り	3c727562798bf28b438e617c82ad82eb82ab82ac3e82e8		<ruby찮気斬|くろきぎ>り	0.125	23
C00720	BOOT:0x2dcec4	BOOT_CSTR	BOOT.BIN	0x2dcec4	<ruby水遁|すいとん>　<ruby水鮫弾|すいこうだん>の<ruby術|じゅつ>	3c72756279908593d97c82b782a282c682f13e81403c7275627990858e4c92657c82b782a282b182a482be82f13e82cc3c727562798f707c82b682e382c23e		<ruby水리|すいとん>　<ruby水鮫弾|すいこうだん>の<ruby術|じゅつ>	0.048	63
C00721	BOOT:0x2dcf34	BOOT_CSTR	BOOT.BIN	0x2dcf34	1000<rubyＭ|メートル>パンチ	313030303c72756279826c7c8381815b8367838b3e837083938360		1000<rubyＭ|メートル>パンチ	0.000	27
C00722	BOOT:0x2dcf60	BOOT_CSTR	BOOT.BIN	0x2dcf60	<ruby超|ちょう>デコピン	3c7275627992b47c82bf82e582a43e8366835283738393		<ruby超|ちょう>デコピン	0.000	23
C00482	BOOT:0x2dcf98	BOOT_CSTR	BOOT.BIN	0x2dcf98	チャクラ<ruby解剖刀|メス>	83608383834e83893c7275627989f0965593817c838183583e		チャクラ<ruby解능刀|メス>	0.111	25
C00723	BOOT:0x2dcfc4	BOOT_CSTR	BOOT.BIN	0x2dcfc4	<ruby神経混乱|しんけいこんらん>	3c72756279905f8c6f8dac97907c82b582f182af82a282b182f182e782f13e		<ruby神経잡깨|しんけいこんらん>	0.167	31
C00724	BOOT:0x2dd004	BOOT_CSTR	BOOT.BIN	0x2dd004	カツユ<ruby召喚|しょうかん>	834a836383863c727562798fa28aab7c82b582e582a482a982f13e		カツユ<ruby召하|しょうかん>	0.100	27
C00725	BOOT:0x2dd030	BOOT_CSTR	BOOT.BIN	0x2dd030	<ruby舌歯粘酸|ぜっしねんさん>	3c7275627990e38e9594538e5f7c82ba82c182b582cb82f182b382f13e		<ruby舌웠粘酸|ぜっしねんさん>	0.091	29
C00726	BOOT:0x2dd070	BOOT_CSTR	BOOT.BIN	0x2dd070	<ruby爆走豪力氷打|ばくそうごうりきひょうだ>	3c72756279949a91968d8b97cd955891c57c82ce82ad82bb82a482b282a482e882ab82d082e582a482be3e		<ruby爆走豪力氷打|ばくそうごうりきひょうだ>	0.000	43
C00727	BOOT:0x2dd0ac	BOOT_CSTR	BOOT.BIN	0x2dd0ac	<ruby爆裂氷山崩|ばくれつひょうざんくず>し	3c72756279949a97f495588e5295f67c82ce82ad82ea82c282d082e582a482b482f182ad82b83e82b5		<ruby爆곤氷山崩|ばくれつひょうざんくず>し	0.059	41
C00728	BOOT:0x2dd0f8	BOOT_CSTR	BOOT.BIN	0x2dd0f8	ツバメ<ruby吹雪|ふぶき>	8363836f83813c72756279908190e17c82d382d482ab3e		ツバメ<ruby吹雪|ふぶき>	0.000	23
C00729	BOOT:0x2dd120	BOOT_CSTR	BOOT.BIN	0x2dd120	<ruby氷牢|ひょうろう>の<ruby術|じゅつ>	3c72756279955898537c82d082e582a482eb82a43e82cc3c727562798f707c82b682e382c23e		<ruby氷牢|ひょうろう>の<ruby術|じゅつ>	0.000	38
C00730	BOOT:0x2dd168	BOOT_CSTR	BOOT.BIN	0x2dd168	<ruby氷遁|ひょうとん>　<ruby破龍猛虎|はりゅうもうこ>	3c72756279955893d97c82d082e582a482c682f13e81403c72756279946a97b496d28cd57c82cd82e882e382a482e082a482b13e		<ruby氷리|ひょうとん>　<ruby破龍猛虎|はりゅうもうこ>	0.053	52
C00731	BOOT:0x2dd1b0	BOOT_CSTR	BOOT.BIN	0x2dd1b0	<ruby氷遁|ひょうとん>　<ruby一角白鯨|いっかくはくげい>	3c72756279955893d97c82d082e582a482c682f13e81403c7275627988ea8a7094928c7e7c82a282c182a982ad82cd82ad82b082a23e		<ruby氷리|ひょうとん>　<ruby一角白짖|いっかくはくげい>	0.100	54
C00732	BOOT:0x2dd50c	BOOT_CSTR	BOOT.BIN	0x2dd50c	<ruby赤|あか>いチャクラ<ruby解放|かいほう>！	3c7275627990d47c82a082a93e82a283608383834e83893c7275627989f095fa7c82a982a282d982a43e8149		<ruby赤|あか>いチャクラ<ruby解닙|かいほう>！	0.067	44
C00733	BOOT:0x2dd54c	BOOT_CSTR	BOOT.BIN	0x2dd54c	<ruby赤|あか>いチャクラ<ruby炸裂|さくれつ>！	3c7275627990d47c82a082a93e82a283608383834e83893c72756279e07997f47c82b382ad82ea82c23e8149		<ruby赤|あか>いチャクラ<ruby炸곤|さくれつ>！	0.067	44
C00059	BOOT:0x2dd59c	BOOT_CSTR	BOOT.BIN	0x2dd59c	<ruby分身|ぶんしん>	3c7275627995aa90677c82d482f182b582f13e		<ruby分身|ぶんしん>	0.000	19
C00060	BOOT:0x2dd5c0	BOOT_CSTR	BOOT.BIN	0x2dd5c0	<ruby口寄|くちよ>せ	3c727562798cfb8af17c82ad82bf82e63e82b9		<ruby口寄|くちよ>せ	0.000	19
C00734	BOOT:0x2dd5e4	BOOT_CSTR	BOOT.BIN	0x2dd5e4	<ruby新必殺技|しんひっさつわざ>！	3c727562799056954b8e458b5a7c82b582f182d082c182b382c282ed82b43e8149		<ruby新必殺技|しんひっさつわざ>！	0.000	33
C00077	BOOT:0x2dd618	BOOT_CSTR	BOOT.BIN	0x2dd618	<ruby連弾|れんだん>	3c72756279984192657c82ea82f182be82f13e		<ruby連弾|れんだん>	0.000	19
C00078	BOOT:0x2dd63c	BOOT_CSTR	BOOT.BIN	0x2dd63c	<ruby呪印|じゅいん>	3c727562798ef488f37c82b682e382a282f13e		<ruby에印|じゅいん>	0.167	19
C00095	BOOT:0x2dd670	BOOT_CSTR	BOOT.BIN	0x2dd670	<ruby体術|たいじゅつ>	3c7275627991cc8f707c82bd82a282b682e382c23e		<ruby体術|たいじゅつ>	0.000	21
C00096	BOOT:0x2dd698	BOOT_CSTR	BOOT.BIN	0x2dd698	<ruby禁|きん>じ<ruby手体術|てたいじゅつ>	3c727562798bd67c82ab82f13e82b63c727562798ee891cc8f707c82c482bd82a282b682e382c23e		<ruby쳤|きん>じ<ruby엥体術|てたいじゅつ>	0.154	40
C00735	BOOT:0x2dd6d4	BOOT_CSTR	BOOT.BIN	0x2dd6d4	<ruby八門遁甲|はちもんとんこう>	3c7275627994aa96e593d98d627c82cd82bf82e082f182c682f182b182a43e		<ruby八門리甲|はちもんとんこう>	0.083	31
C00112	BOOT:0x2dd704	BOOT_CSTR	BOOT.BIN	0x2dd704	<ruby砂|すな>	3c727562798dbb7c82b782c83e		<ruby砂|すな>	0.000	13
C00113	BOOT:0x2dd724	BOOT_CSTR	BOOT.BIN	0x2dd724	<ruby仲間|なかま>	3c7275627992878ad47c82c882a982dc3e		<ruby仲間|なかま>	0.000	17
C00736	BOOT:0x2dd748	BOOT_CSTR	BOOT.BIN	0x2dd748	<ruby憑依体|ひょういたい>	3c727562799cdf88cb91cc7c82d082e582a482a282bd82a23e		<ruby憑依体|ひょういたい>	0.000	25
C00129	BOOT:0x2dd774	BOOT_CSTR	BOOT.BIN	0x2dd774	チョウジ	8360838783458357		チョウジ	0.000	8
C00130	BOOT:0x2dd790	BOOT_CSTR	BOOT.BIN	0x2dd790	<ruby影真似|かげまね>	3c727562798965905e8e977c82a982b082dc82cb3e		<ruby影真似|かげまね>	0.000	21
C00737	BOOT:0x2dd7b8	BOOT_CSTR	BOOT.BIN	0x2dd7b8	アスマ	83418358837d		アスマ	0.000	6
C00134	BOOT:0x2dd7d0	BOOT_CSTR	BOOT.BIN	0x2dd7d0	<ruby回天|かいてん>	3c7275627989f193567c82a982a282c482f13e		<ruby回天|かいてん>	0.000	19
C00147	BOOT:0x2dd7f4	BOOT_CSTR	BOOT.BIN	0x2dd7f4	<ruby白眼|びゃくがん>	3c7275627994928ae17c82d182e182ad82aa82f13e		<ruby白파|びゃくがん>	0.143	21
C00738	BOOT:0x2dd81c	BOOT_CSTR	BOOT.BIN	0x2dd81c	<ruby八卦|はっけ>	3c7275627994aa8c547c82cd82c182af3e		<ruby八卦|はっけ>	0.000	17
C00163	BOOT:0x2dd840	BOOT_CSTR	BOOT.BIN	0x2dd840	ブービートラップ	8375815b8372815b8367838983628376		ブービートラップ	0.000	16
C00164	BOOT:0x2dd864	BOOT_CSTR	BOOT.BIN	0x2dd864	<ruby内|うち>なるサクラ	3c7275627993e07c82a482bf3e82c882e98354834e8389		<ruby内|うち>なるサクラ	0.000	23
C00739	BOOT:0x2dd88c	BOOT_CSTR	BOOT.BIN	0x2dd88c	<ruby幻術|げんじゅつ>	3c727562798cb68f707c82b082f182b682e382c23e		<ruby幻術|げんじゅつ>	0.000	21
C00181	BOOT:0x2dd8b4	BOOT_CSTR	BOOT.BIN	0x2dd8b4	<ruby忍|しのび>の<ruby心得|こころえ>	3c7275627994457c82b582cc82d13e82cc3c72756279905393be7c82b182b182eb82a63e		<ruby忍|しのび>の<ruby心得|こころえ>	0.000	36
C00740	BOOT:0x2dd8fc	BOOT_CSTR	BOOT.BIN	0x2dd8fc	オリジナル<ruby技|わざ>	8349838a83578369838b3c727562798b5a7c82ed82b43e		オリジナル<ruby技|わざ>	0.000	23
C00197	BOOT:0x2dd924	BOOT_CSTR	BOOT.BIN	0x2dd924	<ruby音|おと>の<ruby四人衆|よにんしゅう>	3c7275627989b97c82a882c63e82cc3c727562798e6c906c8f4f7c82e682c982f182b582e382a43e		<ruby검|おと>の<ruby四人衆|よにんしゅう>	0.077	40
C00198	BOOT:0x2dd960	BOOT_CSTR	BOOT.BIN	0x2dd960	<ruby殺気|さっき>	3c727562798e458b437c82b382c182ab3e		<ruby殺気|さっき>	0.000	17
C00741	BOOT:0x2dd984	BOOT_CSTR	BOOT.BIN	0x2dd984	<ruby穢土転生|えどてんせい>	3c72756279e2719379935d90b67c82a682c782c482f182b982a23e		<ruby穢맨転生|えどてんせい>	0.100	27
C00213	BOOT:0x2dd9b0	BOOT_CSTR	BOOT.BIN	0x2dd9b0	<ruby氷術|ひょうじゅつ>	3c7275627995588f707c82d082e582a482b682e382c23e		<ruby氷術|ひょうじゅつ>	0.000	23
C00214	BOOT:0x2dd9d8	BOOT_CSTR	BOOT.BIN	0x2dd9d8	<ruby片手印|かたていん>	3c7275627995d08ee888f37c82a982bd82c482a282f13e		<ruby片엥印|かたていん>	0.125	23
C00215	BOOT:0x2dda00	BOOT_CSTR	BOOT.BIN	0x2dda00	<ruby血継限界|けっけいげんかい>	3c727562798c8c8c708cc08a457c82af82c182af82a282b082f182a982a23e		<ruby血継限界|けっけいげんかい>	0.000	31
C00230	BOOT:0x2dda40	BOOT_CSTR	BOOT.BIN	0x2dda40	<ruby霧隠|きりがく>れ<ruby忍法|にんぽう>	3c7275627996b689427c82ab82e882aa82ad3e82ea3c72756279944596407c82c982f182db82a43e		<ruby녕隠|きりがく>れ<ruby忍法|にんぽう>	0.077	40
C00231	BOOT:0x2dda7c	BOOT_CSTR	BOOT.BIN	0x2dda7c	<ruby水遁|すいとん>	3c72756279908593d97c82b782a282c682f13e		<ruby水리|すいとん>	0.167	19
C00742	BOOT:0x2ddac0	BOOT_CSTR	BOOT.BIN	0x2ddac0	<ruby柔拳|じゅうけん>	3c727562798f5f8c9d7c82b682e382a482af82f13e		<ruby어拳|じゅうけん>	0.143	21
C00097	BOOT:0x2ddae8	BOOT_CSTR	BOOT.BIN	0x2ddae8	リー	838a815b		リー	0.000	4
C00148	BOOT:0x2ddb00	BOOT_CSTR	BOOT.BIN	0x2ddb00	ネジ	836c8357		ネジ	0.000	4
C00246	BOOT:0x2ddb18	BOOT_CSTR	BOOT.BIN	0x2ddb18	<ruby忍具|にんぐ><ruby口寄|くちよ>せ	3c7275627994458bef7c82c982f182ae3e3c727562798cfb8af17c82ad82bf82e63e82b9		<ruby忍찰|にんぐ><ruby口寄|くちよ>せ	0.091	36
C00275	BOOT:0x2ddb50	BOOT_CSTR	BOOT.BIN	0x2ddb50	いの	82a282cc		いの	0.000	4
C00132	BOOT:0x2ddb68	BOOT_CSTR	BOOT.BIN	0x2ddb68	シカマル	8356834a837d838b		シカマル	0.000	8
C00743	BOOT:0x2ddb84	BOOT_CSTR	BOOT.BIN	0x2ddb84	<ruby倍化|ばいか>の<ruby術|じゅつ>	3c72756279947b89bb7c82ce82a282a93e82cc3c727562798f707c82b682e382c23e		<ruby倍한|ばいか>の<ruby術|じゅつ>	0.100	34
C00744	BOOT:0x2ddbd8	BOOT_CSTR	BOOT.BIN	0x2ddbd8	<ruby山中一族秘術|やまなかいちぞくひじゅつ>	3c727562798e52928688ea91b094e98f707c82e282dc82c882a982a282bf82bc82ad82d082b682e382c23e		<ruby山中一族뚫術|やまなかいちぞくひじゅつ>	0.056	43
C00245	BOOT:0x2ddc14	BOOT_CSTR	BOOT.BIN	0x2ddc14	ヒナタ	83718369835e		ヒナタ	0.000	6
C00306	BOOT:0x2ddc2c	BOOT_CSTR	BOOT.BIN	0x2ddc2c	シノ	8356836d		シノ	0.000	4
C00745	BOOT:0x2ddc44	BOOT_CSTR	BOOT.BIN	0x2ddc44	<ruby獣人体術|じゅうじんたいじゅつ>	3c727562798f62906c91cc8f707c82b682e382a482b682f182bd82a282b682e382c23e		<ruby獣人体術|じゅうじんたいじゅつ>	0.000	35
C00307	BOOT:0x2ddc88	BOOT_CSTR	BOOT.BIN	0x2ddc88	キバ	834c836f		キバ	0.000	4
C00746	BOOT:0x2ddca0	BOOT_CSTR	BOOT.BIN	0x2ddca0	<ruby寄壊蟲|きかいちゅう>の<ruby術|じゅつ>	3c727562798af189f3e5b37c82ab82a982a282bf82e382a43e82cc3c727562798f707c82b682e382c23e		<ruby寄壊蟲|きかいちゅう>の<ruby術|じゅつ>	0.000	42
C00336	BOOT:0x2ddcdc	BOOT_CSTR	BOOT.BIN	0x2ddcdc	テマリ	8365837d838a		テマリ	0.000	6
C00337	BOOT:0x2ddcf4	BOOT_CSTR	BOOT.BIN	0x2ddcf4	<ruby我愛羅|ガアラ>	3c7275627989e488a497857c834b834183893e		<ruby我愛羅|ガアラ>	0.000	19
C00338	BOOT:0x2ddd18	BOOT_CSTR	BOOT.BIN	0x2ddd18	<ruby傀儡|くぐつ>の<ruby術|じゅつ>	3c7275627998f899537c82ad82ae82c23e82cc3c727562798f707c82b682e382c23e		<ruby傀儡|くぐつ>の<ruby術|じゅつ>	0.000	34
C00339	BOOT:0x2ddd4c	BOOT_CSTR	BOOT.BIN	0x2ddd4c	カンクロウ	834a8393834e838d8345		カンクロウ	0.000	10
C00341	BOOT:0x2ddd78	BOOT_CSTR	BOOT.BIN	0x2ddd78	カマイタチの<ruby術|じゅつ>	834a837d8343835e836082cc3c727562798f707c82b682e382c23e		カマイタチの<ruby術|じゅつ>	0.000	27
C00368	BOOT:0x2dddb4	BOOT_CSTR	BOOT.BIN	0x2dddb4	ガイ<ruby流体術|りゅうたいじゅつ>	834b83433c7275627997ac91cc8f707c82e882e382a482bd82a282b682e382c23e		ガイ<ruby김体術|りゅうたいじゅつ>	0.077	33
C00384	BOOT:0x2dde08	BOOT_CSTR	BOOT.BIN	0x2dde08	<ruby黄泉沼|よみぬま>	3c7275627989a990f28fc07c82e682dd82ca82dc3e		<ruby칸泉썹|よみぬま>	0.286	21
C00747	BOOT:0x2dde30	BOOT_CSTR	BOOT.BIN	0x2dde30	<ruby三忍|さんにん>の<ruby力|ちから>	3c727562798e4f94457c82b382f182c982f13e82cc3c7275627997cd7c82bf82a982e73e		<ruby三忍|さんにん>の<ruby力|ちから>	0.000	36
C00399	BOOT:0x2dde68	BOOT_CSTR	BOOT.BIN	0x2dde68	<ruby忍具|にんぐ><ruby操術|そうじゅつ>	3c7275627994458bef7c82c982f182ae3e3c7275627991808f707c82bb82a482b682e382c23e		<ruby忍찰|にんぐ><ruby操術|そうじゅつ>	0.083	38
C00748	BOOT:0x2ddeb0	BOOT_CSTR	BOOT.BIN	0x2ddeb0	<ruby屍鬼封尽|しきふうじん>	3c727562798e728b53959590737c82b582ab82d382a482b682f13e		<ruby屍鬼封尽|しきふうじん>	0.000	27
C00413	BOOT:0x2ddedc	BOOT_CSTR	BOOT.BIN	0x2ddedc	<ruby高速忍術|こうそくにんじゅつ>	3c727562798d8291ac94458f707c82b182a482bb82ad82c982f182b682e382c23e		<ruby高별忍術|こうそくにんじゅつ>	0.077	33
C00414	BOOT:0x2ddf10	BOOT_CSTR	BOOT.BIN	0x2ddf10	<ruby月読|つくよみ>	3c727562798c8e93c77c82c282ad82e682dd3e		<ruby月読|つくよみ>	0.000	19
C00749	BOOT:0x2ddf34	BOOT_CSTR	BOOT.BIN	0x2ddf34	<ruby瞳術|どうじゅつ>	3c7275627993b58f707c82c782a482b682e382c23e		<ruby瞳術|どうじゅつ>	0.000	21
C00430	BOOT:0x2ddf6c	BOOT_CSTR	BOOT.BIN	0x2ddf6c	<ruby鮫肌|さめはだ>	3c727562798e4c94a77c82b382df82cd82be3e		<ruby鮫력|さめはだ>	0.167	19
C00445	BOOT:0x2ddfa0	BOOT_CSTR	BOOT.BIN	0x2ddfa0	<ruby馬鹿力|ばかぢから>	3c72756279946e8ead97cd7c82ce82a982c082a982e73e		<ruby馬욱力|ばかぢから>	0.125	23
C00446	BOOT:0x2ddfc8	BOOT_CSTR	BOOT.BIN	0x2ddfc8	<ruby医療忍術|いりょうにんじゅつ>	3c7275627988e397c394458f707c82a282e882e582a482c982f182b682e382c23e		<ruby医금忍術|いりょうにんじゅつ>	0.077	33
C00461	BOOT:0x2de00c	BOOT_CSTR	BOOT.BIN	0x2de00c	ミゾレ	837e835d838c		ミゾレ	0.000	6
C00462	BOOT:0x2de024	BOOT_CSTR	BOOT.BIN	0x2de024	フブキ	83748375834c		フブキ	0.000	6
C00463	BOOT:0x2de03c	BOOT_CSTR	BOOT.BIN	0x2de03c	ナダレ	8369835f838c		ナダレ	0.000	6
C00537	BOOT:0x2de134	BOOT_CSTR	BOOT.BIN	0x2de134	<ruby九尾|きゅうび>	3c727562798be394f67c82ab82e382a482d13e		<ruby九尾|きゅうび>	0.000	19
C00750	BOOT:0x2deaac	BOOT_CSTR	BOOT.BIN	0x2deaac	あいうえおかきくけこさしすせそたちつてとなにぬねのはひふへほまみむめもや　ゆ　よらりるれろわ　　　をん　　　　がぎぐげござじずぜぞだぢづでどばびぶべぼぱぴぷぺぽぁぃぅぇぉゃゅょゎっアイウエオカキクケコサシスセソタチツテトナニヌネノハヒフヘホマミムメモヤ　ユ　ヨラリルレロワ　　　ヲン        ガギグゲゴザジズゼゾダヂヅデドバビブベボパピプペポァィゥェォャュョヮッヵヶー	82a082a282a482a682a882a982ab82ad82af82b182b382b582b782b982bb82bd82bf82c282c482c682c882c982ca82cb82cc82cd82d082d382d682d982dc82dd82de82df82e082e2814082e4814082e682e782e882e982ea82eb82ed81408140814082f082f1814081408140814082aa82ac82ae82b082b282b482b682b882ba82bc82be82c082c382c582c782ce82d182d482d782da82cf82d282d582d882db829f82a182a382a582a782e182e382e582ec82c183418343834583478349834a834c834e83508352835483568358835a835c835e83608363836583678369836a836b836c836d836e837183748377837a837d837e838083818382838481408386814083888389838a838b838c838d838f814081408140839283932020202020202020834b834d834f83518353835583578359835b835d835f8361836483668368836f837283758378837b8370837383768379837c83408342834483468348838383858387838e836283958396815b		あいうえおかきくけこさしすせそたちつてとなにぬねのはひふへほまみむめもや　ゆ　よらりるれろわ　　　をん　　　　がぎぐげござじずぜぞだぢづでどばびぶべぼぱぴぷぺぽぁぃぅぇぉゃゅょゎっアイウエオカキクケコサシスセソタチツテトナニヌネノハヒフヘホマミムメモヤ　ユ　ヨラリルレロワ　　　ヲン        ガギグゲゴザジズゼゾダヂヅデドバビブベボパピプペポァィゥェォャュョヮッヵヶー	0.000	366
C00751	BOOT:0x2ded58	BOOT_CSTR	BOOT.BIN	0x2ded58	演出カメラ	89898f6f834a83818389		演出カメラ	0.000	10
C00752	BOOT:0x2df6dc	BOOT_CSTR	BOOT.BIN	0x2df6dc	ダミー	835f837e815b		ダミー	0.000	6
C00753	BOOT:0x2df6ec	BOOT_CSTR	BOOT.BIN	0x2df6ec	うずまき	82a482b882dc82ab		うずまき	0.000	8
C00062	BOOT:0x2df6f8	BOOT_CSTR	BOOT.BIN	0x2df6f8	ナルト	8369838b8367		ナルト	0.000	6
C00754	BOOT:0x2df700	BOOT_CSTR	BOOT.BIN	0x2df700	うずまきナルト	82a482b882dc82ab8369838b8367		うずまきナルト	0.000	14
C00755	BOOT:0x2df718	BOOT_CSTR	BOOT.BIN	0x2df718	うちは	82a482bf82cd		うちは	0.000	6
C00080	BOOT:0x2df720	BOOT_CSTR	BOOT.BIN	0x2df720	サスケ	835483588350		サスケ	0.000	6
C00756	BOOT:0x2df728	BOOT_CSTR	BOOT.BIN	0x2df728	うちはサスケ	82a482bf82cd835483588350		うちはサスケ	0.000	12
C00757	BOOT:0x2df740	BOOT_CSTR	BOOT.BIN	0x2df740	ロック・	838d8362834e8145		ロック・	0.000	8
C00097	BOOT:0x2df74c	BOOT_CSTR	BOOT.BIN	0x2df74c	リー	838a815b		リー	0.000	4
C00758	BOOT:0x2df754	BOOT_CSTR	BOOT.BIN	0x2df754	ロック・リー	838d8362834e8145838a815b		ロック・リー	0.000	12
C00759	BOOT:0x2df768	BOOT_CSTR	BOOT.BIN	0x2df768	<ruby砂瀑|さばく>の	3c727562798dbbe0657c82b382ce82ad3e82cc		<ruby砂瀑|さばく>の	0.000	19
C00337	BOOT:0x2df77c	BOOT_CSTR	BOOT.BIN	0x2df77c	<ruby我愛羅|ガアラ>	3c7275627989e488a497857c834b834183893e		<ruby我愛羅|ガアラ>	0.000	19
C00760	BOOT:0x2df790	BOOT_CSTR	BOOT.BIN	0x2df790	<ruby砂瀑|さばく>の<ruby我愛羅|ガアラ>	3c727562798dbbe0657c82b382ce82ad3e82cc3c7275627989e488a497857c834b834183893e		<ruby砂瀑|さばく>の<ruby我愛羅|ガアラ>	0.000	38
C00761	BOOT:0x2df7c0	BOOT_CSTR	BOOT.BIN	0x2df7c0	<ruby奈良|なら>	3c7275627993de97c77c82c882e73e		<ruby릉良|なら>	0.250	15
C00132	BOOT:0x2df7d0	BOOT_CSTR	BOOT.BIN	0x2df7d0	シカマル	8356834a837d838b		シカマル	0.000	8
C00762	BOOT:0x2df7dc	BOOT_CSTR	BOOT.BIN	0x2df7dc	<ruby奈良|なら>シカマル	3c7275627993de97c77c82c882e73e8356834a837d838b		<ruby릉良|なら>シカマル	0.125	23
C00763	BOOT:0x2df800	BOOT_CSTR	BOOT.BIN	0x2df800	<ruby日向|ひゅうが>	3c7275627993fa8cfc7c82d082e382a482aa3e		<ruby日向|ひゅうが>	0.000	19
C00148	BOOT:0x2df814	BOOT_CSTR	BOOT.BIN	0x2df814	ネジ	836c8357		ネジ	0.000	4
C00764	BOOT:0x2df81c	BOOT_CSTR	BOOT.BIN	0x2df81c	<ruby日向|ひゅうが>ネジ	3c7275627993fa8cfc7c82d082e382a482aa3e836c8357		<ruby日向|ひゅうが>ネジ	0.000	23
C00765	BOOT:0x2df83c	BOOT_CSTR	BOOT.BIN	0x2df83c	<ruby春野|はるの>	3c727562798f7496ec7c82cd82e982cc3e		<ruby春野|はるの>	0.000	17
C00166	BOOT:0x2df850	BOOT_CSTR	BOOT.BIN	0x2df850	サクラ	8354834e8389		サクラ	0.000	6
C00766	BOOT:0x2df858	BOOT_CSTR	BOOT.BIN	0x2df858	<ruby春野|はるの>サクラ	3c727562798f7496ec7c82cd82e982cc3e8354834e8389		<ruby春野|はるの>サクラ	0.000	23
C00767	BOOT:0x2df878	BOOT_CSTR	BOOT.BIN	0x2df878	はたけ	82cd82bd82af		はたけ	0.000	6
C00182	BOOT:0x2df880	BOOT_CSTR	BOOT.BIN	0x2df880	カカシ	834a834a8356		カカシ	0.000	6
C00768	BOOT:0x2df888	BOOT_CSTR	BOOT.BIN	0x2df888	はたけカカシ	82cd82bd82af834a834a8356		はたけカカシ	0.000	12
C00769	BOOT:0x2df8a0	BOOT_CSTR	BOOT.BIN	0x2df8a0	<ruby大蛇丸|オロチまる>	3c7275627991e58ed68adb7c8349838d836082dc82e93e		<ruby大예丸|オロチまる>	0.125	23
C00770	BOOT:0x2df8c4	BOOT_CSTR	BOOT.BIN	0x2df8c4	<ruby白|ハク>	3c7275627994927c836e834e3e		<ruby白|ハク>	0.000	13
C00771	BOOT:0x2df8dc	BOOT_CSTR	BOOT.BIN	0x2df8dc	<ruby桃地|ももち>	3c72756279938d926e7c82e082e082bf3e		<ruby桃地|ももち>	0.000	17
C00772	BOOT:0x2df8f0	BOOT_CSTR	BOOT.BIN	0x2df8f0	<ruby再不斬|ザブザ>	3c727562798dc495738e617c8355837583553e		<ruby再不斬|ザブザ>	0.000	19
C00773	BOOT:0x2df904	BOOT_CSTR	BOOT.BIN	0x2df904	<ruby桃地|ももち><ruby再不斬|ザブザ>	3c72756279938d926e7c82e082e082bf3e3c727562798dc495738e617c8355837583553e		<ruby桃地|ももち><ruby再不斬|ザブザ>	0.000	36
C00245	BOOT:0x2df934	BOOT_CSTR	BOOT.BIN	0x2df934	ヒナタ	83718369835e		ヒナタ	0.000	6
C00774	BOOT:0x2df93c	BOOT_CSTR	BOOT.BIN	0x2df93c	<ruby日向|ひゅうが>ヒナタ	3c7275627993fa8cfc7c82d082e382a482aa3e83718369835e		<ruby日向|ひゅうが>ヒナタ	0.000	25
C00260	BOOT:0x2df960	BOOT_CSTR	BOOT.BIN	0x2df960	テンテン	8365839383658393		テンテン	0.000	8
C00775	BOOT:0x2df974	BOOT_CSTR	BOOT.BIN	0x2df974	<ruby秋道|あきみち>	3c727562798f4893b97c82a082ab82dd82bf3e		<ruby秋道|あきみち>	0.000	19
C00129	BOOT:0x2df988	BOOT_CSTR	BOOT.BIN	0x2df988	チョウジ	8360838783458357		チョウジ	0.000	8
C00776	BOOT:0x2df994	BOOT_CSTR	BOOT.BIN	0x2df994	<ruby秋道|あきみち>チョウジ	3c727562798f4893b97c82a082ab82dd82bf3e8360838783458357		<ruby秋道|あきみち>チョウジ	0.000	27
C00777	BOOT:0x2df9b8	BOOT_CSTR	BOOT.BIN	0x2df9b8	<ruby山中|やまなか>	3c727562798e5292867c82e282dc82c882a93e		<ruby山中|やまなか>	0.000	19
C00275	BOOT:0x2df9cc	BOOT_CSTR	BOOT.BIN	0x2df9cc	いの	82a282cc		いの	0.000	4
C00778	BOOT:0x2df9d4	BOOT_CSTR	BOOT.BIN	0x2df9d4	<ruby山中|やまなか>いの	3c727562798e5292867c82e282dc82c882a93e82a282cc		<ruby山中|やまなか>いの	0.000	23
C00779	BOOT:0x2df9f0	BOOT_CSTR	BOOT.BIN	0x2df9f0	<ruby犬塚|いぬづか>	3c727562798ca292cb7c82a282ca82c382a93e		<ruby犬塚|いぬづか>	0.000	19
C00307	BOOT:0x2dfa04	BOOT_CSTR	BOOT.BIN	0x2dfa04	キバ	834c836f		キバ	0.000	4
C00780	BOOT:0x2dfa0c	BOOT_CSTR	BOOT.BIN	0x2dfa0c	<ruby犬塚|いぬづか>キバ	3c727562798ca292cb7c82a282ca82c382a93e834c836f		<ruby犬塚|いぬづか>キバ	0.000	23
C00781	BOOT:0x2dfa2c	BOOT_CSTR	BOOT.BIN	0x2dfa2c	<ruby油女|あぶらめ>	3c7275627996fb8f977c82a082d482e782df3e		<ruby끼았|あぶらめ>	0.333	19
C00306	BOOT:0x2dfa40	BOOT_CSTR	BOOT.BIN	0x2dfa40	シノ	8356836d		シノ	0.000	4
C00782	BOOT:0x2dfa48	BOOT_CSTR	BOOT.BIN	0x2dfa48	<ruby油女|あぶらめ>シノ	3c7275627996fb8f977c82a082d482e782df3e8356836d		<ruby끼았|あぶらめ>シノ	0.250	23
C00339	BOOT:0x2dfa68	BOOT_CSTR	BOOT.BIN	0x2dfa68	カンクロウ	834a8393834e838d8345		カンクロウ	0.000	10
C00336	BOOT:0x2dfa80	BOOT_CSTR	BOOT.BIN	0x2dfa80	テマリ	8365837d838a		テマリ	0.000	6
C00783	BOOT:0x2dfa90	BOOT_CSTR	BOOT.BIN	0x2dfa90	マイト	837d83438367		マイト	0.000	6
C00369	BOOT:0x2dfa98	BOOT_CSTR	BOOT.BIN	0x2dfa98	ガイ	834b8343		ガイ	0.000	4
C00784	BOOT:0x2dfaa0	BOOT_CSTR	BOOT.BIN	0x2dfaa0	マイト・ガイ	837d834383678145834b8343		マイト・ガイ	0.000	12
C00785	BOOT:0x2dfab4	BOOT_CSTR	BOOT.BIN	0x2dfab4	<ruby自来也|じらいや>	3c727562798ea9978896e77c82b682e782a282e23e		<ruby울껏也|じらいや>	0.286	21
C00786	BOOT:0x2dfad4	BOOT_CSTR	BOOT.BIN	0x2dfad4	<ruby三代目火影|さんだいめほかげ>	3c727562798e4f91e396da89ce89657c82b382f182be82a282df82d982a982b03e		<ruby三代目흥影|さんだいめほかげ>	0.077	33
C00415	BOOT:0x2dfb00	BOOT_CSTR	BOOT.BIN	0x2dfb00	イタチ	8343835e8360		イタチ	0.000	6
C00787	BOOT:0x2dfb08	BOOT_CSTR	BOOT.BIN	0x2dfb08	うちはイタチ	82a482bf82cd8343835e8360		うちはイタチ	0.000	12
C00788	BOOT:0x2dfb20	BOOT_CSTR	BOOT.BIN	0x2dfb20	<ruby干柿|ほしがき>	3c727562798ab18a607c82d982b582aa82ab3e		<ruby干헹|ほしがき>	0.167	19
C00789	BOOT:0x2dfb34	BOOT_CSTR	BOOT.BIN	0x2dfb34	<ruby鬼鮫|キサメ>	3c727562798b538e4c7c834c835483813e		<ruby鬼鮫|キサメ>	0.000	17
C00790	BOOT:0x2dfb48	BOOT_CSTR	BOOT.BIN	0x2dfb48	<ruby干柿鬼鮫|ほしがきキサメ>	3c727562798ab18a608b538e4c7c82d982b582aa82ab834c835483813e		<ruby干헹鬼鮫|ほしがきキサメ>	0.091	29
C00791	BOOT:0x2dfb70	BOOT_CSTR	BOOT.BIN	0x2dfb70	<ruby綱手|ツナデ>	3c727562798d6a8ee87c8363836983663e		<ruby綱엥|ツナデ>	0.200	17
C00792	BOOT:0x2dfb8c	BOOT_CSTR	BOOT.BIN	0x2dfb8c	<ruby風花|かざはな>	3c72756279959789d47c82a982b482cd82c83e		<ruby風흔|かざはな>	0.167	19
C00464	BOOT:0x2dfba0	BOOT_CSTR	BOOT.BIN	0x2dfba0	ドトウ	836883678345		ドトウ	0.000	6
C00793	BOOT:0x2dfba8	BOOT_CSTR	BOOT.BIN	0x2dfba8	<ruby風花|かざはな>ドトウ	3c72756279959789d47c82a982b482cd82c83e836883678345		<ruby風흔|かざはな>ドトウ	0.111	25
C00480	BOOT:0x2dfbcc	BOOT_CSTR	BOOT.BIN	0x2dfbcc	シズネ	83568359836c		シズネ	0.000	6
C00794	BOOT:0x2dfbdc	BOOT_CSTR	BOOT.BIN	0x2dfbdc	<ruby薬師|やくし>	3c7275627996f28e747c82e282ad82b53e		<ruby薬師|やくし>	0.000	17
C00497	BOOT:0x2dfbf0	BOOT_CSTR	BOOT.BIN	0x2dfbf0	カブト	834a83758367		カブト	0.000	6
C00795	BOOT:0x2dfbf8	BOOT_CSTR	BOOT.BIN	0x2dfbf8	<ruby薬師|やくし>カブト	3c7275627996f28e747c82e282ad82b53e834a83758367		<ruby薬師|やくし>カブト	0.000	23
C00796	BOOT:0x2dfc18	BOOT_CSTR	BOOT.BIN	0x2dfc18	<ruby封印|ふういん>された<ruby大蛇丸|オロチまる>	3c72756279959588f37c82d382a482a282f13e82b382ea82bd3c7275627991e58ed68adb7c8349838d836082dc82e93e		<ruby封印|ふういん>された<ruby大예丸|オロチまる>	0.059	48
C00797	BOOT:0x2dfc4c	BOOT_CSTR	BOOT.BIN	0x2dfc4c	<ruby暗部|あんぶ>のカカシ	3c7275627988c395947c82a082f182d43e82cc834a834a8356		<ruby暗部|あんぶ>のカカシ	0.000	25
C00798	BOOT:0x2dfc68	BOOT_CSTR	BOOT.BIN	0x2dfc68	<ruby九尾|きゅうび>のナルト	3c727562798be394f67c82ab82e382a482d13e82cc8369838b8367		<ruby九尾|きゅうび>のナルト	0.000	27
C00799	BOOT:0x2dfc90	BOOT_CSTR	BOOT.BIN	0x2dfc90	<ruby碧|あお>い<ruby魔獣|まじゅう>うずまきナルト	3c7275627995c97c82a082a83e82a23c7275627996828f627c82dc82b682e382a43e82a482b882dc82ab8369838b8367		<ruby돌|あお>い<ruby뇌獣|まじゅう>うずまきナルト	0.118	48
C00800	BOOT:0x2dfcd0	BOOT_CSTR	BOOT.BIN	0x2dfcd0	<ruby宗家|そうけ>の<ruby血|ち>に<ruby目覚|めざ>めたヒナタ	3c727562798f4089c67c82bb82a482af3e82cc3c727562798c8c7c82bf3e82c93c7275627996da8a6f7c82df82b43e82df82bd83718369835e		<ruby宗家|そうけ>の<ruby血|ち>に<ruby目覚|めざ>めたヒナタ	0.000	57
C00801	BOOT:0x2dff38	BOOT_CSTR	BOOT.BIN	0x2dff38	<ruby封印|ふういん><ruby大蛇丸|オロチまる>	3c72756279959588f37c82d382a482a282f13e3c7275627991e58ed68adb7c8349838d836082dc82e93e		<ruby封印|ふういん><ruby大예丸|オロチまる>	0.071	42
C00802	BOOT:0x2dff64	BOOT_CSTR	BOOT.BIN	0x2dff64	<ruby碧|あお>い<ruby魔獣|まじゅう>	3c7275627995c97c82a082a83e82a23c7275627996828f627c82dc82b682e382a43e		<ruby돌|あお>い<ruby뇌獣|まじゅう>	0.200	34
C00803	BOOT:0x2dff88	BOOT_CSTR	BOOT.BIN	0x2dff88	<ruby宗家|そうけ>ヒナタ	3c727562798f4089c67c82bb82a482af3e83718369835e		<ruby宗家|そうけ>ヒナタ	0.000	23
C00804	BOOT:0x2dffa0	BOOT_CSTR	BOOT.BIN	0x2dffa0	イルカ	8343838b834a		イルカ	0.000	6
C00805	BOOT:0x2dffa8	BOOT_CSTR	BOOT.BIN	0x2dffa8	<ruby猿飛|さるとび>アスマ	3c72756279898e94f27c82b382e982c682d13e83418358837d		<ruby猿飛|さるとび>アスマ	0.000	25
C00806	BOOT:0x2dffc4	BOOT_CSTR	BOOT.BIN	0x2dffc4	<ruby狼牙|ろうが>ナダレ	3c72756279985489e57c82eb82a482aa3e8369835f838c		<ruby것牙|ろうが>ナダレ	0.125	23
C00807	BOOT:0x2dffdc	BOOT_CSTR	BOOT.BIN	0x2dffdc	<ruby左近|サコン>	3c727562798db68bdf7c8354835283933e		<ruby잘첫|サコン>	0.400	17
C00808	BOOT:0x2dfff0	BOOT_CSTR	BOOT.BIN	0x2dfff0	<ruby多由也|タユヤ>	3c7275627991bd975296e77c835e838683843e		<ruby버由也|タユヤ>	0.167	19
C00809	BOOT:0x2e0004	BOOT_CSTR	BOOT.BIN	0x2e0004	<ruby次郎坊|ジロウボウ>	3c727562798e9f985996567c8357838d8345837b83453e		<ruby次郎坊|ジロウボウ>	0.000	23
C00810	BOOT:0x2e001c	BOOT_CSTR	BOOT.BIN	0x2e001c	<ruby鬼童丸|キドウマル>	3c727562798b5393b68adb7c834c83688345837d838b3e		<ruby鬼童丸|キドウマル>	0.000	23
C00811	BOOT:0x2e0478	BOOT_CSTR	BOOT.BIN	0x2e0478	ラーメン<ruby一楽|いちらく>	8389815b838183933c7275627988ea8a797c82a282bf82e782ad3e		ラーメン<ruby一험|いちらく>	0.100	27
C00812	BOOT:0x2e0494	BOOT_CSTR	BOOT.BIN	0x2e0494	<ruby歴代|れきだい><ruby火影|ほかげ>の<ruby顔岩|かおいわ>	3c7275627997f091e37c82ea82ab82be82a23e3c7275627989ce89657c82d982a982b03e82cc3c727562798ae78ae27c82a982a882a282ed3e		<ruby歴代|れきだい><ruby흥影|ほかげ>の<ruby특티|かおいわ>	0.167	57
C00813	BOOT:0x2e04d0	BOOT_CSTR	BOOT.BIN	0x2e04d0	<ruby中忍|ちゅうにん><ruby選抜|せんばつ><ruby試験|しけん><ruby会場|かいじょう>	3c72756279928694457c82bf82e382a482c982f13e3c72756279914994b27c82b982f182ce82c23e3c727562798e8e8cb17c82b582af82f13e3c7275627989ef8fea7c82a982a282b682e582a43e		<ruby中忍|ちゅうにん><ruby選抜|せんばつ><ruby試験|しけん><ruby확순|かいじょう>	0.080	78
C00814	BOOT:0x2e0520	BOOT_CSTR	BOOT.BIN	0x2e0520	<ruby物見|ものみ>やぐら	3c7275627995a88ca97c82e082cc82dd3e82e282ae82e7		<ruby物見|ものみ>やぐら	0.000	23
C00815	BOOT:0x2e0538	BOOT_CSTR	BOOT.BIN	0x2e0538	<ruby第|だい>４４<ruby演習場|えんしゅうじょう><ruby死|し>の<ruby森|もり>	3c7275627991e67c82be82a23e825382533c7275627989898f4b8fea7c82a682f182b582e382a482b682e582a43e3c727562798e807c82b53e82cc3c7275627990587c82e082e83e		<ruby第|だい>４４<ruby演없순|えんしゅうじょう><ruby死|し>の<ruby森|もり>	0.091	72
C00816	BOOT:0x2e0584	BOOT_CSTR	BOOT.BIN	0x2e0584	<ruby桔梗城|ききょうじょう><ruby天守閣|てんしゅかく>	3c727562798b6a8d5b8fe97c82ab82ab82e582a482b682e582a43e3c7275627993568ee78a747c82c482f182b582e382a982ad3e		<ruby탁梗술|ききょうじょう><ruby天守閣|てんしゅかく>	0.105	52
C00817	BOOT:0x2e05bc	BOOT_CSTR	BOOT.BIN	0x2e05bc	ナルト<ruby大橋|おおはし>	8369838b83673c7275627991e58bb47c82a882a882cd82b53e		ナルト<ruby大橋|おおはし>	0.000	25
C00818	BOOT:0x2e05d8	BOOT_CSTR	BOOT.BIN	0x2e05d8	<ruby再不斬|ザブザ>の<ruby隠|かく>れ<ruby家|が>	3c727562798dc495738e617c8355837583553e82cc3c7275627989427c82a982ad3e82ea3c7275627989c67c82aa3e		<ruby再不斬|ザブザ>の<ruby隠|かく>れ<ruby家|が>	0.000	47
C00819	BOOT:0x2e0608	BOOT_CSTR	BOOT.BIN	0x2e0608	<ruby砂肝亭|すなぎもてい>と<ruby仏像|ぶつぞう>	3c727562798dbb8acc92e07c82b782c882ac82e082c482a23e82c63c7275627995a7919c7c82d482c282bc82a43e		<ruby砂肝亭|すなぎもてい>と<ruby仏像|ぶつぞう>	0.000	46
C00820	BOOT:0x2e0638	BOOT_CSTR	BOOT.BIN	0x2e0638	<ruby風影|かぜかげ>の<ruby屋敷|やしき>	3c72756279959789657c82a982ba82a982b03e82cc3c7275627989ae957e7c82e282b582ab3e		<ruby風影|かぜかげ>の<ruby옆딘|やしき>	0.167	38
C00821	BOOT:0x2e0660	BOOT_CSTR	BOOT.BIN	0x2e0660	サバイバル<ruby演習場|えんしゅうじょう>	8354836f8343836f838b3c7275627989898f4b8fea7c82a682f182b582e382a482b682e582a43e		サバイバル<ruby演없순|えんしゅうじょう>	0.125	39
C00822	BOOT:0x2e0688	BOOT_CSTR	BOOT.BIN	0x2e0688	<ruby英雄|えいゆう>の<ruby慰霊碑|いれいひ>	3c72756279897097597c82a682a282e482a43e82cc3c7275627988d497ec94e87c82a282ea82a282d03e		<ruby英雄|えいゆう>の<ruby慰골뚱|いれいひ>	0.143	42
C00823	BOOT:0x2e06b4	BOOT_CSTR	BOOT.BIN	0x2e06b4	<ruby木|こ>ノ<ruby葉|は><ruby温泉|おんせん>	3c7275627996d87c82b13e836d3c7275627997747c82cd3e3c7275627989b790f27c82a882f182b982f13e		<ruby木|こ>ノ<ruby葉|は><ruby눌泉|おんせん>	0.091	43
C00824	BOOT:0x2e06e0	BOOT_CSTR	BOOT.BIN	0x2e06e0	<ruby木|こ>ノ<ruby葉|は>の<ruby森|もり>	3c7275627996d87c82b13e836d3c7275627997747c82cd3e82cc3c7275627990587c82e082e83e		<ruby木|こ>ノ<ruby葉|は>の<ruby森|もり>	0.000	39
C00825	BOOT:0x2e0708	BOOT_CSTR	BOOT.BIN	0x2e0708	<ruby短冊街|たんざくがい>	3c72756279925a8dfb8a587c82bd82f182b482ad82aa82a23e		<ruby短冊街|たんざくがい>	0.000	25
C00826	BOOT:0x2e0724	BOOT_CSTR	BOOT.BIN	0x2e0724	<ruby短冊街|たんざくがい>のはずれ	3c72756279925a8dfb8a587c82bd82f182b482ad82aa82a23e82cc82cd82b882ea		<ruby短冊街|たんざくがい>のはずれ	0.000	33
C00827	BOOT:0x2e0748	BOOT_CSTR	BOOT.BIN	0x2e0748	<ruby雪原|せつげん>	3c7275627990e18cb47c82b982c282b082f13e		<ruby雪原|せつげん>	0.000	19
C00828	BOOT:0x2e075c	BOOT_CSTR	BOOT.BIN	0x2e075c	<ruby虹|にじ>の<ruby氷壁|ひょうへき>	3c7275627993f87c82c982b63e82cc3c72756279955895c77c82d082e582a482d682ab3e		<ruby虹|にじ>の<ruby氷壁|ひょうへき>	0.000	36
C00829	BOOT:0x2e08c8	BOOT_CSTR	BOOT.BIN	0x2e08c8	（ジャンプ中）	816983578383839383769286816a		（ジャンプ中）	0.000	14
C00830	BOOT:0x2e08d8	BOOT_CSTR	BOOT.BIN	0x2e08d8	（相手の前で）	8169918a8ee882cc914f82c5816a		（봬엥の빼で）	0.429	14
C00831	BOOT:0x2e08e8	BOOT_CSTR	BOOT.BIN	0x2e08e8	後側方向キー	8ce391a495fb8cfc834c815b		後側方向キー	0.000	12
C00832	BOOT:0x2e08f8	BOOT_CSTR	BOOT.BIN	0x2e08f8	（攻撃された瞬間）	81698d558c8282b382ea82bd8f758ad4816a		（攻撃された瞬間）	0.000	18
C00833	BOOT:0x2e090c	BOOT_CSTR	BOOT.BIN	0x2e090c	（投げられた時、叩き付けられる瞬間）	8169938a82b082e782ea82bd8e9e8141924082ab957482af82e782ea82e98f758ad4816a		（投げられた時、叩き付けられる瞬間）	0.000	36
C00834	BOOT:0x2e0934	BOOT_CSTR	BOOT.BIN	0x2e0934	（吹っ飛ばした方向の方向キー）	8169908182c194f282ce82b582bd95fb8cfc82cc95fb8cfc834c815b816a		（吹っ飛ばした方向の方向キー）	0.000	30
C00835	BOOT:0x2e0954	BOOT_CSTR	BOOT.BIN	0x2e0954	（吹っ飛ばされた向きの方向キー）	8169908182c194f282ce82b382ea82bd8cfc82ab82cc95fb8cfc834c815b816a		（吹っ飛ばされた向きの方向キー）	0.000	32
C00836	BOOT:0x2e0978	BOOT_CSTR	BOOT.BIN	0x2e0978	（しばらく押す）	816982b582ce82e782ad899f82b7816a		（しばらく押す）	0.000	16
C00837	BOOT:0x2e098c	BOOT_CSTR	BOOT.BIN	0x2e098c	（地上で）	8169926e8fe382c5816a		（地上で）	0.000	10
C00838	BOOT:0x2e0998	BOOT_CSTR	BOOT.BIN	0x2e0998	または	82dc82bd82cd		または	0.000	6
C00839	BOOT:0x2e09a4	BOOT_CSTR	BOOT.BIN	0x2e09a4	（相手の追い討ち攻撃が当たる瞬間）	8169918a8ee882cc92c782a293a282bf8d558c8282aa939682bd82e98f758ad4816a		（봬엥の追い討ち攻撃が当たる瞬間）	0.118	34
C00840	BOOT:0x2e09c8	BOOT_CSTR	BOOT.BIN	0x2e09c8	ガード	834b815b8368		ガード	0.000	6
C00841	BOOT:0x2e09d0	BOOT_CSTR	BOOT.BIN	0x2e09d0	アイテム選択	8341834383658380914991f0		アイテム選択	0.000	12
C00842	BOOT:0x2e09e0	BOOT_CSTR	BOOT.BIN	0x2e09e0	アイテム使用	83418343836583808e679770		アイテム使用	0.000	12
C00843	BOOT:0x2e09f0	BOOT_CSTR	BOOT.BIN	0x2e09f0	ジャンプ	8357838383938376		ジャンプ	0.000	8
C00844	BOOT:0x2e09fc	BOOT_CSTR	BOOT.BIN	0x2e09fc	二段ジャンプ	93f192698357838383938376		二段ジャンプ	0.000	12
C00845	BOOT:0x2e0a18	BOOT_CSTR	BOOT.BIN	0x2e0a18	飛び退き	94f282d191de82ab		飛び미き	0.250	8
C00846	BOOT:0x2e0a24	BOOT_CSTR	BOOT.BIN	0x2e0a24	変わり身の術（チャクラ消費）	95cf82ed82e8906782cc8f70816983608383834e83898fc194ef816a		덤わり身の術（チャクラ消떼）	0.143	28
C00847	BOOT:0x2e0a44	BOOT_CSTR	BOOT.BIN	0x2e0a44	受け身	8ef382af9067		受け身	0.000	6
C00848	BOOT:0x2e0a4c	BOOT_CSTR	BOOT.BIN	0x2e0a4c	追い討ち	92c782a293a282bf		追い討ち	0.000	8
C00849	BOOT:0x2e0a58	BOOT_CSTR	BOOT.BIN	0x2e0a58	追い討ち返し	92c782a293a282bf95d482b5		追い討ち返し	0.000	12
C00850	BOOT:0x2e0a68	BOOT_CSTR	BOOT.BIN	0x2e0a68	チャクラをためる	83608383834e838982f082bd82df82e9		チャクラをためる	0.000	16
C00851	BOOT:0x2e0a84	BOOT_CSTR	BOOT.BIN	0x2e0a84	奥へ軸移動	899c82d68eb288da93ae		향へ軸移망	0.400	10
C00852	BOOT:0x2e0a90	BOOT_CSTR	BOOT.BIN	0x2e0a90	手前へ軸移動	8ee8914f82d68eb288da93ae		엥빼へ軸移망	0.500	12
C00853	BOOT:0x2e0aa0	BOOT_CSTR	BOOT.BIN	0x2e0aa0	ガード崩し	834b815b836895f682b5		ガード崩し	0.000	10
C00854	BOOT:0x2e0aac	BOOT_CSTR	BOOT.BIN	0x2e0aac	変更したい項目を<iconCIRCLE>ボタンで選択して、<br>方向キー左右で操作を変更してください。	95cf8d5882b582bd82a28d8096da82f03c69636f6e434952434c453e837b835e839382c5914991f082b582c481413c62723e95fb8cfc834c815b8db6894582c591808dec82f095cf8d5882b582c482ad82be82b382a28142		덤更したい項目を<iconCIRCLE>ボタンで選択して、<br>方向キー잘右で操일を덤更してください。	0.111	88
C00855	BOOT:0x2e0b08	BOOT_CSTR	BOOT.BIN	0x2e0b08	操作設定をデフォルトに戻しました。	91808dec90dd92e882f0836683748348838b836782c996df82b582dc82b582bd8142		操일設定をデフォルトに낼しました。	0.118	34
C00856	BOOT:0x2e0b2c	BOOT_CSTR	BOOT.BIN	0x2e0b2c	２Ｐの操作設定をデフォルトに戻しました。	8251826f82cc91808dec90dd92e882f0836683748348838b836782c996df82b582dc82b582bd8142		２Ｐの操일設定をデフォルトに낼しました。	0.100	40
C00857	BOOT:0x2e0b58	BOOT_CSTR	BOOT.BIN	0x2e0b58	Ｌボタン・Ｒボタンには<RED>「ガード・アイテム使用・<br><RED>アイテム選択」<BLACK>以外は、割り振ることができません。	826b837b835e839381458271837b835e839382c982cd3c5245443e8175834b815b8368814583418343836583808e67977081453c62723e3c5245443e8341834383658380914991f081763c424c41434b3e88c88a4f82cd81418a8482e8905582e982b182c682aa82c582ab82dc82b982f18142		Ｌボタン・Ｒボタンには<RED>「ガード・アイテム使用・<br><RED>アイテム選択」<BLACK>以협は、割り振ることができません。	0.021	115
C00858	BOOT:0x2e0bcc	BOOT_CSTR	BOOT.BIN	0x2e0bcc	<RED>「アイテム選択」<BLACK>はＬボタン・Ｒボタンにしか、<br>割り振れません。	3c5245443e81758341834383658380914991f081763c424c41434b3e82cd826b837b835e839381458271837b835e839382c982b582a981413c62723e8a8482e8905582ea82dc82b982f18142		<RED>「アイテム選択」<BLACK>はＬボタン・Ｒボタンにしか、<br>割り振れません。	0.000	76
C00859	BOOT:0x2e0c1c	BOOT_CSTR	BOOT.BIN	0x2e0c1c	１Ｐが変更中ですので、終了できません。	8250826f82aa95cf8d58928682c582b782cc82c581418f4997b982c582ab82dc82b982f18142		１Ｐが덤更中ですので、終긋できません。	0.105	38
C00860	BOOT:0x2e0c44	BOOT_CSTR	BOOT.BIN	0x2e0c44	２Ｐが変更中ですので、終了できません。	8251826f82aa95cf8d58928682c582b782cc82c581418f4997b982c582ab82dc82b982f18142		２Ｐが덤更中ですので、終긋できません。	0.105	38
C00861	BOOT:0x2e0c6c	BOOT_CSTR	BOOT.BIN	0x2e0c6c	ＢＧＭ、ＳＥ、音声を含む<br>音量全体を変更します。	82618266826c814182728264814189b990ba82f08adc82de3c62723e89b997ca915391cc82f095cf8d5882b582dc82b78142		ＢＧＭ、ＳＥ、검상を팔む<br>검量全体を덤更します。	0.217	50
C00862	BOOT:0x2e0ca0	BOOT_CSTR	BOOT.BIN	0x2e0ca0	ＢＧＭの音量を変更します。	82618266826c82cc89b997ca82f095cf8d5882b582dc82b78142		ＢＧＭの검量を덤更します。	0.154	26
C00863	BOOT:0x2e0cbc	BOOT_CSTR	BOOT.BIN	0x2e0cbc	ＳＥの音量を変更します。	8272826482cc89b997ca82f095cf8d5882b582dc82b78142		ＳＥの검量を덤更します。	0.167	24
C00864	BOOT:0x2e0cd8	BOOT_CSTR	BOOT.BIN	0x2e0cd8	方向キー左右で<ruby出力|しゅつりょく>モードを<br>モノラル・ステレオのいずれかに<ruby設定|せってい>します。	95fb8cfc834c815b8db6894582c53c727562798f6f97cd7c82b582e382c282e882e582ad3e8382815b836882f03c62723e8382836d8389838b814583588365838c834982cc82a282b882ea82a982c93c7275627990dd92e87c82b982c182c482a23e82b582dc82b78142		方向キー잘右で<ruby出力|しゅつりょく>モードを<br>モノラル・ステレオのいずれかに<ruby設定|せってい>します。	0.023	106
C00865	BOOT:0x2e0d44	BOOT_CSTR	BOOT.BIN	0x2e0d44	音響設定をデフォルトに戻しました。	89b98bbf90dd92e882f0836683748348838b836782c996df82b582dc82b582bd8142		검響設定をデフォルトに낼しました。	0.118	34
C00866	BOOT:0x2e0d6c	BOOT_CSTR	BOOT.BIN	0x2e0d6c	<ruby操作設定|そうさせってい>	3c7275627991808dec90dd92e87c82bb82a482b382b982c182c482a23e		<ruby操일設定|そうさせってい>	0.091	29
C00867	BOOT:0x2e0d8c	BOOT_CSTR	BOOT.BIN	0x2e0d8c	１Ｐコマンド<ruby表|ひょう>	8250826f8352837d839383683c72756279955c7c82d082e582a43e		１Ｐコマンド<ruby表|ひょう>	0.000	27
C00868	BOOT:0x2e0da8	BOOT_CSTR	BOOT.BIN	0x2e0da8	２Ｐコマンド<ruby表|ひょう>	8251826f8352837d839383683c72756279955c7c82d082e582a43e		２Ｐコマンド<ruby表|ひょう>	0.000	27
C00869	BOOT:0x2e0dc4	BOOT_CSTR	BOOT.BIN	0x2e0dc4	<ruby任務|にんむ>の<ruby条件|じょうけん>	3c72756279944396b17c82c982f182de3e82cc3c727562798ff08c8f7c82b682e582a482af82f13e		<ruby任務|にんむ>の<ruby条件|じょうけん>	0.000	40
C00870	BOOT:0x2e0df0	BOOT_CSTR	BOOT.BIN	0x2e0df0	<ruby練習設定|れんしゅうせってい>	3c7275627997fb8f4b90dd92e87c82ea82f182b582e382a482b982c182c482a23e		<ruby결없設定|れんしゅうせってい>	0.154	33
C00871	BOOT:0x2e0e14	BOOT_CSTR	BOOT.BIN	0x2e0e14	アイテムストック	8341834383658380835883678362834e		アイテムストック	0.000	16
C00872	BOOT:0x2e0e28	BOOT_CSTR	BOOT.BIN	0x2e0e28	ゲームモード<ruby選択|せんたく>に<ruby戻|もど>る	8351815b83808382815b83683c72756279914991f07c82b982f182bd82ad3e82c93c7275627996df7c82e082c73e82e9		ゲームモード<ruby選択|せんたく>に<ruby낼|もど>る	0.059	48
C00873	BOOT:0x2e0e5c	BOOT_CSTR	BOOT.BIN	0x2e0e5c	キャラクター<ruby選択|せんたく>に<ruby戻|もど>る	834c83838389834e835e815b3c72756279914991f07c82b982f182bd82ad3e82c93c7275627996df7c82e082c73e82e9		キャラクター<ruby選択|せんたく>に<ruby낼|もど>る	0.059	48
C00874	BOOT:0x2e0e90	BOOT_CSTR	BOOT.BIN	0x2e0e90	攻略を中止する	8d5597aa82f092868e7e82b782e9		攻略を中위する	0.143	14
C00875	BOOT:0x2e0ea0	BOOT_CSTR	BOOT.BIN	0x2e0ea0	<ruby物語|ものがたり>の<ruby回想|かいそう>に<ruby戻|もど>る	3c7275627995a88cea7c82e082cc82aa82bd82e83e82cc3c7275627989f1917a7c82a982a282bb82a43e82c93c7275627996df7c82e082c73e82e9		<ruby物족|ものがたり>の<ruby回想|かいそう>に<ruby낼|もど>る	0.105	59
C00876	BOOT:0x2e0edc	BOOT_CSTR	BOOT.BIN	0x2e0edc	<ruby対戦|たいせん>を<ruby終了|しゅうりょう>する	3c7275627991ce90ed7c82bd82a282b982f13e82f03c727562798f4997b97c82b582e382a482e882e582a43e82b782e9		<ruby対戦|たいせん>を<ruby終긋|しゅうりょう>する	0.059	48
C00877	BOOT:0x2e0f10	BOOT_CSTR	BOOT.BIN	0x2e0f10	<ruby基本操作|きほんそうさ>コマンド<ruby表|ひょう>	3c727562798aee967b91808dec7c82ab82d982f182bb82a482b33e8352837d839383683c72756279955c7c82d082e582a43e		<ruby톨本操일|きほんそうさ>コマンド<ruby表|ひょう>	0.111	50
C00878	BOOT:0x2e0f60	BOOT_CSTR	BOOT.BIN	0x2e0f60	キャンセル	834c83838393835a838b		キャンセル	0.000	10
C00879	BOOT:0x2e0f98	BOOT_CSTR	BOOT.BIN	0x2e0f98	キャラクター	834c83838389834e835e815b		キャラクター	0.000	12
C00880	BOOT:0x2e0fa8	BOOT_CSTR	BOOT.BIN	0x2e0fa8	<ruby対戦|たいせん>を<ruby終了|しゅうりょう>して<ruby物語|ものがたり>の<ruby回想|かいそう>に<ruby戻|もど>りますが、<br>よろしいですか？　　　　<iconCROSS>キャンセル	3c7275627991ce90ed7c82bd82a282b982f13e82f03c727562798f4997b97c82b582e382a482e882e582a43e82b582c43c7275627995a88cea7c82e082cc82aa82bd82e83e82cc3c7275627989f1917a7c82a982a282bb82a43e82c93c7275627996df7c82e082c73e82e882dc82b782aa81413c62723e82e682eb82b582a282c582b782a9814881408140814081403c69636f6e43524f53533e834c83838393835a838b		<ruby対戦|たいせん>を<ruby終긋|しゅうりょう>して<ruby物족|ものがたり>の<ruby回想|かいそう>に<ruby낼|もど>りますが、<br>よろしいですか？　　　　<iconCROSS>キャンセル	0.053	164
C00881	BOOT:0x2e1050	BOOT_CSTR	BOOT.BIN	0x2e1050	　　<ruby対戦|たいせん>	814081403c7275627991ce90ed7c82bd82a282b982f13e		　　<ruby対戦|たいせん>	0.000	23
C00882	BOOT:0x2e1068	BOOT_CSTR	BOOT.BIN	0x2e1068	攻略を中止してマップ画面に戻りますか？	8d5597aa82f092868e7e82b582c4837d8362837689e696ca82c996df82e882dc82b782a98148		攻略を中위してマップ画面に낼りますか？	0.105	38
C00883	BOOT:0x2e1090	BOOT_CSTR	BOOT.BIN	0x2e1090	<ruby練習|れんしゅう>	3c7275627997fb8f4b7c82ea82f182b582e382a43e		<ruby결없|れんしゅう>	0.286	21
C00884	BOOT:0x2e10a8	BOOT_CSTR	BOOT.BIN	0x2e10a8	を<ruby終了|しゅうりょう>してゲームモード	82f03c727562798f4997b97c82b582e382a482e882e582a43e82b582c48351815b83808382815b8368		を<ruby終긋|しゅうりょう>してゲームモード	0.059	41
C00885	BOOT:0x2e10d4	BOOT_CSTR	BOOT.BIN	0x2e10d4	を<ruby終了|しゅうりょう>して	82f03c727562798f4997b97c82b582e382a482e882e582a43e82b582c4		を<ruby終긋|しゅうりょう>して	0.091	29
C00886	BOOT:0x2e10f4	BOOT_CSTR	BOOT.BIN	0x2e10f4	<ruby選択|せんたく>に<ruby戻|もど>りますが、<br>　　よろしいですか？　　　　<iconCROSS>キャンセル	3c72756279914991f07c82b982f182bd82ad3e82c93c7275627996df7c82e082c73e82e882dc82b782aa81413c62723e8140814082e682eb82b582a282c582b782a9814881408140814081403c69636f6e43524f53533e834c83838393835a838b		<ruby選択|せんたく>に<ruby낼|もど>りますが、<br>　　よろしいですか？　　　　<iconCROSS>キャンセル	0.029	97
C00887	BOOT:0x2e1158	BOOT_CSTR	BOOT.BIN	0x2e1158	アイテム名	834183438365838096bc		アイテム년	0.200	10
C00888	BOOT:0x2e1174	BOOT_CSTR	BOOT.BIN	0x2e1174	空ストック数	8bf3835883678362834e9094		찬ストック数	0.167	12
C00889	BOOT:0x2e1184	BOOT_CSTR	BOOT.BIN	0x2e1184	チャクラゲージ 壱以上	83608383834e83898351815b83572088eb88c88fe3		チャクラゲージ 壱以上	0.000	21
C00890	BOOT:0x2e119c	BOOT_CSTR	BOOT.BIN	0x2e119c	チャクラゲージ 弐以上	83608383834e83898351815b83572093f388c88fe3		チャクラゲージ 弐以上	0.000	21
C00891	BOOT:0x2e11b4	BOOT_CSTR	BOOT.BIN	0x2e11b4	チャクラゲージＭＡＸ	83608383834e83898351815b8357826c82608277		チャクラゲージＭＡＸ	0.000	20
C00892	BOOT:0x2e11cc	BOOT_CSTR	BOOT.BIN	0x2e11cc	地上投げ	926e8fe3938a82b0		地上投げ	0.000	8
C00893	BOOT:0x2e11d8	BOOT_CSTR	BOOT.BIN	0x2e11d8	空中投げ	8bf39286938a82b0		찬中投げ	0.250	8
C00894	BOOT:0x2e11e4	BOOT_CSTR	BOOT.BIN	0x2e11e4	ジャンプ中に	8357838383938376928682c9		ジャンプ中に	0.000	12
C00895	BOOT:0x2e11f4	BOOT_CSTR	BOOT.BIN	0x2e11f4	チャクラ消費	83608383834e83898fc194ef		チャクラ消떼	0.167	12
C00896	BOOT:0x2e1204	BOOT_CSTR	BOOT.BIN	0x2e1204	当て身技	939682c490678b5a		当て身技	0.000	8
C00897	BOOT:0x2e1210	BOOT_CSTR	BOOT.BIN	0x2e1210	チャクラ消費／当て身技	83608383834e83898fc194ef815e939682c490678b5a		チャクラ消떼／当て身技	0.091	22
C00898	BOOT:0x2e1228	BOOT_CSTR	BOOT.BIN	0x2e1228	チャクラ消費／溜め技	83608383834e83898fc194ef815e97ad82df8b5a		チャクラ消떼／溜め技	0.100	20
C00899	BOOT:0x2e1240	BOOT_CSTR	BOOT.BIN	0x2e1240	チャクラ消費／連打技	83608383834e83898fc194ef815e984191c58b5a		チャクラ消떼／連打技	0.100	20
C00900	BOOT:0x2e1264	BOOT_CSTR	BOOT.BIN	0x2e1264	術写し	8f708eca82b5		術写し	0.000	6
C00901	BOOT:0x2e1294	BOOT_CSTR	BOOT.BIN	0x2e1294	オン	83498393		オン	0.000	4
C00902	BOOT:0x2e129c	BOOT_CSTR	BOOT.BIN	0x2e129c	オフ	83498374		オフ	0.000	4
C00903	BOOT:0x2e12d4	BOOT_CSTR	BOOT.BIN	0x2e12d4	対戦を終了してキャラクター選択に戻りますか？	91ce90ed82f08f4997b982b582c4834c83838389834e835e815b914991f082c996df82e882dc82b782a98148		対戦を終긋してキャラクター選択に낼りますか？	0.091	44
C00904	BOOT:0x2e1808	BOOT_CSTR	BOOT.BIN	0x2e1808	ちょうちん	82bf82e582a482bf82f1		ちょうちん	0.000	10
C00905	BOOT:0x2e1868	BOOT_CSTR	BOOT.BIN	0x2e1868	ザブザの屋根	83558375835582cc89ae8daa		ザブザの옆根	0.167	12
C00906	BOOT:0x2e1ca8	BOOT_CSTR	BOOT.BIN	0x2e1ca8	基本カメラ	8aee967b834a83818389		톨本カメラ	0.200	10
C00907	BOOT:0x2e1dd8	BOOT_CSTR	BOOT.BIN	0x2e1dd8	マクー空間	837d834e815b8bf38ad4		マクー찬間	0.200	10
C00908	BOOT:0x2e1e90	BOOT_CSTR	BOOT.BIN	0x2e1e90	プレイヤー１	8376838c83438384815b8250		プレイヤー１	0.000	12
C00909	BOOT:0x2e1eb4	BOOT_CSTR	BOOT.BIN	0x2e1eb4	プレイヤー２	8376838c83438384815b8251		プレイヤー２	0.000	12
C00910	BOOT:0x2e202c	BOOT_CSTR	BOOT.BIN	0x2e202c	一楽ちょうちん	88ea8a7982bf82e582a482bf82f1		一험ちょうちん	0.143	14
C00911	BOOT:0x2e20b4	BOOT_CSTR	BOOT.BIN	0x2e20b4	酒ちょうちん	8ef082bf82e582a482bf82f1		酒ちょうちん	0.000	12
C00912	BOOT:0x2e213c	BOOT_CSTR	BOOT.BIN	0x2e213c	栗ちょうちん	8c4982bf82e582a482bf82f1		栗ちょうちん	0.000	12
C00913	BOOT:0x2e21c4	BOOT_CSTR	BOOT.BIN	0x2e21c4	うっきー君	82a482c182ab815b8c4e		うっきー君	0.000	10
C00914	BOOT:0x2e2230	BOOT_CSTR	BOOT.BIN	0x2e2230	影付きオブジェクト木箱	8965957482ab8349837583578346834e836796d894a0		影付きオブジェクト木렸	0.091	22
C00915	BOOT:0x2e22b0	BOOT_CSTR	BOOT.BIN	0x2e22b0	酒タンク	8ef0835e8393834e		酒タンク	0.000	8
C00916	BOOT:0x2e231c	BOOT_CSTR	BOOT.BIN	0x2e231c	一楽タンク	88ea8a79835e8393834e		一험タンク	0.200	10
C00917	BOOT:0x2e2384	BOOT_CSTR	BOOT.BIN	0x2e2384	栗タンク	8c49835e8393834e		栗タンク	0.000	8
C00918	BOOT:0x2e24c0	BOOT_CSTR	BOOT.BIN	0x2e24c0	忍看板検査なし壊れ物	94458ac594c28c9f8db882c882b589f382ea95a8		忍看板検잖なし壊れ物	0.100	20
C00919	BOOT:0x2e259c	BOOT_CSTR	BOOT.BIN	0x2e259c	影付きオブジェクトベンチ	8965957482ab8349837583578346834e8367837883938360		影付きオブジェクトベンチ	0.000	24
C00920	BOOT:0x2e2620	BOOT_CSTR	BOOT.BIN	0x2e2620	影付きオブジェクト酒酒屋看板	8965957482ab8349837583578346834e83678ef08ef089ae8ac594c2		影付きオブジェクト酒酒옆看板	0.071	28
C00921	BOOT:0x2e26a8	BOOT_CSTR	BOOT.BIN	0x2e26a8	影付きオブジェクト甘栗甘看板	8965957482ab8349837583578346834e83678ac38c498ac38ac594c2		影付きオブジェクト풀栗풀看板	0.143	28
C00922	BOOT:0x2e276c	BOOT_CSTR	BOOT.BIN	0x2e276c	巻き上がる落ち葉	8aaa82ab8fe382aa82e9978e82bf9774		할き上がる落ち葉	0.125	16
C00923	BOOT:0x2e2d14	BOOT_CSTR	BOOT.BIN	0x2e2d14	新葉っぱ（左）	9056977482c182cf81698db6816a		新葉っぱ（잘）	0.143	14
C00924	BOOT:0x2e2d70	BOOT_CSTR	BOOT.BIN	0x2e2d70	新葉っぱ（右）	9056977482c182cf81698945816a		新葉っぱ（右）	0.000	14
C00925	BOOT:0x2e2dcc	BOOT_CSTR	BOOT.BIN	0x2e2dcc	新葉っぱ（奥）	9056977482c182cf8169899c816a		新葉っぱ（향）	0.143	14
C00926	BOOT:0x2e2e28	BOOT_CSTR	BOOT.BIN	0x2e2e28	ゴンドラ（左）	835383938368838981698db6816a		ゴンドラ（잘）	0.143	14
C00927	BOOT:0x2e2e74	BOOT_CSTR	BOOT.BIN	0x2e2e74	ゴンドラ（右）	835383938368838981698945816a		ゴンドラ（右）	0.000	14
C00928	BOOT:0x2e31e4	BOOT_CSTR	BOOT.BIN	0x2e31e4	揺れる葉3	976882ea82e9977433		揺れる葉3	0.000	9
C00929	BOOT:0x2e3220	BOOT_CSTR	BOOT.BIN	0x2e3220	揺れる葉4	976882ea82e9977434		揺れる葉4	0.000	9
C00930	BOOT:0x2e325c	BOOT_CSTR	BOOT.BIN	0x2e325c	揺れる葉5	976882ea82e9977435		揺れる葉5	0.000	9
C00931	BOOT:0x2e3298	BOOT_CSTR	BOOT.BIN	0x2e3298	揺れる葉6	976882ea82e9977436		揺れる葉6	0.000	9
C00932	BOOT:0x2e32d4	BOOT_CSTR	BOOT.BIN	0x2e32d4	揺れる葉7	976882ea82e9977437		揺れる葉7	0.000	9
C00933	BOOT:0x2e388c	BOOT_CSTR	BOOT.BIN	0x2e388c	パラシュート	8370838983568385815b8367		パラシュート	0.000	12
C00934	BOOT:0x2e38fc	BOOT_CSTR	BOOT.BIN	0x2e38fc	揺れる葉1	976882ea82e9977431		揺れる葉1	0.000	9
C00935	BOOT:0x2e3938	BOOT_CSTR	BOOT.BIN	0x2e3938	揺れる葉2	976882ea82e9977432		揺れる葉2	0.000	9
C00936	BOOT:0x2e3afc	BOOT_CSTR	BOOT.BIN	0x2e3afc	舞い散る落ち葉	959182a28e5582e9978e82bf9774		舞い散る落ち葉	0.000	14
C00937	BOOT:0x2e4174	BOOT_CSTR	BOOT.BIN	0x2e4174	やぐら2	82e282ae82e732		やぐら2	0.000	7
C00938	BOOT:0x2e4278	BOOT_CSTR	BOOT.BIN	0x2e4278	群れ鳥	8c5182ea92b9		群れ鳥	0.000	6
C00939	BOOT:0x2e448c	BOOT_CSTR	BOOT.BIN	0x2e448c	ガマ	834b837d		ガマ	0.000	4
C00940	BOOT:0x2e480c	BOOT_CSTR	BOOT.BIN	0x2e480c	死の森2	8e8082cc905832		死の森2	0.000	7
C00941	BOOT:0x2e48cc	BOOT_CSTR	BOOT.BIN	0x2e48cc	水の光	908582cc8cf5		水の제	0.333	6
C00942	BOOT:0x2e48f4	BOOT_CSTR	BOOT.BIN	0x2e48f4	端の光	925b82cc8cf5		端の제	0.333	6
C00943	BOOT:0x2e490c	BOOT_CSTR	BOOT.BIN	0x2e490c	水面の光	908596ca82cc8cf5		水面の제	0.250	8
C00944	BOOT:0x2e5320	BOOT_CSTR	BOOT.BIN	0x2e5320	新松明の炎	90568fbc96be82cc898a		新松明の炎	0.000	10
C00945	BOOT:0x2e535c	BOOT_CSTR	BOOT.BIN	0x2e535c	一定方向の風	88ea92e895fb8cfc82cc9597		一定方向の風	0.000	12
C00946	BOOT:0x2e536c	BOOT_CSTR	BOOT.BIN	0x2e536c	風で飛ぶ壊れ物	959782c594f282d489f382ea95a8		風で飛ぶ壊れ物	0.000	14
C00947	BOOT:0x2e5800	BOOT_CSTR	BOOT.BIN	0x2e5800	ナルト大橋2	8369838b836791e58bb432		ナルト大橋2	0.000	11
C00948	BOOT:0x2e586c	BOOT_CSTR	BOOT.BIN	0x2e586c	歪み	986382dd		歪み	0.000	4
C00949	BOOT:0x2e5874	BOOT_CSTR	BOOT.BIN	0x2e5874	真葉っぱ	905e977482c182cf		真葉っぱ	0.000	8
C00950	BOOT:0x2e58d8	BOOT_CSTR	BOOT.BIN	0x2e58d8	クレーン車	834e838c815b83938ed4		クレーン옛	0.200	10
C00951	BOOT:0x2e59ec	BOOT_CSTR	BOOT.BIN	0x2e59ec	橋の波紋	8bb482cc946796e4		橋の波紋	0.000	8
C00952	BOOT:0x2e5a20	BOOT_CSTR	BOOT.BIN	0x2e5a20	柱の水輪	928c82cc908597d6		柱の水교	0.250	8
C00953	BOOT:0x2e5c3c	BOOT_CSTR	BOOT.BIN	0x2e5c3c	新手漕ぎ舟	90568ee8918682ac8f4d		新엥漕ぎ舟	0.200	10
C00954	BOOT:0x2e5cbc	BOOT_CSTR	BOOT.BIN	0x2e5cbc	マングローブ	837d8393834f838d815b8375		マングローブ	0.000	12
C00955	BOOT:0x2e5d00	BOOT_CSTR	BOOT.BIN	0x2e5d00	夕日のキラキラ	975b93fa82cc834c8389834c8389		夕日のキラキラ	0.000	14
C00956	BOOT:0x2e6190	BOOT_CSTR	BOOT.BIN	0x2e6190	再不斬の隠れ家2	8dc495738e6182cc894282ea89c632		再不斬の隠れ家2	0.000	15
C00957	BOOT:0x2e6298	BOOT_CSTR	BOOT.BIN	0x2e6298	建物の壁	8c9a95a882cc95c7		建物の壁	0.000	8
C00958	BOOT:0x2e62f0	BOOT_CSTR	BOOT.BIN	0x2e62f0	木漏れ日	96d8985282ea93fa		木漏れ日	0.000	8
C00959	BOOT:0x2e649c	BOOT_CSTR	BOOT.BIN	0x2e649c	根っこの木漏れ日	8daa82c182b182cc96d8985282ea93fa		根っこの木漏れ日	0.000	16
C00960	BOOT:0x2e6510	BOOT_CSTR	BOOT.BIN	0x2e6510	ザブザのベッド	83558375835582cc837883628368		ザブザのベッド	0.000	14
C00961	BOOT:0x2e6584	BOOT_CSTR	BOOT.BIN	0x2e6584	揺れる草1	976882ea82e9919031		揺れる草1	0.000	9
C00962	BOOT:0x2e65c0	BOOT_CSTR	BOOT.BIN	0x2e65c0	揺れる草2	976882ea82e9919032		揺れる草2	0.000	9
C00963	BOOT:0x2e65fc	BOOT_CSTR	BOOT.BIN	0x2e65fc	揺れる草3	976882ea82e9919033		揺れる草3	0.000	9
C00964	BOOT:0x2e6638	BOOT_CSTR	BOOT.BIN	0x2e6638	揺れる草4	976882ea82e9919034		揺れる草4	0.000	9
C00965	BOOT:0x2e6674	BOOT_CSTR	BOOT.BIN	0x2e6674	揺れる草5	976882ea82e9919035		揺れる草5	0.000	9
C00966	BOOT:0x2e66b0	BOOT_CSTR	BOOT.BIN	0x2e66b0	揺れる葉1(ドーム)	976882ea82e9977431288368815b838029		揺れる葉1(ドーム)	0.000	17
C00967	BOOT:0x2e66f8	BOOT_CSTR	BOOT.BIN	0x2e66f8	光のカーテン	8cf582cc834a815b83658393		제のカーテン	0.167	12
C00968	BOOT:0x2e6d68	BOOT_CSTR	BOOT.BIN	0x2e6d68	砂肝亭と仏像2	8dbb8acc92e082c695a7919c32		砂肝亭と仏像2	0.000	13
C00969	BOOT:0x2e7190	BOOT_CSTR	BOOT.BIN	0x2e7190	風影の屋敷2	9597896582cc89ae957e32		風影の옆딘2	0.400	11
C00970	BOOT:0x2e7254	BOOT_CSTR	BOOT.BIN	0x2e7254	電灯の光	9364939482cc8cf5		電灯の제	0.250	8
C00971	BOOT:0x2e72e0	BOOT_CSTR	BOOT.BIN	0x2e72e0	風影の積荷	9597896582cc90cf89d7		風影の積흐	0.200	10
C00972	BOOT:0x2e74d0	BOOT_CSTR	BOOT.BIN	0x2e74d0	木箱（缶入れ）	96d894a081698aca93fc82ea816a		木렸（폭르れ）	0.429	14
C00973	BOOT:0x2e7534	BOOT_CSTR	BOOT.BIN	0x2e7534	擬似ブラ提灯(赤)	8b5b8e978375838992f193942890d429		擬似ブラ提灯(赤)	0.000	16
C00974	BOOT:0x2e7580	BOOT_CSTR	BOOT.BIN	0x2e7580	擬似ブラ提灯(青)	8b5b8e978375838992f193942890c229		擬似ブラ提灯(青)	0.000	16
C00975	BOOT:0x2e75cc	BOOT_CSTR	BOOT.BIN	0x2e75cc	擬似ブラ提灯(黄)	8b5b8e978375838992f193942889a929		擬似ブラ提灯(칸)	0.143	16
C00976	BOOT:0x2e7d24	BOOT_CSTR	BOOT.BIN	0x2e7d24	揺れる葉の影１	976882ea82e9977482cc89658250		揺れる葉の影１	0.000	14
C00977	BOOT:0x2e7d70	BOOT_CSTR	BOOT.BIN	0x2e7d70	揺れる葉の影２	976882ea82e9977482cc89658251		揺れる葉の影２	0.000	14
C00978	BOOT:0x2e7dbc	BOOT_CSTR	BOOT.BIN	0x2e7dbc	揺れる葉の影３	976882ea82e9977482cc89658252		揺れる葉の影３	0.000	14
C00979	BOOT:0x2e7e08	BOOT_CSTR	BOOT.BIN	0x2e7e08	揺れる葉の影４	976882ea82e9977482cc89658253		揺れる葉の影４	0.000	14
C00980	BOOT:0x2e7e54	BOOT_CSTR	BOOT.BIN	0x2e7e54	揺れる葉の影５	976882ea82e9977482cc89658254		揺れる葉の影５	0.000	14
C00981	BOOT:0x2e7ea0	BOOT_CSTR	BOOT.BIN	0x2e7ea0	揺れる葉の影６	976882ea82e9977482cc89658255		揺れる葉の影６	0.000	14
C00982	BOOT:0x2e7eec	BOOT_CSTR	BOOT.BIN	0x2e7eec	揺れる葉の影７	976882ea82e9977482cc89658256		揺れる葉の影７	0.000	14
C00983	BOOT:0x2e7f38	BOOT_CSTR	BOOT.BIN	0x2e7f38	桜の花びら	8df782cc89d482d182e7		익の흔びら	0.400	10
C00984	BOOT:0x2e85e0	BOOT_CSTR	BOOT.BIN	0x2e85e0	慰霊碑の水飛沫	88d497ec94e882cc908594f29697		慰골뚱の水飛沫	0.286	14
C00985	BOOT:0x2e85f0	BOOT_CSTR	BOOT.BIN	0x2e85f0	草の水飛沫	919082cc908594f29697		草の水飛沫	0.000	10
C00986	BOOT:0x2e8604	BOOT_CSTR	BOOT.BIN	0x2e8604	水溜りの波紋	908597ad82e882cc946796e4		水溜りの波紋	0.000	12
C00987	BOOT:0x2e8614	BOOT_CSTR	BOOT.BIN	0x2e8614	動く雲	93ae82ad895f		망く雲	0.333	6
C00988	BOOT:0x2e861c	BOOT_CSTR	BOOT.BIN	0x2e861c	ぼかし	82da82a982b5		ぼかし	0.000	6
C00989	BOOT:0x2e8b10	BOOT_CSTR	BOOT.BIN	0x2e8b10	木ノ葉温泉	96d8836d977489b790f2		木ノ葉눌泉	0.200	10
C00990	BOOT:0x2e8be4	BOOT_CSTR	BOOT.BIN	0x2e8be4	影付きオブジェクト	8965957482ab8349837583578346834e8367		影付きオブジェクト	0.000	18
C00991	BOOT:0x2e8d90	BOOT_CSTR	BOOT.BIN	0x2e8d90	温泉板影付きオブジェクト	89b790f294c28965957482ab8349837583578346834e8367		눌泉板影付きオブジェクト	0.083	24
C00992	BOOT:0x2e8e14	BOOT_CSTR	BOOT.BIN	0x2e8e14	壊れる旗(右竹)	89f382ea82e98af8288945927c29		壊れる旗(右竹)	0.000	14
C00993	BOOT:0x2e8f08	BOOT_CSTR	BOOT.BIN	0x2e8f08	ひびの入る壁(左建物)	82d082d182cc93fc82e995c7288db68c9a95a829		ひびの르る壁(잘建物)	0.222	20
C00994	BOOT:0x2e8fb4	BOOT_CSTR	BOOT.BIN	0x2e8fb4	温泉エフェクト	89b790f2834783748346834e8367		눌泉エフェクト	0.143	14
C00995	BOOT:0x2e93f4	BOOT_CSTR	BOOT.BIN	0x2e93f4	木ノ葉の森	96d8836d977482cc9058		木ノ葉の森	0.000	10
C00996	BOOT:0x2e9550	BOOT_CSTR	BOOT.BIN	0x2e9550	黄泉返り	89a990f295d482e8		칸泉返り	0.250	8
C00997	BOOT:0x2e98b8	BOOT_CSTR	BOOT.BIN	0x2e98b8	カメラ前落ち葉	834a83818389914f978e82bf9774		カメラ빼落ち葉	0.143	14
C00998	BOOT:0x2e98ec	BOOT_CSTR	BOOT.BIN	0x2e98ec	検査なし壊れ物	8c9f8db882c882b589f382ea95a8		検잖なし壊れ物	0.143	14
C00999	BOOT:0x2e9fe4	BOOT_CSTR	BOOT.BIN	0x2e9fe4	大入のれん	91e593fc82cc82ea82f1		大르のれん	0.200	10
C01000	BOOT:0x2ea01c	BOOT_CSTR	BOOT.BIN	0x2ea01c	百楽のれん	95538a7982cc82ea82f1		百험のれん	0.200	10
C01001	BOOT:0x2ea054	BOOT_CSTR	BOOT.BIN	0x2ea054	民宿のれん	96af8f6882cc82ea82f1		民宿のれん	0.000	10
C01002	BOOT:0x2ea08c	BOOT_CSTR	BOOT.BIN	0x2ea08c	おでんやのれん	82a882c582f182e282cc82ea82f1		おでんやのれん	0.000	14
C01003	BOOT:0x2ea0c8	BOOT_CSTR	BOOT.BIN	0x2ea0c8	影付きオブジェクトタンク1	8965957482ab8349837583578346834e8367835e8393834e31		影付きオブジェクトタンク1	0.000	25
C01004	BOOT:0x2ea14c	BOOT_CSTR	BOOT.BIN	0x2ea14c	影付きオブジェクトタンク2	8965957482ab8349837583578346834e8367835e8393834e32		影付きオブジェクトタンク2	0.000	25
C01005	BOOT:0x2ea1d0	BOOT_CSTR	BOOT.BIN	0x2ea1d0	影付きオブジェクトタンク3	8965957482ab8349837583578346834e8367835e8393834e33		影付きオブジェクトタンク3	0.000	25
C01006	BOOT:0x2ea254	BOOT_CSTR	BOOT.BIN	0x2ea254	影付きオブジェクトタンク4	8965957482ab8349837583578346834e8367835e8393834e34		影付きオブジェクトタンク4	0.000	25
C01007	BOOT:0x2ea2d8	BOOT_CSTR	BOOT.BIN	0x2ea2d8	影付きオブジェクトタンク5	8965957482ab8349837583578346834e8367835e8393834e35		影付きオブジェクトタンク5	0.000	25
C01008	BOOT:0x2ea35c	BOOT_CSTR	BOOT.BIN	0x2ea35c	影付きオブジェクトタンク6	8965957482ab8349837583578346834e8367835e8393834e36		影付きオブジェクトタンク6	0.000	25
C01009	BOOT:0x2ea448	BOOT_CSTR	BOOT.BIN	0x2ea448	光る看板	8cf582e98ac594c2		제る看板	0.250	8
C01010	BOOT:0x2ea524	BOOT_CSTR	BOOT.BIN	0x2ea524	賭ちょうちん	937182bf82e582a482bf82f1		賭ちょうちん	0.000	12
C01011	BOOT:0x2ea5a8	BOOT_CSTR	BOOT.BIN	0x2ea5a8	ネオンちょうちん	836c8349839382bf82e582a482bf82f1		ネオンちょうちん	0.000	16
C01012	BOOT:0x2ea790	BOOT_CSTR	BOOT.BIN	0x2ea790	新舞う木の葉	9056959182a496d882cc9774		新舞う木の葉	0.000	12
C01013	BOOT:0x2ea7c0	BOOT_CSTR	BOOT.BIN	0x2ea7c0	短冊街布シミュ	925a8dfb8a58957a8356837e8385		短冊街布シミュ	0.000	14
C01014	BOOT:0x2ea878	BOOT_CSTR	BOOT.BIN	0x2ea878	おでん屋の煙	82a882c582f189ae82cc898c		おでん옆の煙	0.167	12
C01015	BOOT:0x2ea8ac	BOOT_CSTR	BOOT.BIN	0x2ea8ac	ネオン付き提灯	836c83498393957482ab92f19394		ネオン付き提灯	0.000	14
C01016	BOOT:0x2eaf1c	BOOT_CSTR	BOOT.BIN	0x2eaf1c	短冊街のはずれ	925a8dfb8a5882cc82cd82b882ea		短冊街のはずれ	0.000	14
C01017	BOOT:0x2eb314	BOOT_CSTR	BOOT.BIN	0x2eb314	マンダ	837d8393835f		マンダ	0.000	6
C01018	BOOT:0x2eb874	BOOT_CSTR	BOOT.BIN	0x2eb874	揺れる針葉1	976882ea82e9906a977431		揺れる針葉1	0.000	11
C01019	BOOT:0x2eb8b0	BOOT_CSTR	BOOT.BIN	0x2eb8b0	揺れる針葉2	976882ea82e9906a977432		揺れる針葉2	0.000	11
C01020	BOOT:0x2eb8ec	BOOT_CSTR	BOOT.BIN	0x2eb8ec	揺れる針葉3	976882ea82e9906a977433		揺れる針葉3	0.000	11
C01021	BOOT:0x2eb928	BOOT_CSTR	BOOT.BIN	0x2eb928	揺れる針葉4	976882ea82e9906a977434		揺れる針葉4	0.000	11
C01022	BOOT:0x2eb964	BOOT_CSTR	BOOT.BIN	0x2eb964	揺れる針葉5	976882ea82e9906a977435		揺れる針葉5	0.000	11
C01023	BOOT:0x2eb9a0	BOOT_CSTR	BOOT.BIN	0x2eb9a0	揺れる針葉6	976882ea82e9906a977436		揺れる針葉6	0.000	11
C01024	BOOT:0x2eb9dc	BOOT_CSTR	BOOT.BIN	0x2eb9dc	揺れる針葉7	976882ea82e9906a977437		揺れる針葉7	0.000	11
C01025	BOOT:0x2eba18	BOOT_CSTR	BOOT.BIN	0x2eba18	揺れる針葉8	976882ea82e9906a977438		揺れる針葉8	0.000	11
C01026	BOOT:0x2ebde4	BOOT_CSTR	BOOT.BIN	0x2ebde4	虹の氷壁	93f882cc955895c7		虹の氷壁	0.000	8
C01027	BOOT:0x2ebe98	BOOT_CSTR	BOOT.BIN	0x2ebe98	氷壁の虹	955895c782cc93f8		氷壁の虹	0.000	8
C01028	BOOT:0x2ebeb4	BOOT_CSTR	BOOT.BIN	0x2ebeb4	ダイヤモンドダスト	835f83438384838283938368835f83588367		ダイヤモンドダスト	0.000	18
C01029	BOOT:0x2ebeec	BOOT_CSTR	BOOT.BIN	0x2ebeec	氷壁エフェクト	955895c7834783748346834e8367		氷壁エフェクト	0.000	14
C01030	BOOT:0x2ec2a4	BOOT_CSTR	BOOT.BIN	0x2ec2a4	灯篭の明かり	9394985582cc96be82a982e8		灯겁の明かり	0.167	12
C01031	BOOT:0x2ecad0	BOOT_CSTR	BOOT.BIN	0x2ecad0	大蛇の一噛み	91e58ed682cc88ea8a9a82dd		大예の一해み	0.333	12
C01032	BOOT:0x2ecb40	BOOT_CSTR	BOOT.BIN	0x2ecb40	背景の蛇の業火	94778c6982cc8ed682cc8bc689ce		背景の예の業흥	0.286	14
C01033	BOOT:0x2ecc30	BOOT_CSTR	BOOT.BIN	0x2ecc30	紫四炎陣のふっとばし	8e878e6c898a907782cc82d382c182c682ce82b5		紫四炎陣のふっとばし	0.000	20
C01034	BOOT:0x2ecd74	BOOT_CSTR	BOOT.BIN	0x2ecd74	竜巻壊れもの	97b38aaa89f382ea82e082cc		竜할壊れもの	0.167	12
C01035	BOOT:0x2ecf74	BOOT_CSTR	BOOT.BIN	0x2ecf74	鬼兄弟の攻撃	8b538c5a92ed82cc8d558c82		鬼째弟の攻撃	0.167	12
C01036	BOOT:0x2ecf94	BOOT_CSTR	BOOT.BIN	0x2ecf94	夜叉丸の攻撃	96e98db38adb82cc8d558c82		夜叉丸の攻撃	0.000	12
C01037	BOOT:0x2ed138	BOOT_CSTR	BOOT.BIN	0x2ed138	竜巻の攻撃	97b38aaa82cc8d558c82		竜할の攻撃	0.200	10
C01038	BOOT:0x2ed2a0	BOOT_CSTR	BOOT.BIN	0x2ed2a0	大蛇の噛み付き	91e58ed682cc8a9a82dd957482ab		大예の해み付き	0.286	14
C01039	BOOT:0x2ed2b0	BOOT_CSTR	BOOT.BIN	0x2ed2b0	大蛇の吐き出し	91e58ed682cc936682ab8f6f82b5		大예の맹き出し	0.286	14
C01040	BOOT:0x2ed370	BOOT_CSTR	BOOT.BIN	0x2ed370	黄泉沼蛇の炎	89a990f28fc08ed682cc898a		칸泉썹예の炎	0.500	12
C01041	BOOT:0x2ed380	BOOT_CSTR	BOOT.BIN	0x2ed380	黄泉沼蛇の噛み付き	89a990f28fc08ed682cc8a9a82dd957482ab		칸泉썹예の해み付き	0.444	18
C01042	BOOT:0x2ed994	BOOT_CSTR	BOOT.BIN	0x2ed994	おやつくれぃ	82a882e282c282ad82ea82a1		おやつくれぃ	0.000	12
C01043	BOOT:0x2ed9a4	BOOT_CSTR	BOOT.BIN	0x2ed9a4	ふっとばすぞ右	82d382c182c682ce82b782bc8945		ふっとばすぞ右	0.000	14
C01044	BOOT:0x2ed9b4	BOOT_CSTR	BOOT.BIN	0x2ed9b4	ふっとばすぞ左	82d382c182c682ce82b782bc8db6		ふっとばすぞ잘	0.143	14
C01045	BOOT:0x2ed9c4	BOOT_CSTR	BOOT.BIN	0x2ed9c4	つぶすぞ	82c282d482b782bc		つぶすぞ	0.000	8
C01046	BOOT:0x2edb48	BOOT_CSTR	BOOT.BIN	0x2edb48	なめとんのか	82c882df82c682f182cc82a9		なめとんのか	0.000	12
C01047	BOOT:0x2edbfc	BOOT_CSTR	BOOT.BIN	0x2edbfc	ぱっくんの怒り	82cf82c182ad82f182cc937b82e8		ぱっくんの怒り	0.000	14
C01048	BOOT:0x2edc58	BOOT_CSTR	BOOT.BIN	0x2edc58	忍亀スーパーマリオ	94458b548358815b8370815b837d838a8349		忍탕スーパーマリオ	0.111	18
C01049	BOOT:0x2edc6c	BOOT_CSTR	BOOT.BIN	0x2edc6c	忍亀マリオ	94458b54837d838a8349		忍탕マリオ	0.200	10
C01050	BOOT:0x2eded0	BOOT_CSTR	BOOT.BIN	0x2eded0	赤丸スライドアタック	90d48adb83588389834383688341835e8362834e		赤丸スライドアタック	0.000	20
C00292	BOOT:0x2edee8	BOOT_CSTR	BOOT.BIN	0x2edee8	ダイナミックマーキング	835f83438369837e8362834e837d815b834c8393834f		ダイナミックマーキング	0.000	22
C01051	BOOT:0x2edf00	BOOT_CSTR	BOOT.BIN	0x2edf00	ブタ体当たりフィニッシュ	8375835e91cc939682bd82e883748342836a836283568385		ブタ体当たりフィニッシュ	0.000	24
C01052	BOOT:0x2edf1c	BOOT_CSTR	BOOT.BIN	0x2edf1c	イタチ　影分身　砕	8343835e83608140896595aa906781408dd3		イタチ　影分身　砕	0.000	18
C01053	BOOT:0x2edf30	BOOT_CSTR	BOOT.BIN	0x2edf30	忍犬　フィニッシュ	94458ca2814083748342836a836283568385		忍犬　フィニッシュ	0.000	18
C01054	BOOT:0x2edf4c	BOOT_CSTR	BOOT.BIN	0x2edf4c	"忍犬	フィニッシュブロー"	94458ca20983748342836a8362835683858375838d815b		"忍犬	フィニッシュブロー"	0.000	23
C01055	BOOT:0x2edf64	BOOT_CSTR	BOOT.BIN	0x2edf64	鬼鮫スイコウダン	8b538e4c8358834383528345835f8393		鬼鮫スイコウダン	0.000	16
C01056	BOOT:0x2f197c	BOOT_CSTR	BOOT.BIN	0x2f197c	アイテム出現	83418343836583808f6f8cbb		アイテム出줬	0.167	12
C01057	BOOT:0x2f198c	BOOT_CSTR	BOOT.BIN	0x2f198c	チャクラ	83608383834e8389		チャクラ	0.000	8
C01058	BOOT:0x2f1998	BOOT_CSTR	BOOT.BIN	0x2f1998	ハンディキャップ	836e839383668342834c838383628376		ハンディキャップ	0.000	16
C01059	BOOT:0x2f19ac	BOOT_CSTR	BOOT.BIN	0x2f19ac	コマンド表示	8352837d83938368955c8ea6		コマンド表示	0.000	12
C01060	BOOT:0x2f19cc	BOOT_CSTR	BOOT.BIN	0x2f19cc	強さ	8bad82b3		칭さ	0.500	4
C00840	BOOT:0x2f19dc	BOOT_CSTR	BOOT.BIN	0x2f19dc	ガード	834b815b8368		ガード	0.000	6
C01061	BOOT:0x2f19ec	BOOT_CSTR	BOOT.BIN	0x2f19ec	対戦相手の設定	91ce90ed918a8ee882cc90dd92e8		対戦봬엥の設定	0.286	14
C01062	BOOT:0x2f19fc	BOOT_CSTR	BOOT.BIN	0x2f19fc	少なめ	8fad82c882df		씻なめ	0.333	6
C01063	BOOT:0x2f1a0c	BOOT_CSTR	BOOT.BIN	0x2f1a0c	多め	91bd82df		버め	0.500	4
C00902	BOOT:0x2f1a30	BOOT_CSTR	BOOT.BIN	0x2f1a30	オフ	83498374		オフ	0.000	4
C00901	BOOT:0x2f1a38	BOOT_CSTR	BOOT.BIN	0x2f1a38	オン	83498393		オン	0.000	4
C01064	BOOT:0x2f1a50	BOOT_CSTR	BOOT.BIN	0x2f1a50	立ち	97a782bf		깜ち	0.500	4
C00843	BOOT:0x2f1a58	BOOT_CSTR	BOOT.BIN	0x2f1a58	ジャンプ	8357838383938376		ジャンプ	0.000	8
C01065	BOOT:0x2f1a64	BOOT_CSTR	BOOT.BIN	0x2f1a64	弱い	8ee382a2		弱い	0.000	4
C01066	BOOT:0x2f1a6c	BOOT_CSTR	BOOT.BIN	0x2f1a6c	難しい	93ef82b582a2		難しい	0.000	6
C01067	BOOT:0x2f1a74	BOOT_CSTR	BOOT.BIN	0x2f1a74	激むず	8c8382de82b8		激むず	0.000	6
C01068	BOOT:0x2f1a7c	BOOT_CSTR	BOOT.BIN	0x2f1a7c	しない	82b582c882a2		しない	0.000	6
C01069	BOOT:0x2f1a8c	BOOT_CSTR	BOOT.BIN	0x2f1a8c	コンボ	83528393837b		コンボ	0.000	6
C01070	BOOT:0x2f1a94	BOOT_CSTR	BOOT.BIN	0x2f1a94	飛び道具	94f282d193b98bef		飛び道찰	0.250	8
C01071	BOOT:0x2f1aa0	BOOT_CSTR	BOOT.BIN	0x2f1aa0	する	82b782e9		する	0.000	4
C01072	BOOT:0x2f1aa8	BOOT_CSTR	BOOT.BIN	0x2f1aa8	コンボ以外ガード	83528393837b88c88a4f834b815b8368		コンボ以협ガード	0.125	16
C01073	BOOT:0x2f1abc	BOOT_CSTR	BOOT.BIN	0x2f1abc	追う	92c782a4		追う	0.000	4
C01074	BOOT:0x2f1ac4	BOOT_CSTR	BOOT.BIN	0x2f1ac4	<KON>対戦設定をデフォルトに戻しました。	3c4b4f4e3e91ce90ed90dd92e882f0836683748348838b836782c996df82b582dc82b582bd8142		<KON>対戦設定をデフォルトに낼しました。	0.059	39
C01075	BOOT:0x2f1aec	BOOT_CSTR	BOOT.BIN	0x2f1aec	<KON><ruby練習設定|れんしゅうせってい>をデフォルトに<ruby戻|もど>しました。	3c4b4f4e3e3c7275627997fb8f4b90dd92e87c82ea82f182b582e382a482b982c182c482a23e82f0836683748348838b836782c93c7275627996df7c82e082c73e82b582dc82b582bd8142		<KON><ruby결없設定|れんしゅうせってい>をデフォルトに<ruby낼|もど>しました。	0.107	75
C01076	BOOT:0x2f1b38	BOOT_CSTR	BOOT.BIN	0x2f1b38	<KON>方向キー上下で変更したい項目を選択<br>してください。	3c4b4f4e3e95fb8cfc834c815b8fe389ba82c595cf8d5882b582bd82a28d8096da82f0914991f03c62723e82b582c482ad82be82b382a28142		<KON>方向キー上下で덤更したい項目を選択<br>してください。	0.042	57
C01077	BOOT:0x2f1b74	BOOT_CSTR	BOOT.BIN	0x2f1b74	<KON>方向キー左右で対戦時間の変更ができます。	3c4b4f4e3e95fb8cfc834c815b8db6894582c591ce90ed8e9e8ad482cc95cf8d5882aa82c582ab82dc82b78142		<KON>方向キー잘右で対戦時間の덤更ができます。	0.100	45
C01078	BOOT:0x2f1ba4	BOOT_CSTR	BOOT.BIN	0x2f1ba4	<KON>方向キー左右でアイテムの出現率が<br><KON>変更できます。	3c4b4f4e3e95fb8cfc834c815b8db6894582c5834183438365838082cc8f6f8cbb97a682aa3c62723e3c4b4f4e3e95cf8d5882c582ab82dc82b78142		<KON>方向キー잘右でアイテムの出줬率が<br><KON>덤更できます。	0.130	60
C01079	BOOT:0x2f1be4	BOOT_CSTR	BOOT.BIN	0x2f1be4	<KON>多めにすると、いつもよりゲーム中に出現する<br><KON>アイテムの数が多くなります。	3c4b4f4e3e91bd82df82c982b782e982c6814182a282c282e082e682e88351815b8380928682c98f6f8cbb82b782e93c62723e3c4b4f4e3e834183438365838082cc909482aa91bd82ad82c882e882dc82b78142		<KON>버めにすると、いつもよりゲーム中に出줬する<br><KON>アイテムの数が버くなります。	0.086	84
C01080	BOOT:0x2f1c3c	BOOT_CSTR	BOOT.BIN	0x2f1c3c	<KON><ruby方向|ほうこう>キー<ruby左右|さゆう>でサポートキャラを<ruby登場|とうじょう>させるか<br><KON>させないか<ruby設定|せってい>できます。	3c4b4f4e3e3c7275627995fb8cfc7c82d982a482b182a43e834c815b3c727562798db689457c82b382e482a43e82c58354837c815b8367834c8383838982f03c72756279936f8fea7c82c682a482b682e582a43e82b382b982e982a93c62723e3c4b4f4e3e82b382b982c882a282a93c7275627990dd92e87c82b982c182c482a23e82c582ab82dc82b78142		<KON><ruby方向|ほうこう>キー<ruby잘右|さゆう>でサポートキャラを<ruby登순|とうじょう>させるか<br><KON>させないか<ruby設定|せってい>できます。	0.041	140
C01081	BOOT:0x2f1ccc	BOOT_CSTR	BOOT.BIN	0x2f1ccc	<KON><ruby出現|しゅつげん>しないにしておくと、ゲーム<ruby中|ちゅう>にサポートキャラが<br><KON><ruby出|で>てこなくなるので<ruby注意|ちゅうい>してください。	3c4b4f4e3e3c727562798f6f8cbb7c82b582e382c282b082f13e82b582c882a282c982b582c482a882ad82c681418351815b83803c7275627992867c82bf82e382a43e82c98354837c815b8367834c8383838982aa3c62723e3c4b4f4e3e3c727562798f6f7c82c53e82c482b182c882ad82c882e982cc82c53c72756279928d88d37c82bf82e382a482a23e82b582c482ad82be82b382a28142		<KON><ruby出줬|しゅつげん>しないにしておくと、ゲーム<ruby中|ちゅう>にサポートキャラが<br><KON><ruby出|で>てこなくなるので<ruby注意|ちゅうい>してください。	0.018	154
C01082	BOOT:0x2f1d68	BOOT_CSTR	BOOT.BIN	0x2f1d68	<KON><ruby方向|ほうこう>キー<ruby左右|さゆう>でお<ruby邪魔|じゃま>キャラを<ruby登場|とうじょう>させるか<br><KON>させないか<ruby設定|せってい>できます。	3c4b4f4e3e3c7275627995fb8cfc7c82d982a482b182a43e834c815b3c727562798db689457c82b382e482a43e82c582a83c727562798ed796827c82b682e182dc3e834c8383838982f03c72756279936f8fea7c82c682a482b682e582a43e82b382b982e982a93c62723e3c4b4f4e3e82b382b982c882a282a93c7275627990dd92e87c82b982c182c482a23e82c582ab82dc82b78142		<KON><ruby方向|ほうこう>キー<ruby잘右|さゆう>でお<ruby邪뇌|じゃま>キャラを<ruby登순|とうじょう>させるか<br><KON>させないか<ruby設定|せってい>できます。	0.059	151
C01083	BOOT:0x2f1e00	BOOT_CSTR	BOOT.BIN	0x2f1e00	<KON>方向キー左右で術などを使用した時に、<br><KON>チャクラが減るか減らないかを設定できます。	3c4b4f4e3e95fb8cfc834c815b8db6894582c58f7082c882c782f08e67977082b582bd8e9e82c981413c62723e3c4b4f4e3e83608383834e838982aa8cb882e982a98cb882e782c882a282a982f090dd92e882c582ab82dc82b78142		<KON>方向キー잘右で術などを使用した時に、<br><KON>チャクラが즐るか즐らないかを設定できます。	0.077	92
C01084	BOOT:0x2f1e60	BOOT_CSTR	BOOT.BIN	0x2f1e60	<KON><ruby方向|ほうこう>キー<ruby左右|さゆう>で<ruby奥義|おうぎ>を<ruby使用|しよう>できるようにするか、<br><KON><ruby使用|しよう>できないようにするか<ruby設定|せってい>できます。	3c4b4f4e3e3c7275627995fb8cfc7c82d982a482b182a43e834c815b3c727562798db689457c82b382e482a43e82c53c72756279899c8b607c82a882a482ac3e82f03c727562798e6797707c82b582e682a43e82c582ab82e982e682a482c982b782e982a981413c62723e3c4b4f4e3e3c727562798e6797707c82b582e682a43e82c582ab82c882a282e682a482c982b782e982a93c7275627990dd92e87c82b982c182c482a23e82c582ab82dc82b78142		<KON><ruby方向|ほうこう>キー<ruby잘右|さゆう>で<ruby향義|おうぎ>を<ruby使用|しよう>できるようにするか、<br><KON><ruby使用|しよう>できないようにするか<ruby設定|せってい>できます。	0.033	178
C01085	BOOT:0x2f1f14	BOOT_CSTR	BOOT.BIN	0x2f1f14	<KON><ruby使用不可|しようふか>にしておくと、<ruby奥義|おうぎ>が<ruby使|つか>えなくなるので<br><KON><ruby注意|ちゅうい>してください。	3c4b4f4e3e3c727562798e679770957389c27c82b582e682a482d382a93e82c982b582c482a882ad82c681413c72756279899c8b607c82a882a482ac3e82aa3c727562798e677c82c282a93e82a682c882ad82c882e982cc82c53c62723e3c4b4f4e3e3c72756279928d88d37c82bf82e382a482a23e82b582c482ad82be82b382a28142		<KON><ruby使用不可|しようふか>にしておくと、<ruby향義|おうぎ>が<ruby使|つか>えなくなるので<br><KON><ruby注意|ちゅうい>してください。	0.022	132
C01086	BOOT:0x2f1f9c	BOOT_CSTR	BOOT.BIN	0x2f1f9c	<KON>方向キー左右でハンディキャップの設定が<br><KON>できます。	3c4b4f4e3e95fb8cfc834c815b8db6894582c5836e839383668342834c83838362837682cc90dd92e882aa3c62723e3c4b4f4e3e82c582ab82dc82b78142		<KON>方向キー잘右でハンディキャップの設定が<br><KON>できます。	0.042	62
C01087	BOOT:0x2f1fdc	BOOT_CSTR	BOOT.BIN	0x2f1fdc	<KON>赤いマークが多いほど、１Ｐが有利。<br><KON>逆に青いマークが多いと２Ｐが有利な設定です。	3c4b4f4e3e90d482a2837d815b834e82aa91bd82a282d982c781418250826f82aa974c979881423c62723e3c4b4f4e3e8b7482c990c282a2837d815b834e82aa91bd82a282c68251826f82aa974c979882c890dd92e882c582b78142		<KON>赤いマークが버いほど、１Ｐが끈利。<br><KON>逆に青いマークが버いと２Ｐが끈利な設定です。	0.103	92
C01088	BOOT:0x2f203c	BOOT_CSTR	BOOT.BIN	0x2f203c	<KON>赤いマークが多いほど、１Ｐが有利。<br><KON>逆に青いマークが多いとＣＯＭが有利な設定です。	3c4b4f4e3e90d482a2837d815b834e82aa91bd82a282d982c781418250826f82aa974c979881423c62723e3c4b4f4e3e8b7482c990c282a2837d815b834e82aa91bd82a282c68262826e826c82aa974c979882c890dd92e882c582b78142		<KON>赤いマークが버いほど、１Ｐが끈利。<br><KON>逆に青いマークが버いとＣＯＭが끈利な設定です。	0.100	94
C01089	BOOT:0x2f209c	BOOT_CSTR	BOOT.BIN	0x2f209c	<ruby方向|ほうこう>キー<ruby左右|さゆう>でコマンドの<ruby表示|ひょうじ>を<ruby設定|せってい>します。<br><ruby表示|ひょうじ>をオフにすると、コマンドが<ruby表示|ひょうじ>されません。	3c7275627995fb8cfc7c82d982a482b182a43e834c815b3c727562798db689457c82b382e482a43e82c58352837d8393836882cc3c72756279955c8ea67c82d082e582a482b63e82f03c7275627990dd92e87c82b982c182c482a23e82b582dc82b781423c62723e3c72756279955c8ea67c82d082e582a482b63e82f08349837482c982b782e982c681418352837d8393836882aa3c72756279955c8ea67c82d082e582a482b63e82b382ea82dc82b982f18142		<ruby方向|ほうこう>キー<ruby잘右|さゆう>でコマンドの<ruby表示|ひょうじ>を<ruby設定|せってい>します。<br><ruby表示|ひょうじ>をオフにすると、コマンドが<ruby表示|ひょうじ>されません。	0.015	180
C01090	BOOT:0x2f2154	BOOT_CSTR	BOOT.BIN	0x2f2154	<ruby方向|ほうこう>キー<ruby左右|さゆう>でアイテムの<ruby出現頻度|しゅつげんひんど>を<ruby設定|せってい>します。<br><ruby多|おお>めにするとアイテムが<ruby多|おお>く<ruby出|で>てきます。	3c7275627995fb8cfc7c82d982a482b182a43e834c815b3c727562798db689457c82b382e482a43e82c5834183438365838082cc3c727562798f6f8cbb957093787c82b582e382c282b082f182d082f182c73e82f03c7275627990dd92e87c82b982c182c482a23e82b582dc82b781423c62723e3c7275627991bd7c82a882a83e82df82c982b782e982c6834183438365838082aa3c7275627991bd7c82a882a83e82ad3c727562798f6f7c82c53e82c482ab82dc82b78142		<ruby方向|ほうこう>キー<ruby잘右|さゆう>でアイテムの<ruby出줬頻度|しゅつげんひんど>を<ruby設定|せってい>します。<br><ruby버|おお>めにするとアイテムが<ruby버|おお>く<ruby出|で>てきます。	0.061	185
C01091	BOOT:0x2f2210	BOOT_CSTR	BOOT.BIN	0x2f2210	<ruby方向|ほうこう>キー<ruby左右|さゆう>で<ruby奥義|おうぎ>の<ruby設定|せってい>ができます。<br><ruby使用不可|しようふか>にすると、<ruby奥義|おうぎ>が<ruby使用|しよう>できなくなります。	3c7275627995fb8cfc7c82d982a482b182a43e834c815b3c727562798db689457c82b382e482a43e82c53c72756279899c8b607c82a882a482ac3e82cc3c7275627990dd92e87c82b982c182c482a23e82aa82c582ab82dc82b781423c62723e3c727562798e679770957389c27c82b582e682a482d382a93e82c982b782e982c681413c72756279899c8b607c82a882a482ac3e82aa3c727562798e6797707c82b582e682a43e82c582ab82c882ad82c882e882dc82b78142		<ruby方向|ほうこう>キー<ruby잘右|さゆう>で<ruby향義|おうぎ>の<ruby設定|せってい>ができます。<br><ruby使用不可|しようふか>にすると、<ruby향義|おうぎ>が<ruby使用|しよう>できなくなります。	0.045	185
C01092	BOOT:0x2f22cc	BOOT_CSTR	BOOT.BIN	0x2f22cc	<ruby対戦|たいせん><ruby相手|あいて>の<ruby状態|じょうたい>を<ruby指定|してい>できます。<ruby手動|しゅどう>にすると<ruby別|べつ>の<br>コントローラで<ruby操作|そうさ>する<ruby事|こと>ができます。	3c7275627991ce90ed7c82bd82a282b982f13e3c72756279918a8ee87c82a082a282c43e82cc3c727562798ff391d47c82b682e582a482bd82a23e82f03c727562798e7792e87c82b582c482a23e82c582ab82dc82b781423c727562798ee893ae7c82b582e382c782a43e82c982b782e982c63c7275627995ca7c82d782c23e82cc3c62723e835283938367838d815b838982c53c7275627991808dec7c82bb82a482b33e82b782e93c727562798e967c82b182c63e82aa82c582ab82dc82b78142		<ruby対戦|たいせん><ruby봬엥|あいて>の<ruby状밉|じょうたい>を<ruby指定|してい>できます。<ruby엥망|しゅどう>にすると<ruby독|べつ>の<br>コントローラで<ruby操일|そうさ>する<ruby事|こと>ができます。	0.104	194
C01093	BOOT:0x2f2390	BOOT_CSTR	BOOT.BIN	0x2f2390	<ruby状態|じょうたい>が「ＣＯＭ」<ruby時|じ>の<ruby強|つよ>さを<ruby指定|してい>できます。	3c727562798ff391d47c82b682e582a482bd82a23e82aa81758262826e826c81763c727562798e9e7c82b63e82cc3c727562798bad7c82c282e63e82b382f03c727562798e7792e87c82b582c482a23e82c582ab82dc82b78142		<ruby状밉|じょうたい>が「ＣＯＭ」<ruby時|じ>の<ruby칭|つよ>さを<ruby指定|してい>できます。	0.065	90
C01094	BOOT:0x2f23ec	BOOT_CSTR	BOOT.BIN	0x2f23ec	<ruby状態|じょうたい>が「<ruby立|た>ち・ジャンプ」<ruby時|じ>の<ruby攻撃|こうげき>パターンを<br><ruby指定|してい>できます。	3c727562798ff391d47c82b682e582a482bd82a23e82aa81753c7275627997a77c82bd3e82bf8145835783838393837681763c727562798e9e7c82b63e82cc3c727562798d558c827c82b182a482b082ab3e8370835e815b839382f03c62723e3c727562798e7792e87c82b582c482a23e82c582ab82dc82b78142		<ruby状밉|じょうたい>が「<ruby깜|た>ち・ジャンプ」<ruby時|じ>の<ruby攻撃|こうげき>パターンを<br><ruby指定|してい>できます。	0.048	123
C01095	BOOT:0x2f2468	BOOT_CSTR	BOOT.BIN	0x2f2468	<ruby状態|じょうたい>が「<ruby立|た>ち・ジャンプ」<ruby時|じ>のガードパターンを<br><ruby指定|してい>できます。	3c727562798ff391d47c82b682e582a482bd82a23e82aa81753c7275627997a77c82bd3e82bf8145835783838393837681763c727562798e9e7c82b63e82cc834b815b83688370835e815b839382f03c62723e3c727562798e7792e87c82b582c482a23e82c582ab82dc82b78142		<ruby状밉|じょうたい>が「<ruby깜|た>ち・ジャンプ」<ruby時|じ>のガードパターンを<br><ruby指定|してい>できます。	0.051	110
C01096	BOOT:0x2f24d8	BOOT_CSTR	BOOT.BIN	0x2f24d8	<ruby状態|じょうたい>が「<ruby立|た>ち・ジャンプ」<ruby時|じ>の<ruby行動|こうどう>パターンを<br><ruby指定|してい>できます。	3c727562798ff391d47c82b682e582a482bd82a23e82aa81753c7275627997a77c82bd3e82bf8145835783838393837681763c727562798e9e7c82b63e82cc3c727562798d7393ae7c82b182a482c782a43e8370835e815b839382f03c62723e3c727562798e7792e87c82b582c482a23e82c582ab82dc82b78142		<ruby状밉|じょうたい>が「<ruby깜|た>ち・ジャンプ」<ruby時|じ>の<ruby行망|こうどう>パターンを<br><ruby指定|してい>できます。	0.071	123
C01097	BOOT:0x2f2554	BOOT_CSTR	BOOT.BIN	0x2f2554	<ruby対戦|たいせん><ruby相手|あいて>の<ruby状態|じょうたい>を<ruby指定|してい>できます。ＣＯＭにすると<br>コンピュータと<ruby対戦|たいせん>する<ruby事|こと>ができます。	3c7275627991ce90ed7c82bd82a282b982f13e3c72756279918a8ee87c82a082a282c43e82cc3c727562798ff391d47c82b682e582a482bd82a23e82f03c727562798e7792e87c82b582c482a23e82c582ab82dc82b781428262826e826c82c982b782e982c63c62723e8352839383738385815b835e82c63c7275627991ce90ed7c82bd82a282b982f13e82b782e93c727562798e967c82b182c63e82aa82c582ab82dc82b78142		<ruby対戦|たいせん><ruby봬엥|あいて>の<ruby状밉|じょうたい>を<ruby指定|してい>できます。ＣＯＭにすると<br>コンピュータと<ruby対戦|たいせん>する<ruby事|こと>ができます。	0.049	168
C01098	BOOT:0x2f2600	BOOT_CSTR	BOOT.BIN	0x2f2600	<ruby対戦|たいせん><ruby相手|あいて>の<ruby状態|じょうたい>を<ruby指定|してい>できます。<ruby立|た>ちにすると<ruby立|た>った<br><ruby状態|じょうたい>で<ruby下記|かき>で<ruby指定|してい>した<ruby行動|こうどう>をします。	3c7275627991ce90ed7c82bd82a282b982f13e3c72756279918a8ee87c82a082a282c43e82cc3c727562798ff391d47c82b682e582a482bd82a23e82f03c727562798e7792e87c82b582c482a23e82c582ab82dc82b781423c7275627997a77c82bd3e82bf82c982b782e982c63c7275627997a77c82bd3e82c182bd3c62723e3c727562798ff391d47c82b682e582a482bd82a23e82c53c7275627989ba8b4c7c82a982ab3e82c53c727562798e7792e87c82b582c482a23e82b582bd3c727562798d7393ae7c82b182a482c782a43e82f082b582dc82b78142		<ruby対戦|たいせん><ruby봬엥|あいて>の<ruby状밉|じょうたい>を<ruby指定|してい>できます。<ruby깜|た>ちにすると<ruby깜|た>った<br><ruby状밉|じょうたい>で<ruby下記|かき>で<ruby指定|してい>した<ruby行망|こうどう>をします。	0.097	218
C01099	BOOT:0x2f26dc	BOOT_CSTR	BOOT.BIN	0x2f26dc	<ruby対戦|たいせん><ruby相手|あいて>の<ruby状態|じょうたい>を<ruby指定|してい>できます。ジャンプにすると<br>ジャンプしながら<ruby下記|かき>で<ruby指定|してい>した<ruby行動|こうどう>をします。	3c7275627991ce90ed7c82bd82a282b982f13e3c72756279918a8ee87c82a082a282c43e82cc3c727562798ff391d47c82b682e582a482bd82a23e82f03c727562798e7792e87c82b582c482a23e82c582ab82dc82b78142835783838393837682c982b782e982c63c62723e835783838393837682b582c882aa82e73c7275627989ba8b4c7c82a982ab3e82c53c727562798e7792e87c82b582c482a23e82b582bd3c727562798d7393ae7c82b182a482c782a43e82f082b582dc82b78142		<ruby対戦|たいせん><ruby봬엥|あいて>の<ruby状밉|じょうたい>を<ruby指定|してい>できます。ジャンプにすると<br>ジャンプしながら<ruby下記|かき>で<ruby指定|してい>した<ruby行망|こうどう>をします。	0.058	191
C01100	BOOT:0x2f282c	BOOT_CSTR	BOOT.BIN	0x2f282c	ダミーカメラ	835f837e815b834a83818389		ダミーカメラ	0.000	12
C01101	BOOT:0x2f283c	BOOT_CSTR	BOOT.BIN	0x2f283c	ダミーカメラ＃０	835f837e815b834a838183898194824f		ダミーカメラ＃０	0.000	16
C01102	BOOT:0x2f2850	BOOT_CSTR	BOOT.BIN	0x2f2850	演出カメラ「子」	89898f6f834a8381838981758e718176		演出カメラ「유」	0.125	16
C01103	BOOT:0x2f2864	BOOT_CSTR	BOOT.BIN	0x2f2864	演出カメラ「丑」	89898f6f834a838183898175894e8176		演出カメラ「丑」	0.000	16
C01104	BOOT:0x2f2878	BOOT_CSTR	BOOT.BIN	0x2f2878	演出カメラ「寅」	89898f6f834a83818389817593d08176		演出カメラ「寅」	0.000	16
C01105	BOOT:0x2f7a34	BOOT_CSTR	BOOT.BIN	0x2f7a34	再挑戦する	8dc492a790ed82b782e9		再몇戦する	0.200	10
C00874	BOOT:0x2f7a40	BOOT_CSTR	BOOT.BIN	0x2f7a40	攻略を中止する	8d5597aa82f092868e7e82b782e9		攻略を中위する	0.143	14
C01106	BOOT:0x2f7a50	BOOT_CSTR	BOOT.BIN	0x2f7a50	どの難易度でもう一度闘いますか？	82c782cc93ef88d5937882c582e082a488ea937893ac82a282dc82b782a98148		どの難易度でもう一度맞いますか？	0.062	32
C01107	BOOT:0x2f7a74	BOOT_CSTR	BOOT.BIN	0x2f7a74	ふつう	82d382c282a4		ふつう	0.000	6
C01108	BOOT:0x2f7a7c	BOOT_CSTR	BOOT.BIN	0x2f7a7c	やさしい	82e282b382b582a2		やさしい	0.000	8
C01109	BOOT:0x2f7a88	BOOT_CSTR	BOOT.BIN	0x2f7a88	すごくやさしい	82b782b282ad82e282b382b582a2		すごくやさしい	0.000	14
C01110	BOOT:0x2f7a98	BOOT_CSTR	BOOT.BIN	0x2f7a98	相手の体力とチャクラがＭＡＸの状態から開始。	918a8ee882cc91cc97cd82c683608383834e838982aa826c8260827782cc8ff391d482a982e78a4a8e6e8142		봬엥の体力とチャクラがＭＡＸの状밉から혔始。	0.182	44
C01111	BOOT:0x2f7ac8	BOOT_CSTR	BOOT.BIN	0x2f7ac8	相手の体力とチャクラが２／３の状態から開始。<br><RED>（ただし入手できるナルＰポイントも２／３）	918a8ee882cc91cc97cd82c683608383834e838982aa8251815e825282cc8ff391d482a982e78a4a8e6e81423c62723e3c5245443e816982bd82be82b593fc8ee882c582ab82e98369838b826f837c83438393836782e08251815e8252816a		봬엥の体力とチャクラが２／３の状밉から혔始。<br><RED>（ただし르엥できるナルＰポイントも２／３）	0.140	95
C01112	BOOT:0x2f7b28	BOOT_CSTR	BOOT.BIN	0x2f7b28	相手の体力とチャクラが１／３の状態から開始。<br><RED>（ただし入手できるナルＰポイントも１／３）	918a8ee882cc91cc97cd82c683608383834e838982aa8250815e825282cc8ff391d482a982e78a4a8e6e81423c62723e3c5245443e816982bd82be82b593fc8ee882c582ab82e98369838b826f837c83438393836782e08250815e8252816a		봬엥の体力とチャクラが１／３の状밉から혔始。<br><RED>（ただし르엥できるナルＰポイントも１／３）	0.140	95
C00882	BOOT:0x2f7b88	BOOT_CSTR	BOOT.BIN	0x2f7b88	攻略を中止してマップ画面に戻りますか？	8d5597aa82f092868e7e82b582c4837d8362837689e696ca82c996df82e882dc82b782a98148		攻略を中위してマップ画面に낼りますか？	0.105	38
C01113	BOOT:0x2f8380	BOOT_CSTR	BOOT.BIN	0x2f8380	通信を接続中です。	92ca904d82f090da91b1928682c582b78142		通信を接벨中です。	0.111	18
C01114	BOOT:0x2f83b0	BOOT_CSTR	BOOT.BIN	0x2f83b0	に対戦を申し込んでいます。	82c991ce90ed82f0905c82b58d9e82f182c582a282dc82b78142		に対戦を셈し저んでいます。	0.154	26
C01115	BOOT:0x2f83cc	BOOT_CSTR	BOOT.BIN	0x2f83cc	に対戦を申し込まれました。	82c991ce90ed82f0905c82b58d9e82dc82ea82dc82b582bd8142		に対戦を셈し저まれました。	0.154	26
C01116	BOOT:0x2f83e8	BOOT_CSTR	BOOT.BIN	0x2f83e8	対戦を拒否されました。	91ce90ed82f08b9194db82b382ea82dc82b582bd8142		対戦を拒否されました。	0.000	22
C01117	BOOT:0x2f8400	BOOT_CSTR	BOOT.BIN	0x2f8400	申し込みをキャンセルされました。	905c82b58d9e82dd82f0834c83838393835a838b82b382ea82dc82b582bd8142		셈し저みをキャンセルされました。	0.125	32
C01118	BOOT:0x2f8424	BOOT_CSTR	BOOT.BIN	0x2f8424	対戦が決定しました。	91ce90ed82aa8c8892e882b582dc82b582bd8142		対戦が決定しました。	0.000	20
C01119	BOOT:0x2f847c	BOOT_CSTR	BOOT.BIN	0x2f847c	対戦の準備中です。	91ce90ed82cc8f8094f5928682c582b78142		対戦の準떨中です。	0.111	18
C01120	BOOT:0x2f8490	BOOT_CSTR	BOOT.BIN	0x2f8490	ワイヤレスＬＡＮスイッチが<BLUE>オフ<BLACK>になっています。	838f83438384838c8358826b8260826d835883438362836082aa3c424c55453e834983743c424c41434b3e82c982c882c182c482a282dc82b78142		ワイヤレスＬＡＮスイッチが<BLUE>オフ<BLACK>になっています。	0.000	59
C01121	BOOT:0x2f84cc	BOOT_CSTR	BOOT.BIN	0x2f84cc	接続するにはスイッチを<RED>オン<BLACK>にしてください。	90da91b182b782e982c982cd835883438362836082f03c5245443e834983933c424c41434b3e82c982b582c482ad82be82b382a28142		接벨するにはスイッチを<RED>オン<BLACK>にしてください。	0.048	54
C01122	BOOT:0x2f8504	BOOT_CSTR	BOOT.BIN	0x2f8504	通信エラーが発生しました。	92ca904d83478389815b82aa94ad90b682b582dc82b582bd8142		通信エラーが発生しました。	0.000	26
C01123	BOOT:0x2f8520	BOOT_CSTR	BOOT.BIN	0x2f8520	ワイヤレスＬＡＮスイッチが<BLUE>オフ<BLACK>になりました。	838f83438384838c8358826b8260826d835883438362836082aa3c424c55453e834983743c424c41434b3e82c982c882e882dc82b582bd8142		ワイヤレスＬＡＮスイッチが<BLUE>オフ<BLACK>になりました。	0.000	57
C00882	BOOT:0x2f90d0	BOOT_CSTR	BOOT.BIN	0x2f90d0	攻略を中止してマップ画面に戻りますか？	8d5597aa82f092868e7e82b582c4837d8362837689e696ca82c996df82e882dc82b782a98148		攻略を中위してマップ画面に낼りますか？	0.105	38
C01124	BOOT:0x2f9740	BOOT_CSTR	BOOT.BIN	0x2f9740	<iconCIRCLE>ボタンでゲーム<ruby開始|かいし>！	3c69636f6e434952434c453e837b835e839382c58351815b83803c727562798a4a8e6e7c82a982a282b53e8149		<iconCIRCLE>ボタンでゲーム<ruby혔始|かいし>！	0.077	45
C01125	BOOT:0x2f97f8	BOOT_CSTR	BOOT.BIN	0x2f97f8	<ruby木登|きのぼ>り<ruby修業|しゅぎょう>！	3c7275627996d8936f7c82ab82cc82da3e82e83c727562798f438bc67c82b582e382ac82e582a43e8149		<ruby木登|きのぼ>り<ruby修業|しゅぎょう>！	0.000	42
C01126	BOOT:0x2f9824	BOOT_CSTR	BOOT.BIN	0x2f9824	うまく木の枝をよけながら	82a482dc82ad96d882cc8e7d82f082e682af82c882aa82e7		うまく木の枝をよけながら	0.000	24
C01127	BOOT:0x2f9840	BOOT_CSTR	BOOT.BIN	0x2f9840	大木をかけあがれ！！	91e596d882f082a982af82a082aa82ea81498149		大木をかけあがれ！！	0.000	20
C01128	BOOT:0x2f9858	BOOT_CSTR	BOOT.BIN	0x2f9858	スピードアップアイテムを取ると	83588373815b8368834183628376834183438365838082f08ee682e982c6		スピードアップアイテムを여ると	0.067	30
C01129	BOOT:0x2f9878	BOOT_CSTR	BOOT.BIN	0x2f9878	早くかけあがれるぞ！	918182ad82a982af82a082aa82ea82e982bc8149		분くかけあがれるぞ！	0.100	20
C01130	BOOT:0x2f98b4	BOOT_CSTR	BOOT.BIN	0x2f98b4	<RED>%d分%02d秒以内にゴールするとノルマ達成だ！	3c5245443e256495aa25303264956288c893e082c98353815b838b82b782e982c6836d838b837d924290ac82be8149		<RED>%d分%02d秒以内にゴールするとノルマ達成だ！	0.000	47
C01131	BOOT:0x2f9a7c	BOOT_CSTR	BOOT.BIN	0x2f9a7c	ガイのポージング<ruby特訓|とっくん>！	834b834382cc837c815b83578393834f3c7275627993c18c507c82c682c182ad82f13e8149		ガイのポージング<ruby말訓|とっくん>！	0.067	37
C01132	BOOT:0x2f9aa4	BOOT_CSTR	BOOT.BIN	0x2f9aa4	シカマルの<ruby影真似|かげまね><ruby修業|しゅぎょう>！	8356834a837d838b82cc3c727562798965905e8e977c82a982b082dc82cb3e3c727562798f438bc67c82b582e382ac82e582a43e8149		シカマルの<ruby影真似|かげまね><ruby修業|しゅぎょう>！	0.000	54
C01133	BOOT:0x2f9b48	BOOT_CSTR	BOOT.BIN	0x2f9b48	ガイのポーズに<ruby合|あ>わせて	834b834382cc837c815b835982c93c727562798d877c82a03e82ed82b982c4		ガイのポーズに<ruby合|あ>わせて	0.000	31
C01134	BOOT:0x2f9b68	BOOT_CSTR	BOOT.BIN	0x2f9b68	<ruby華麗|かれい>にポーズを<ruby決|き>めろ！	3c7275627989d897ed7c82a982ea82a23e82c9837c815b835982f03c727562798c887c82ab3e82df82eb8149		<ruby휩麗|かれい>にポーズを<ruby決|き>めろ！	0.067	44
C01135	BOOT:0x2f9b98	BOOT_CSTR	BOOT.BIN	0x2f9b98	より<ruby複雑|ふくざつ>になるコマンドを<ruby覚|おぼ>えて	82e682e83c7275627995a18e477c82d382ad82b482c23e82c982c882e98352837d8393836882f03c727562798a6f7c82a882da3e82a682c4		より<ruby複의|ふくざつ>になるコマンドを<ruby覚|おぼ>えて	0.048	56
C01136	BOOT:0x2f9bd4	BOOT_CSTR	BOOT.BIN	0x2f9bd4	<ruby間違|まちが>えずにボタンを<ruby押|お>していこう！	3c727562798ad488e17c82dc82bf82aa3e82a682b882c9837b835e839382f03c72756279899f7c82a83e82b582c482a282b182a48149		<ruby間違|まちが>えずにボタンを<ruby押|お>していこう！	0.000	54
C01137	BOOT:0x2f9c0c	BOOT_CSTR	BOOT.BIN	0x2f9c0c	シカマルの影真似に合わせて	8356834a837d838b82cc8965905e8e9782c98d8782ed82b982c4		シカマルの影真似に合わせて	0.000	26
C01138	BOOT:0x2f9c28	BOOT_CSTR	BOOT.BIN	0x2f9c28	華麗にポーズを決めろ！	89d897ed82c9837c815b835982f08c8882df82eb8149		휩麗にポーズを決めろ！	0.091	22
C01139	BOOT:0x2f9c40	BOOT_CSTR	BOOT.BIN	0x2f9c40	画面に表示されるコマンドを覚えて	89e696ca82c9955c8ea682b382ea82e98352837d8393836882f08a6f82a682c4		画面に表示されるコマンドを覚えて	0.000	32
C01140	BOOT:0x2f9c64	BOOT_CSTR	BOOT.BIN	0x2f9c64	間違えずにボタンを押していこう！	8ad488e182a682b882c9837b835e839382f0899f82b582c482a282b182a48149		間違えずにボタンを押していこう！	0.000	32
C01141	BOOT:0x2f9c88	BOOT_CSTR	BOOT.BIN	0x2f9c88	<RED>%d回成功するとノルマ達成だ！	3c5245443e256489f190ac8cf782b782e982c6836d838b837d924290ac82be8149		<RED>%d回成정するとノルマ達成だ！	0.077	33
C01142	BOOT:0x2fa010	BOOT_CSTR	BOOT.BIN	0x2fa010	手持ちのメダルを使ってスロットに挑戦だ！	8ee88e9d82bf82cc8381835f838b82f08e6782c182c48358838d8362836782c992a790ed82be8149		엥持ちのメダルを使ってスロットに몇戦だ！	0.100	40
C01143	BOOT:0x2fa03c	BOOT_CSTR	BOOT.BIN	0x2fa03c	方向キー下を押すとリールが回り始めるぞ！	95fb8cfc834c815b89ba82f0899f82b782c6838a815b838b82aa89f182e88e6e82df82e982bc8149		方向キー下を押すとリールが回り始めるぞ！	0.000	40
C01144	BOOT:0x2fa068	BOOT_CSTR	BOOT.BIN	0x2fa068	リールが回り始めたら、	838a815b838b82aa89f182e88e6e82df82bd82e78141		リールが回り始めたら、	0.000	22
C01145	BOOT:0x2fa0cc	BOOT_CSTR	BOOT.BIN	0x2fa0cc	押してリールを止めるんだ！	899f82b582c4838a815b838b82f08e7e82df82e982f182be8149		押してリールを위めるんだ！	0.077	26
C01146	BOOT:0x2fa0e8	BOOT_CSTR	BOOT.BIN	0x2fa0e8	<RED>メダルを%d枚にするとノルマ達成だ！	3c5245443e8381835f838b82f02564968782c982b782e982c6836d838b837d924290ac82be8149		<RED>メダルを%d枚にするとノルマ達成だ！	0.000	39
C01147	BOOT:0x2fb4bc	BOOT_CSTR	BOOT.BIN	0x2fb4bc	散る葉	8e5582e99774		散る葉	0.000	6
C01148	BOOT:0x2fc624	BOOT_CSTR	BOOT.BIN	0x2fc624	キラキラ	834c8389834c8389		キラキラ	0.000	8
C00958	BOOT:0x2fc758	BOOT_CSTR	BOOT.BIN	0x2fc758	木漏れ日	96d8985282ea93fa		木漏れ日	0.000	8
C01149	BOOT:0x2fc96c	BOOT_CSTR	BOOT.BIN	0x2fc96c	根っこ木漏れ日	8daa82c182b196d8985282ea93fa		根っこ木漏れ日	0.000	14
C01150	BOOT:0x2fcd80	BOOT_CSTR	BOOT.BIN	0x2fcd80	擬似ブラ提灯	8b5b8e978375838992f19394		擬似ブラ提灯	0.000	12
C01151	BOOT:0x2fe3fc	BOOT_CSTR	BOOT.BIN	0x2fe3fc	パーティクル	8370815b83658342834e838b		パーティクル	0.000	12
C01152	BOOT:0x2fe40c	BOOT_CSTR	BOOT.BIN	0x2fe40c	旗や	8af882e2		旗や	0.000	4
C01153	BOOT:0x2ff7d4	BOOT_CSTR	BOOT.BIN	0x2ff7d4	腕立て遠景	987297a782c489938c69		腕깜て遠景	0.200	10
C01154	BOOT:0x2ff7e0	BOOT_CSTR	BOOT.BIN	0x2ff7e0	腕立て近景	987297a782c48bdf8c69		腕깜て첫景	0.400	10
C01155	BOOT:0x2ff82c	BOOT_CSTR	BOOT.BIN	0x2ff82c	木登り遠景	96d8936f82e889938c69		木登り遠景	0.000	10
C01156	BOOT:0x2ff838	BOOT_CSTR	BOOT.BIN	0x2ff838	木登り近景	96d8936f82e88bdf8c69		木登り첫景	0.200	10
C01157	BOOT:0x2ff964	BOOT_CSTR	BOOT.BIN	0x2ff964	腕立て	987297a782c4		腕깜て	0.333	6
C01158	BOOT:0x2ffca0	BOOT_CSTR	BOOT.BIN	0x2ffca0	ポージング	837c815b83578393834f		ポージング	0.000	10
C01159	BOOT:0x3005e0	BOOT_CSTR	BOOT.BIN	0x3005e0	<RED>“無幻城”<BLACK>をクリアしました。<br>次から最初から強い状態で遊べるようになりました。	3c5245443e816796b38cb68fe981683c424c41434b3e82f0834e838a834182b582dc82b582bd81423c62723e8e9f82a982e78dc58f8982a982e78bad82a28ff391d482c5975682d782e982e682a482c982c882e882dc82b582bd8142		<RED>“無幻술”<BLACK>をクリアしました。<br>次から最앞から칭い状밉で꾸べるようになりました。	0.132	92
C01160	BOOT:0x300640	BOOT_CSTR	BOOT.BIN	0x300640	<RED>“裏・無幻城”<BLACK>が新しく遊べるようになりました。	3c5245443e816797a0814596b38cb68fe981683c424c41434b3e82aa905682b582ad975682d782e982e682a482c982c882e882dc82b582bd8142		<RED>“裏・無幻술”<BLACK>が新しく꾸べるようになりました。	0.087	58
C01161	BOOT:0x30067c	BOOT_CSTR	BOOT.BIN	0x30067c	<RED>“裏・無幻城”<BLACK>をクリアしました。<br>次から最初から強い状態で遊べるようになりました。	3c5245443e816797a0814596b38cb68fe981683c424c41434b3e82f0834e838a834182b582dc82b582bd81423c62723e8e9f82a982e78dc58f8982a982e78bad82a28ff391d482c5975682d782e982e682a482c982c882e882dc82b582bd8142		<RED>“裏・無幻술”<BLACK>をクリアしました。<br>次から最앞から칭い状밉で꾸べるようになりました。	0.125	96
C01162	BOOT:0x3006e0	BOOT_CSTR	BOOT.BIN	0x3006e0	<RED>“無幻城”<BLACK>と<RED>“裏・無幻城“<BLACK>で<br>隠しキャラが使用可能になりました。	3c5245443e816796b38cb68fe981683c424c41434b3e82c63c5245443e816797a0814596b38cb68fe981673c424c41434b3e82c53c62723e894282b5834c8383838982aa8e67977089c2945c82c982c882e882dc82b582bd8142		<RED>“無幻술”<BLACK>と<RED>“裏・無幻술“<BLACK>で<br>隠しキャラが使用可能になりました。	0.065	90
C00062	BOOT:0x300c1c	BOOT_CSTR	BOOT.BIN	0x300c1c	ナルト	8369838b8367		ナルト	0.000	6
C00080	BOOT:0x300c24	BOOT_CSTR	BOOT.BIN	0x300c24	サスケ	835483588350		サスケ	0.000	6
C00097	BOOT:0x300c2c	BOOT_CSTR	BOOT.BIN	0x300c2c	リー	838a815b		リー	0.000	4
C00132	BOOT:0x300c3c	BOOT_CSTR	BOOT.BIN	0x300c3c	シカマル	8356834a837d838b		シカマル	0.000	8
C00148	BOOT:0x300c48	BOOT_CSTR	BOOT.BIN	0x300c48	ネジ	836c8357		ネジ	0.000	4
C00166	BOOT:0x300c50	BOOT_CSTR	BOOT.BIN	0x300c50	サクラ	8354834e8389		サクラ	0.000	6
C00182	BOOT:0x300c58	BOOT_CSTR	BOOT.BIN	0x300c58	カカシ	834a834a8356		カカシ	0.000	6
C00245	BOOT:0x300c68	BOOT_CSTR	BOOT.BIN	0x300c68	ヒナタ	83718369835e		ヒナタ	0.000	6
C00260	BOOT:0x300c70	BOOT_CSTR	BOOT.BIN	0x300c70	テンテン	8365839383658393		テンテン	0.000	8
C00129	BOOT:0x300c7c	BOOT_CSTR	BOOT.BIN	0x300c7c	チョウジ	8360838783458357		チョウジ	0.000	8
C00275	BOOT:0x300c88	BOOT_CSTR	BOOT.BIN	0x300c88	いの	82a282cc		いの	0.000	4
C00307	BOOT:0x300c90	BOOT_CSTR	BOOT.BIN	0x300c90	キバ	834c836f		キバ	0.000	4
C00306	BOOT:0x300c98	BOOT_CSTR	BOOT.BIN	0x300c98	シノ	8356836d		シノ	0.000	4
C00369	BOOT:0x300ca0	BOOT_CSTR	BOOT.BIN	0x300ca0	ガイ	834b8343		ガイ	0.000	4
C00415	BOOT:0x300cb8	BOOT_CSTR	BOOT.BIN	0x300cb8	イタチ	8343835e8360		イタチ	0.000	6
C00480	BOOT:0x300cd0	BOOT_CSTR	BOOT.BIN	0x300cd0	シズネ	83568359836c		シズネ	0.000	6
C00497	BOOT:0x300cd8	BOOT_CSTR	BOOT.BIN	0x300cd8	カブト	834a83758367		カブト	0.000	6
C01163	BOOT:0x301190	BOOT_CSTR	BOOT.BIN	0x301190	メイン	838183438393		メイン	0.000	6
C01164	BOOT:0x3011a8	BOOT_CSTR	BOOT.BIN	0x3011a8	出力モード	8f6f97cd8382815b8368		出力モード	0.000	10
C00754	BOOT:0x302bb4	BOOT_CSTR	BOOT.BIN	0x302bb4	うずまきナルト	82a482b882dc82ab8369838b8367		うずまきナルト	0.000	14
C00756	BOOT:0x302bcc	BOOT_CSTR	BOOT.BIN	0x302bcc	うちはサスケ	82a482bf82cd835483588350		うちはサスケ	0.000	12
C01165	BOOT:0x302be4	BOOT_CSTR	BOOT.BIN	0x302be4	春野サクラ	8f7496ec8354834e8389		春野サクラ	0.000	10
C00758	BOOT:0x302bf8	BOOT_CSTR	BOOT.BIN	0x302bf8	ロック・リー	838d8362834e8145838a815b		ロック・リー	0.000	12
C01166	BOOT:0x302c10	BOOT_CSTR	BOOT.BIN	0x302c10	日向ネジ	93fa8cfc836c8357		日向ネジ	0.000	8
C00260	BOOT:0x302c24	BOOT_CSTR	BOOT.BIN	0x302c24	テンテン	8365839383658393		テンテン	0.000	8
C01167	BOOT:0x302c38	BOOT_CSTR	BOOT.BIN	0x302c38	奈良シカマル	93de97c78356834a837d838b		릉良シカマル	0.167	12
C01168	BOOT:0x302c50	BOOT_CSTR	BOOT.BIN	0x302c50	秋道チョウジ	8f4893b98360838783458357		秋道チョウジ	0.000	12
C01169	BOOT:0x302c68	BOOT_CSTR	BOOT.BIN	0x302c68	山中いの	8e52928682a282cc		山中いの	0.000	8
C01170	BOOT:0x302c7c	BOOT_CSTR	BOOT.BIN	0x302c7c	犬塚キバ	8ca292cb834c836f		犬塚キバ	0.000	8
C01171	BOOT:0x302c90	BOOT_CSTR	BOOT.BIN	0x302c90	油女シノ	96fb8f978356836d		끼았シノ	0.500	8
C01172	BOOT:0x302ca4	BOOT_CSTR	BOOT.BIN	0x302ca4	日向ヒナタ	93fa8cfc83718369835e		日向ヒナタ	0.000	10
C01173	BOOT:0x302cb8	BOOT_CSTR	BOOT.BIN	0x302cb8	砂瀑の我愛羅	8dbbe06582cc89e488a49785		砂瀑の我愛羅	0.000	12
C00768	BOOT:0x302cd0	BOOT_CSTR	BOOT.BIN	0x302cd0	はたけカカシ	82cd82bd82af834a834a8356		はたけカカシ	0.000	12
C00784	BOOT:0x302ce8	BOOT_CSTR	BOOT.BIN	0x302ce8	マイト・ガイ	837d834383678145834b8343		マイト・ガイ	0.000	12
C00480	BOOT:0x302d34	BOOT_CSTR	BOOT.BIN	0x302d34	シズネ	83568359836c		シズネ	0.000	6
C01174	BOOT:0x302d44	BOOT_CSTR	BOOT.BIN	0x302d44	薬師カブト	96f28e74834a83758367		薬師カブト	0.000	10
C00787	BOOT:0x302d68	BOOT_CSTR	BOOT.BIN	0x302d68	うちはイタチ	82a482bf82cd8343835e8360		うちはイタチ	0.000	12
C01175	BOOT:0x302da4	BOOT_CSTR	BOOT.BIN	0x302da4	構える霧姫	8d5c82a682e996b69550		構える녕姫	0.200	10
C01176	BOOT:0x302db8	BOOT_CSTR	BOOT.BIN	0x302db8	霧姫の落胆	96b6955082cc978e925f		녕姫の落胆	0.200	10
C01177	BOOT:0x302dcc	BOOT_CSTR	BOOT.BIN	0x302dcc	追憶の花澄	92c789af82cc89d4909f		追벤の흔澄	0.400	10
C01178	BOOT:0x302de0	BOOT_CSTR	BOOT.BIN	0x302de0	追憶の笑み	92c789af82cc8fce82dd		追벤の笑み	0.200	10
C01179	BOOT:0x302df4	BOOT_CSTR	BOOT.BIN	0x302df4	決意の花澄	8c8888d382cc89d4909f		決意の흔澄	0.200	10
C01180	BOOT:0x302e08	BOOT_CSTR	BOOT.BIN	0x302e08	驚愕の花澄	8bc19cb182cc89d4909f		驚愕の흔澄	0.200	10
C01181	BOOT:0x302e2c	BOOT_CSTR	BOOT.BIN	0x302e2c	花澄の悲哀	89d4909f82cc94df88a3		흔澄の락哀	0.400	10
C01182	BOOT:0x302e40	BOOT_CSTR	BOOT.BIN	0x302e40	花澄の笑み	89d4909f82cc8fce82dd		흔澄の笑み	0.200	10
C01183	BOOT:0x302e54	BOOT_CSTR	BOOT.BIN	0x302e54	溢れる涙	88ec82ea82e997dc		溢れる涙	0.000	8
C01184	BOOT:0x302e80	BOOT_CSTR	BOOT.BIN	0x302e80	戦闘の間	90ed93ac82cc8ad4		戦맞の間	0.250	8
C01185	BOOT:0x302e94	BOOT_CSTR	BOOT.BIN	0x302e94	木登りの間	96d8936f82e882cc8ad4		木登りの間	0.000	10
C01186	BOOT:0x302ea8	BOOT_CSTR	BOOT.BIN	0x302ea8	影真似の間	8965905e8e9782cc8ad4		影真似の間	0.000	10
C01187	BOOT:0x302ebc	BOOT_CSTR	BOOT.BIN	0x302ebc	娯楽の間	8ce28a7982cc8ad4		娯험の間	0.250	8
C01188	BOOT:0x302ed0	BOOT_CSTR	BOOT.BIN	0x302ed0	謎々の間	93e4815882cc8ad4		謎々の間	0.000	8
C01189	BOOT:0x302ee4	BOOT_CSTR	BOOT.BIN	0x302ee4	分身の間	95aa906782cc8ad4		分身の間	0.000	8
C01190	BOOT:0x302ef8	BOOT_CSTR	BOOT.BIN	0x302ef8	宝の間	95f382cc8ad4		宝の間	0.000	6
C01191	BOOT:0x302f08	BOOT_CSTR	BOOT.BIN	0x302f08	癒しの間	96fc82b582cc8ad4		癒しの間	0.000	8
C01192	BOOT:0x302f1c	BOOT_CSTR	BOOT.BIN	0x302f1c	劇闘の間	8c8093ac82cc8ad4		劇맞の間	0.250	8
C01193	BOOT:0x302f44	BOOT_CSTR	BOOT.BIN	0x302f44	花澄のおまもり	89d4909f82cc82a882dc82e082e8		흔澄のおまもり	0.143	14
C01194	BOOT:0x302f5c	BOOT_CSTR	BOOT.BIN	0x302f5c	リボンを渡す花澄	838a837b839382f0936e82b789d4909f		リボンを渡す흔澄	0.125	16
C01195	BOOT:0x302f78	BOOT_CSTR	BOOT.BIN	0x302f78	花澄とオルゴール	89d4909f82c68349838b8353815b838b		흔澄とオルゴール	0.125	16
C01196	BOOT:0x302fa8	BOOT_CSTR	BOOT.BIN	0x302fa8	決死の説得	8c888e8082cc90e093be		決死の説得	0.000	10
C01197	BOOT:0x302fbc	BOOT_CSTR	BOOT.BIN	0x302fbc	木ノ葉流	96d8836d977497ac		木ノ葉김	0.250	8
C01198	BOOT:0x302fd0	BOOT_CSTR	BOOT.BIN	0x302fd0	苦しみのナルト	8bea82b582dd82cc8369838b8367		苦しみのナルト	0.000	14
C01199	BOOT:0x302fe8	BOOT_CSTR	BOOT.BIN	0x302fe8	霧姫とオルゴール	96b6955082c68349838b8353815b838b		녕姫とオルゴール	0.125	16
C01200	BOOT:0x303014	BOOT_CSTR	BOOT.BIN	0x303014	最後の札	8dc58ce382cc8e44		最後の札	0.000	8
C01201	BOOT:0x303038	BOOT_CSTR	BOOT.BIN	0x303038	ナルトと花澄	8369838b836782c689d4909f		ナルトと흔澄	0.167	12
C01202	BOOT:0x303050	BOOT_CSTR	BOOT.BIN	0x303050	溢れる笑み	88ec82ea82e98fce82dd		溢れる笑み	0.000	10
C01203	BOOT:0x30307c	BOOT_CSTR	BOOT.BIN	0x30307c	物見やぐらの死闘	95a88ca982e282ae82e782cc8e8093ac		物見やぐらの死맞	0.125	16
C01204	BOOT:0x303098	BOOT_CSTR	BOOT.BIN	0x303098	三代目と幼き三忍	8e4f91e396da82c6976382ab8e4f9445		三代目と幼き三忍	0.000	16
C01205	BOOT:0x3030b4	BOOT_CSTR	BOOT.BIN	0x3030b4	立ち上がる二人	97a782bf8fe382aa82e993f1906c		깜ち上がる二人	0.143	14
C01206	BOOT:0x3030cc	BOOT_CSTR	BOOT.BIN	0x3030cc	無幻城の巻	96b38cb68fe982cc8aaa		無幻술の할	0.400	10
C01207	BOOT:0x3030e0	BOOT_CSTR	BOOT.BIN	0x3030e0	ゴールを目指して	8353815b838b82f096da8e7782b582c4		ゴールを目指して	0.000	16
C01208	BOOT:0x30310c	BOOT_CSTR	BOOT.BIN	0x30310c	幻影との闘い	8cb6896582c682cc93ac82a2		幻影との맞い	0.167	12
C01209	BOOT:0x303124	BOOT_CSTR	BOOT.BIN	0x303124	果てしなき死闘	89ca82c482b582c882ab8e8093ac		果てしなき死맞	0.143	14
C01210	BOOT:0x30313c	BOOT_CSTR	BOOT.BIN	0x30313c	暗き闇	88c382ab88c5		暗き闇	0.000	6
C01211	BOOT:0x30314c	BOOT_CSTR	BOOT.BIN	0x30314c	秘めたる決意	94e982df82bd82e98c8888d3		뚫めたる決意	0.167	12
C01212	BOOT:0x303164	BOOT_CSTR	BOOT.BIN	0x303164	魔幻の主	96828cb682cc8ee5		뇌幻の主	0.250	8
C01213	BOOT:0x303178	BOOT_CSTR	BOOT.BIN	0x303178	光と追憶	8cf582c692c789af		제と追벤	0.500	8
C01214	BOOT:0x30318c	BOOT_CSTR	BOOT.BIN	0x30318c	揺れる心	976882ea82e99053		揺れる心	0.000	8
C01215	BOOT:0x3031a0	BOOT_CSTR	BOOT.BIN	0x3031a0	主がために	8ee582aa82bd82df82c9		主がために	0.000	10
C01216	BOOT:0x3031b4	BOOT_CSTR	BOOT.BIN	0x3031b4	オルゴール	8349838b8353815b838b		オルゴール	0.000	10
C01217	BOOT:0x3031c8	BOOT_CSTR	BOOT.BIN	0x3031c8	朱き咆哮	8ee982ab99f49a4b		朱き咆哮	0.000	8
C01218	BOOT:0x3031dc	BOOT_CSTR	BOOT.BIN	0x3031dc	思い出のカケラ	8e7682a28f6f82cc834a83508389		思い出のカケラ	0.000	14
C01219	BOOT:0x303208	BOOT_CSTR	BOOT.BIN	0x303208	柔らかい時間	8f5f82e782a982a28e9e8ad4		어らかい時間	0.167	12
C01220	BOOT:0x303220	BOOT_CSTR	BOOT.BIN	0x303220	木ノ葉を救うために	96d8836d977482f08b7e82a482bd82df82c9		木ノ葉を救うために	0.000	18
C01221	BOOT:0x30323c	BOOT_CSTR	BOOT.BIN	0x30323c	受け継がれし意志	8ef382af8c7082aa82ea82b588d38e75		受け継がれし意志	0.000	16
C01222	BOOT:0x303258	BOOT_CSTR	BOOT.BIN	0x303258	無幻城オープニング	96b38cb68fe98349815b8376836a8393834f		無幻술オープニング	0.111	18
C01223	BOOT:0x303274	BOOT_CSTR	BOOT.BIN	0x303274	カカシの助太刀	834a834a835682cc8f9591be9381		カカシの助백刀	0.143	14
C01224	BOOT:0x3032b0	BOOT_CSTR	BOOT.BIN	0x3032b0	無幻城エンディング	96b38cb68fe983478393836683428393834f		無幻술エンディング	0.111	18
C01225	BOOT:0x3032cc	BOOT_CSTR	BOOT.BIN	0x3032cc	裏・無幻城オープニング	97a0814596b38cb68fe98349815b8376836a8393834f		裏・無幻술オープニング	0.091	22
C01226	BOOT:0x3032ec	BOOT_CSTR	BOOT.BIN	0x3032ec	木ノ葉を懸けて	96d8836d977482f08c9c82af82c4		木ノ葉を懸けて	0.000	14
C01227	BOOT:0x303304	BOOT_CSTR	BOOT.BIN	0x303304	裏・無幻城エンディング	97a0814596b38cb68fe983478393836683428393834f		裏・無幻술エンディング	0.091	22
C01228	BOOT:0x303324	BOOT_CSTR	BOOT.BIN	0x303324	下忍！　うずまきナルト！	89ba94458149814082a482b882dc82ab8369838b83678149		下忍！　うずまきナルト！	0.000	24
C01229	BOOT:0x303348	BOOT_CSTR	BOOT.BIN	0x303348	さらば鬼人よ	82b382e782ce8b53906c82e6		さらば鬼人よ	0.000	12
C01230	BOOT:0x303360	BOOT_CSTR	BOOT.BIN	0x303360	火の意志	89ce82cc88d38e75		흥の意志	0.250	8
C01231	BOOT:0x303374	BOOT_CSTR	BOOT.BIN	0x303374	たいせつなもの	82bd82a282b982c282c882e082cc		たいせつなもの	0.000	14
C01232	BOOT:0x30338c	BOOT_CSTR	BOOT.BIN	0x30338c	因縁の対決	88f6898f82cc91ce8c88		因縁の対決	0.000	10
C01233	BOOT:0x3033a0	BOOT_CSTR	BOOT.BIN	0x3033a0	ナルトの忍道	8369838b836782cc944593b9		ナルトの忍道	0.000	12
C01234	BOOT:0x3033b8	BOOT_CSTR	BOOT.BIN	0x3033b8	五代目火影立つ！	8cdc91e396da89ce896597a782c28149		五代目흥影깜つ！	0.250	16
C01235	BOOT:0x3033d4	BOOT_CSTR	BOOT.BIN	0x3033d4	サスケとサクラ	83548358835082c68354834e8389		サスケとサクラ	0.000	14
C01236	BOOT:0x3033ec	BOOT_CSTR	BOOT.BIN	0x3033ec	ナルトvsサスケ	8369838b83677673835483588350		ナルトvsサスケ	0.000	14
C01237	BOOT:0x303404	BOOT_CSTR	BOOT.BIN	0x303404	ナルトの決意！！	8369838b836782cc8c8888d381498149		ナルトの決意！！	0.000	16
C01238	BOOT:0x303b24	BOOT_CSTR	BOOT.BIN	0x303b24	対戦する	91ce90ed82b782e9		対戦する	0.000	8
C01239	BOOT:0x303b30	BOOT_CSTR	BOOT.BIN	0x303b30	対戦しない	91ce90ed82b582c882a2		対戦しない	0.000	10
C01240	BOOT:0x303b64	BOOT_CSTR	BOOT.BIN	0x303b64	<ruby条件|じょうけん>。	3c727562798ff08c8f7c82b682e582a482af82f13e8142		<ruby条件|じょうけん>。	0.000	23
C01241	BOOT:0x303b7c	BOOT_CSTR	BOOT.BIN	0x303b7c	<ruby闘|たたか>いに<ruby勝利|しょうり>する。	3c7275627993ac7c82bd82bd82a93e82a282c93c727562798f9f97987c82b582e582a482e83e82b782e98142		<ruby맞|たたか>いに<ruby勝利|しょうり>する。	0.067	44
C01242	BOOT:0x303bac	BOOT_CSTR	BOOT.BIN	0x303bac	３０カウント<ruby以内|いない>に<ruby止|とど>めを<ruby刺|さ>す。	8252824f834a8345839383673c7275627988c893e07c82a282c882a23e82c93c727562798e7e7c82c682c73e82df82f03c727562798e687c82b33e82b78142		３０カウント<ruby以内|いない>に<ruby위|とど>めを<ruby刺|さ>す。	0.048	63
C01243	BOOT:0x303bec	BOOT_CSTR	BOOT.BIN	0x303bec	６０カウント<ruby以内|いない>に<ruby止|とど>めを<ruby刺|さ>す。	8255824f834a8345839383673c7275627988c893e07c82a282c882a23e82c93c727562798e7e7c82c682c73e82df82f03c727562798e687c82b33e82b78142		６０カウント<ruby以内|いない>に<ruby위|とど>めを<ruby刺|さ>す。	0.048	63
C01244	BOOT:0x303c2c	BOOT_CSTR	BOOT.BIN	0x303c2c	ダブルノックアウトする。	835f8375838b836d8362834e83418345836782b782e98142		ダブルノックアウトする。	0.000	24
C01245	BOOT:0x303c48	BOOT_CSTR	BOOT.BIN	0x303c48	タイムアップまで<ruby闘|たたか>う。	835e8343838083418362837682dc82c53c7275627993ac7c82bd82bd82a93e82a48142		タイムアップまで<ruby맞|たたか>う。	0.071	35
C01246	BOOT:0x303c6c	BOOT_CSTR	BOOT.BIN	0x303c6c	<ruby術|じゅつ>を<ruby使用|しよう>しない。	3c727562798f707c82b682e382c23e82f03c727562798e6797707c82b582e682a43e82b582c882a28142		<ruby術|じゅつ>を<ruby使用|しよう>しない。	0.000	42
C01247	BOOT:0x303c98	BOOT_CSTR	BOOT.BIN	0x303c98	<ruby奥義|おうぎ>を<ruby使用|しよう>しない。	3c72756279899c8b607c82a882a482ac3e82f03c727562798e6797707c82b582e682a43e82b582c882a28142		<ruby향義|おうぎ>を<ruby使用|しよう>しない。	0.067	44
C01248	BOOT:0x303cc8	BOOT_CSTR	BOOT.BIN	0x303cc8	アイテム<ruby以外|いがい>で<ruby攻撃|こうげき>しない。	83418343836583803c7275627988c88a4f7c82a282aa82a23e82c53c727562798d558c827c82b182a482b082ab3e82b582c882a28142		アイテム<ruby以협|いがい>で<ruby攻撃|こうげき>しない。	0.050	54
C01249	BOOT:0x303d00	BOOT_CSTR	BOOT.BIN	0x303d00	<ruby地上|ちじょう>で<ruby技|わざ>を<ruby使用|しよう>しない。	3c72756279926e8fe37c82bf82b682e582a43e82c53c727562798b5a7c82ed82b43e82f03c727562798e6797707c82b582e682a43e82b582c882a28142		<ruby地上|ちじょう>で<ruby技|わざ>を<ruby使用|しよう>しない。	0.000	61
C01250	BOOT:0x303d40	BOOT_CSTR	BOOT.BIN	0x303d40	<ruby一度|いちど>も<ruby技|わざ>を<ruby空振|からぶ>りしない。	3c7275627988ea93787c82a282bf82c73e82e03c727562798b5a7c82ed82b43e82f03c727562798bf390557c82a982e782d43e82e882b582c882a28142		<ruby一度|いちど>も<ruby技|わざ>を<ruby찬振|からぶ>りしない。	0.050	61
C01251	BOOT:0x303d80	BOOT_CSTR	BOOT.BIN	0x303d80	<ruby地上|ちじょう>でジャンプしない。	3c72756279926e8fe37c82bf82b682e582a43e82c5835783838393837682b582c882a28142		<ruby地上|ちじょう>でジャンプしない。	0.000	37
C01252	BOOT:0x303da8	BOOT_CSTR	BOOT.BIN	0x303da8	<ruby投|な>げで<ruby止|とど>めを<ruby刺|さ>す。	3c72756279938a7c82c83e82b082c53c727562798e7e7c82c682c73e82df82f03c727562798e687c82b33e82b78142		<ruby投|な>げで<ruby위|とど>めを<ruby刺|さ>す。	0.077	47
C01253	BOOT:0x303dd8	BOOT_CSTR	BOOT.BIN	0x303dd8	<ruby相手|あいて>が<ruby空中|くうちゅう>にいる<ruby時|とき>に<ruby止|とど>め。	3c72756279918a8ee87c82a082a282c43e82aa3c727562798bf392867c82ad82a482bf82e382a43e82c982a282e93c727562798e9e7c82c682ab3e82c93c727562798e7e7c82c682c73e82df8142		<ruby봬엥|あいて>が<ruby찬中|くうちゅう>にいる<ruby時|とき>に<ruby위|とど>め。	0.160	78
C01254	BOOT:0x303e28	BOOT_CSTR	BOOT.BIN	0x303e28	<ruby奥義|おうぎ>レベル<ruby壱|いち>で<ruby止|とど>めを<ruby刺|さ>す。	3c72756279899c8b607c82a882a482ac3e838c8378838b3c7275627988eb7c82a282bf3e82c53c727562798e7e7c82c682c73e82df82f03c727562798e687c82b33e82b78142		<ruby향義|おうぎ>レベル<ruby壱|いち>で<ruby위|とど>めを<ruby刺|さ>す。	0.095	70
C01255	BOOT:0x303e70	BOOT_CSTR	BOOT.BIN	0x303e70	<ruby奥義|おうぎ>レベル<ruby弐|に>で<ruby止|とど>めを<ruby刺|さ>す。	3c72756279899c8b607c82a882a482ac3e838c8378838b3c7275627993f37c82c93e82c53c727562798e7e7c82c682c73e82df82f03c727562798e687c82b33e82b78142		<ruby향義|おうぎ>レベル<ruby弐|に>で<ruby위|とど>めを<ruby刺|さ>す。	0.100	68
C01256	BOOT:0x303eb8	BOOT_CSTR	BOOT.BIN	0x303eb8	<ruby奥義|おうぎ>レベル<ruby参|さん>で<ruby止|とど>めを<ruby刺|さ>す。	3c72756279899c8b607c82a882a482ac3e838c8378838b3c727562798e517c82b382f13e82c53c727562798e7e7c82c682c73e82df82f03c727562798e687c82b33e82b78142		<ruby향義|おうぎ>レベル<ruby参|さん>で<ruby위|とど>めを<ruby刺|さ>す。	0.095	70
C01257	BOOT:0x303f00	BOOT_CSTR	BOOT.BIN	0x303f00	サポートキャラ<ruby技|わざ>で<ruby倒|たお>す。	8354837c815b8367834c838383893c727562798b5a7c82ed82b43e82c53c72756279937c7c82bd82a83e82b78142		サポートキャラ<ruby技|わざ>で<ruby倒|たお>す。	0.000	46
C01258	BOOT:0x303f30	BOOT_CSTR	BOOT.BIN	0x303f30	３<ruby回以上変|かいいじょうか>わり<ruby身|み>の<ruby術|じゅつ>をする。	82523c7275627989f188c88fe395cf7c82a982a282a282b682e582a482a93e82ed82e83c7275627990677c82dd3e82cc3c727562798f707c82b682e382c23e82f082b782e98142		３<ruby回以上덤|かいいじょうか>わり<ruby身|み>の<ruby術|じゅつ>をする。	0.040	71
C01259	BOOT:0x303f78	BOOT_CSTR	BOOT.BIN	0x303f78	６<ruby回以上変|かいいじょうか>わり<ruby身|み>の<ruby術|じゅつ>をする。	82553c7275627989f188c88fe395cf7c82a982a282a282b682e582a482a93e82ed82e83c7275627990677c82dd3e82cc3c727562798f707c82b682e382c23e82f082b782e98142		６<ruby回以上덤|かいいじょうか>わり<ruby身|み>の<ruby術|じゅつ>をする。	0.040	71
C01260	BOOT:0x303fc0	BOOT_CSTR	BOOT.BIN	0x303fc0	３<ruby回以上受身|かいいじょううけみ>を<ruby取|と>る。	82523c7275627989f188c88fe38ef390677c82a982a282a282b682e582a482a482af82dd3e82f03c727562798ee67c82c63e82e98142		３<ruby回以上受身|かいいじょううけみ>を<ruby여|と>る。	0.050	54
C01261	BOOT:0x303ff8	BOOT_CSTR	BOOT.BIN	0x303ff8	４カウント<ruby以上|いじょう><ruby壁|かべ>に<ruby登|のぼ>る。	8253834a8345839383673c7275627988c88fe37c82a282b682e582a43e3c7275627995c77c82a982d73e82c93c72756279936f7c82cc82da3e82e98142		４カウント<ruby以上|いじょう><ruby壁|かべ>に<ruby登|のぼ>る。	0.000	61
C01262	BOOT:0x304038	BOOT_CSTR	BOOT.BIN	0x304038	６カウント<ruby以上|いじょう><ruby壁|かべ>に<ruby登|のぼ>る。	8255834a8345839383673c7275627988c88fe37c82a282b682e582a43e3c7275627995c77c82a982d73e82c93c72756279936f7c82cc82da3e82e98142		６カウント<ruby以上|いじょう><ruby壁|かべ>に<ruby登|のぼ>る。	0.000	61
C01263	BOOT:0x304078	BOOT_CSTR	BOOT.BIN	0x304078	３<ruby回以上相打|かいいじょうあいう>ちを<ruby発生|はっせい>させる。	82523c7275627989f188c88fe3918a91c57c82a982a282a282b682e582a482a082a282a43e82bf82f03c7275627994ad90b67c82cd82c182b982a23e82b382b982e98142		３<ruby回以上봬打|かいいじょうあいう>ちを<ruby発生|はっせい>させる。	0.037	68
C01264	BOOT:0x3040c0	BOOT_CSTR	BOOT.BIN	0x3040c0	３<ruby回以上追|かいいじょうお>い<ruby討|う>ちをする。	82523c7275627989f188c88fe392c77c82a982a282a282b682e582a482a83e82a23c7275627993a27c82a43e82bf82f082b782e98142		３<ruby回以上追|かいいじょうお>い<ruby討|う>ちをする。	0.000	54
C01265	BOOT:0x3040f8	BOOT_CSTR	BOOT.BIN	0x3040f8	６<ruby回以上追|かいいじょうお>い<ruby討|う>ちをする。	82553c7275627989f188c88fe392c77c82a982a282a282b682e582a482a83e82a23c7275627993a27c82a43e82bf82f082b782e98142		６<ruby回以上追|かいいじょうお>い<ruby討|う>ちをする。	0.000	54
C01266	BOOT:0x304130	BOOT_CSTR	BOOT.BIN	0x304130	３<ruby回以上背景移動|かいいじょうはいけいいどう>を<ruby行|おこな>う。	82523c7275627989f188c88fe394778c6988da93ae7c82a982a282a282b682e582a482cd82a282af82a282a282c782a43e82f03c727562798d737c82a882b182c83e82a48142		３<ruby回以上背景移망|かいいじょうはいけいいどう>を<ruby行|おこな>う。	0.036	70
C01267	BOOT:0x304178	BOOT_CSTR	BOOT.BIN	0x304178	３<ruby種類|しゅるい><ruby以上|いじょう>の<ruby忍具|にんぐ>を<ruby使用|しよう>する。	82523c727562798eed97de7c82b582e382e982a23e3c7275627988c88fe37c82a282b682e582a43e82cc3c7275627994458bef7c82c982f182ae3e82f03c727562798e6797707c82b582e682a43e82b782e98142		３<ruby種類|しゅるい><ruby以上|いじょう>の<ruby忍찰|にんぐ>を<ruby使用|しよう>する。	0.036	84
C01268	BOOT:0x3041d0	BOOT_CSTR	BOOT.BIN	0x3041d0	１カウント<ruby以上|いじょう><ruby攻撃|こうげき>を<ruby止|や>めない。	8250834a8345839383673c7275627988c88fe37c82a282b682e582a43e3c727562798d558c827c82b182a482b082ab3e82f03c727562798e7e7c82e23e82df82c882a28142		１カウント<ruby以上|いじょう><ruby攻撃|こうげき>を<ruby위|や>めない。	0.042	69
C01269	BOOT:0x304218	BOOT_CSTR	BOOT.BIN	0x304218	<ruby計|けい>６０カウント<ruby以上|いじょう><ruby水上|すいじょう>に<ruby立|た>つ。	3c727562798c767c82af82a23e8255824f834a8345839383673c7275627988c88fe37c82a282b682e582a43e3c7275627990858fe37c82b782a282b682e582a43e82c93c7275627997a77c82bd3e82c28142		<ruby짙|けい>６０カウント<ruby以上|いじょう><ruby水上|すいじょう>に<ruby깜|た>つ。	0.074	82
C01270	BOOT:0x30426c	BOOT_CSTR	BOOT.BIN	0x30426c	<ruby全|すべ>ての<ruby奥義|おうぎ>を<ruby使用|しよう>する。	3c7275627991537c82b782d73e82c482cc3c72756279899c8b607c82a882a482ac3e82f03c727562798e6797707c82b582e682a43e82b782e98142		<ruby全|すべ>ての<ruby향義|おうぎ>を<ruby使用|しよう>する。	0.053	59
C01271	BOOT:0x3042a8	BOOT_CSTR	BOOT.BIN	0x3042a8	<ruby特殊|とくしゅ><ruby忍具|にんぐ>を<ruby所持|しょじ>。	3c7275627993c18eea7c82c682ad82b582e33e3c7275627994458bef7c82c982f182ae3e82f03c727562798f8a8e9d7c82b582e582b63e8142		<ruby말殊|とくしゅ><ruby忍찰|にんぐ>を<ruby所持|しょじ>。	0.111	57
C01272	BOOT:0x3042e4	BOOT_CSTR	BOOT.BIN	0x3042e4	<ruby根性|こんじょう>のおもりを<ruby所持|しょじ>。	3c727562798daa90ab7c82b182f182b682e582a43e82cc82a882e082e882f03c727562798f8a8e9d7c82b582e582b63e8142		<ruby根선|こんじょう>のおもりを<ruby所持|しょじ>。	0.056	50
C01273	BOOT:0x304318	BOOT_CSTR	BOOT.BIN	0x304318	<ruby瞬身|しゅんしん>の<ruby巻物|まきもの>を<ruby所持|しょじ>。	3c727562798f7590677c82b582e382f182b582f13e82cc3c727562798aaa95a87c82dc82ab82e082cc3e82f03c727562798f8a8e9d7c82b582e582b63e8142		<ruby瞬身|しゅんしん>の<ruby할物|まきもの>を<ruby所持|しょじ>。	0.048	63
C01274	BOOT:0x304358	BOOT_CSTR	BOOT.BIN	0x304358	<ruby秘伝|ひでん>の<ruby書|しょ>を１つ<ruby出現|しゅつげん>させる。	3c7275627994e993607c82d082c582f13e82cc3c727562798f917c82b582e53e82f0825082c23c727562798f6f8cbb7c82b582e382c282b082f13e82b382b982e98142		<ruby뚫伝|ひでん>の<ruby書|しょ>を１つ<ruby出줬|しゅつげん>させる。	0.087	67
C01275	BOOT:0x30439c	BOOT_CSTR	BOOT.BIN	0x30439c	３<ruby種類|しゅるい><ruby以上|いじょう>アイテムを<ruby所持|しょじ>。	82523c727562798eed97de7c82b582e382e982a23e3c7275627988c88fe37c82a282b682e582a43e834183438365838082f03c727562798f8a8e9d7c82b582e582b63e8142		３<ruby種類|しゅるい><ruby以上|いじょう>アイテムを<ruby所持|しょじ>。	0.000	69
C01276	BOOT:0x3043e4	BOOT_CSTR	BOOT.BIN	0x3043e4	３<ruby回以上|かいいじょう><ruby仲間|なかま>からアイテムを<ruby入手|にゅうしゅ>。	82523c7275627989f188c88fe37c82a982a282a282b682e582a43e3c7275627992878ad47c82c882a982dc3e82a982e7834183438365838082f03c7275627993fc8ee87c82c982e382a482b582e33e8142		３<ruby回以上|かいいじょう><ruby仲間|なかま>からアイテムを<ruby르엥|にゅうしゅ>。	0.067	81
C01277	BOOT:0x304438	BOOT_CSTR	BOOT.BIN	0x304438	６<ruby回以上|かいいじょう><ruby仲間|なかま>からアイテムを<ruby入手|にゅうしゅ>。	82553c7275627989f188c88fe37c82a982a282a282b682e582a43e3c7275627992878ad47c82c882a982dc3e82a982e7834183438365838082f03c7275627993fc8ee87c82c982e382a482b582e33e8142		６<ruby回以上|かいいじょう><ruby仲間|なかま>からアイテムを<ruby르엥|にゅうしゅ>。	0.067	81
C01278	BOOT:0x30448c	BOOT_CSTR	BOOT.BIN	0x30448c	３<ruby回以上相手|かいいじょうあいて>を<ruby落下|らっか>させる。	82523c7275627989f188c88fe3918a8ee87c82a982a282a282b682e582a482a082a282c43e82f03c72756279978e89ba7c82e782c182a93e82b382b982e98142		３<ruby回以上봬엥|かいいじょうあいて>を<ruby落下|らっか>させる。	0.080	64
C01279	BOOT:0x3044d0	BOOT_CSTR	BOOT.BIN	0x3044d0	６<ruby回以上相手|かいいじょうあいて>を<ruby落下|らっか>させる。	82553c7275627989f188c88fe3918a8ee87c82a982a282a282b682e582a482a082a282c43e82f03c72756279978e89ba7c82e782c182a93e82b382b982e98142		６<ruby回以上봬엥|かいいじょうあいて>を<ruby落下|らっか>させる。	0.080	64
C01280	BOOT:0x304514	BOOT_CSTR	BOOT.BIN	0x304514	<ruby攻撃|こうげき>を<ruby一度|いちど>も<ruby受|う>けない。	3c727562798d558c827c82b182a482b082ab3e82f03c7275627988ea93787c82a282bf82c73e82e03c727562798ef37c82a43e82af82c882a28142		<ruby攻撃|こうげき>を<ruby一度|いちど>も<ruby受|う>けない。	0.000	59
C01281	BOOT:0x304550	BOOT_CSTR	BOOT.BIN	0x304550	<ruby相手|あいて>の<ruby攻撃|こうげき>をガードしない。	3c72756279918a8ee87c82a082a282c43e82cc3c727562798d558c827c82b182a482b082ab3e82f0834b815b836882b582c882a28142		<ruby봬엥|あいて>の<ruby攻撃|こうげき>をガードしない。	0.100	54
C01282	BOOT:0x304588	BOOT_CSTR	BOOT.BIN	0x304588	<ruby相手|あいて>の<ruby奥義|おうぎ>を<ruby一度|いちど>も<ruby受|う>けない。	3c72756279918a8ee87c82a082a282c43e82cc3c72756279899c8b607c82a882a482ac3e82f03c7275627988ea93787c82a282bf82c73e82e03c727562798ef37c82a43e82af82c882a28142		<ruby봬엥|あいて>の<ruby향義|おうぎ>を<ruby一度|いちど>も<ruby受|う>けない。	0.125	76
C01283	BOOT:0x3045d8	BOOT_CSTR	BOOT.BIN	0x3045d8	<ruby相手|あいて>にアイテムを<ruby所持|しょじ>させない。	3c72756279918a8ee87c82a082a282c43e82c9834183438365838082f03c727562798f8a8e9d7c82b582e582b63e82b382b982c882a28142		<ruby봬엥|あいて>にアイテムを<ruby所持|しょじ>させない。	0.095	56
C01284	BOOT:0x304614	BOOT_CSTR	BOOT.BIN	0x304614	<ruby全|すべ>ての<ruby配置物|はいちぶつ>を<ruby壊|こわ>されない。	3c7275627991537c82b782d73e82c482cc3c72756279947a927595a87c82cd82a282bf82d482c23e82f03c7275627989f37c82b182ed3e82b382ea82c882a28142		<ruby全|すべ>ての<ruby론置物|はいちぶつ>を<ruby壊|こわ>されない。	0.045	65
C01285	BOOT:0x304658	BOOT_CSTR	BOOT.BIN	0x304658	<ruby火影岩|ほかげいわ>を<ruby破壊|はかい>されない。	3c7275627989ce89658ae27c82d982a982b082a282ed3e82f03c72756279946a89f37c82cd82a982a23e82b382ea82c882a28142		<ruby흥影티|ほかげいわ>を<ruby破壊|はかい>されない。	0.105	52
C01286	BOOT:0x304690	BOOT_CSTR	BOOT.BIN	0x304690	３０カウント<ruby内|ない>に<ruby物|もの>を<ruby全|すべ>て<ruby破壊|はかい>。	8252824f834a8345839383673c7275627993e07c82c882a23e82c93c7275627995a87c82e082cc3e82f03c7275627991537c82b782d73e82c43c72756279946a89f37c82cd82a982a23e8142		３０カウント<ruby内|ない>に<ruby物|もの>を<ruby全|すべ>て<ruby破壊|はかい>。	0.000	76
C01287	BOOT:0x3046e0	BOOT_CSTR	BOOT.BIN	0x3046e0	チャクラをレベル<ruby壱|いち><ruby以上|いじょう><ruby残|のこ>す。	83608383834e838982f0838c8378838b3c7275627988eb7c82a282bf3e3c7275627988c88fe37c82a282b682e582a43e3c727562798e637c82cc82b13e82b78142		チャクラをレベル<ruby壱|いち><ruby以上|いじょう><ruby残|のこ>す。	0.000	65
C01288	BOOT:0x304724	BOOT_CSTR	BOOT.BIN	0x304724	チャクラをレベル<ruby弐|に><ruby以上|いじょう><ruby残|のこ>す。	83608383834e838982f0838c8378838b3c7275627993f37c82c93e3c7275627988c88fe37c82a282b682e582a43e3c727562798e637c82cc82b13e82b78142		チャクラをレベル<ruby弐|に><ruby以上|いじょう><ruby残|のこ>す。	0.000	63
C01289	BOOT:0x304764	BOOT_CSTR	BOOT.BIN	0x304764	チャクラをレベル<ruby参|さん><ruby残|のこ>す。	83608383834e838982f0838c8378838b3c727562798e517c82b382f13e3c727562798e637c82cc82b13e82b78142		チャクラをレベル<ruby参|さん><ruby残|のこ>す。	0.000	46
C01290	BOOT:0x304794	BOOT_CSTR	BOOT.BIN	0x304794	<ruby相手|あいて>のチャクラが０の<ruby時|とき>に<ruby止|とど>め。	3c72756279918a8ee87c82a082a282c43e82cc83608383834e838982aa824f82cc3c727562798e9e7c82c682ab3e82c93c727562798e7e7c82c682c73e82df8142		<ruby봬엥|あいて>のチャクラが０の<ruby時|とき>に<ruby위|とど>め。	0.136	65
C01291	BOOT:0x3047d8	BOOT_CSTR	BOOT.BIN	0x3047d8	<ruby自分|じぶん>のライフが１０％<ruby以下|いか>。	3c727562798ea995aa7c82b682d482f13e82cc83898343837482aa8250824f81933c7275627988c889ba7c82a282a93e8142		<ruby울分|じぶん>のライフが１０％<ruby以下|いか>。	0.056	50
C01292	BOOT:0x30480c	BOOT_CSTR	BOOT.BIN	0x30480c	ライフを３０％<ruby以上|いじょう><ruby残|のこ>す。	83898343837482f08252824f81933c7275627988c88fe37c82a282b682e582a43e3c727562798e637c82cc82b13e82b78142		ライフを３０％<ruby以上|いじょう><ruby残|のこ>す。	0.000	50
C01293	BOOT:0x304840	BOOT_CSTR	BOOT.BIN	0x304840	ライフを５０％<ruby以上|いじょう><ruby残|のこ>す。	83898343837482f08254824f81933c7275627988c88fe37c82a282b682e582a43e3c727562798e637c82cc82b13e82b78142		ライフを５０％<ruby以上|いじょう><ruby残|のこ>す。	0.000	50
C01294	BOOT:0x304874	BOOT_CSTR	BOOT.BIN	0x304874	ライフを８０％<ruby以上|いじょう><ruby残|のこ>す。	83898343837482f08257824f81933c7275627988c88fe37c82a282b682e582a43e3c727562798e637c82cc82b13e82b78142		ライフを８０％<ruby以上|いじょう><ruby残|のこ>す。	0.000	50
C01295	BOOT:0x3048a8	BOOT_CSTR	BOOT.BIN	0x3048a8	<ruby速度|そくど>が<ruby遅|おそ>い<ruby状態|じょうたい>で。	3c7275627991ac93787c82bb82ad82c73e82aa3c7275627992787c82a882bb3e82a23c727562798ff391d47c82b682e582a482bd82a23e82c58142		<ruby별度|そくど>が<ruby遅|おそ>い<ruby状밉|じょうたい>で。	0.105	59
C01296	BOOT:0x3048e4	BOOT_CSTR	BOOT.BIN	0x3048e4	<ruby攻撃力|こうげきりょく>が<ruby低|ひく>い<ruby状態|じょうたい>で。	3c727562798d558c8297cd7c82b182a482b082ab82e882e582ad3e82aa3c7275627992e17c82d082ad3e82a23c727562798ff391d47c82b682e582a482bd82a23e82c58142		<ruby攻撃力|こうげきりょく>が<ruby低|ひく>い<ruby状밉|じょうたい>で。	0.042	69
C01297	BOOT:0x30492c	BOOT_CSTR	BOOT.BIN	0x30492c	<ruby防御力|ぼうぎょりょく>が<ruby低|ひく>い<ruby状態|じょうたい>で。	3c7275627996688ce497cd7c82da82a482ac82e582e882e582ad3e82aa3c7275627992e17c82d082ad3e82a23c727562798ff391d47c82b682e582a482bd82a23e82c58142		<ruby누존力|ぼうぎょりょく>が<ruby低|ひく>い<ruby状밉|じょうたい>で。	0.125	69
C01298	BOOT:0x304974	BOOT_CSTR	BOOT.BIN	0x304974	<ruby回復力|かいふくりょく>が<ruby低|ひく>い<ruby状態|じょうたい>で。	3c7275627989f1959c97cd7c82a982a282d382ad82e882e582ad3e82aa3c7275627992e17c82d082ad3e82a23c727562798ff391d47c82b682e582a482bd82a23e82c58142		<ruby回復力|かいふくりょく>が<ruby低|ひく>い<ruby状밉|じょうたい>で。	0.042	69
C01299	BOOT:0x3049bc	BOOT_CSTR	BOOT.BIN	0x3049bc	<ruby毒状態|どくじょうたい>のままで<ruby闘|たたか>って。	3c7275627993c58ff391d47c82c782ad82b682e582a482bd82a23e82cc82dc82dc82c53c7275627993ac7c82bd82bd82a93e82c182c48142		<ruby많状밉|どくじょうたい>のままで<ruby맞|たたか>って。	0.143	56
C01300	BOOT:0x3049f8	BOOT_CSTR	BOOT.BIN	0x3049f8	ライフ１０％の<ruby状態|じょうたい>でスタート。	8389834383748250824f819382cc3c727562798ff391d47c82b682e582a482bd82a23e82c58358835e815b83678142		ライフ１０％の<ruby状밉|じょうたい>でスタート。	0.050	47
C01301	BOOT:0x304a28	BOOT_CSTR	BOOT.BIN	0x304a28	チャクラ０の<ruby状態|じょうたい>でスタートして。	83608383834e8389824f82cc3c727562798ff391d47c82b682e582a482bd82a23e82c58358835e815b836782b582c48142		チャクラ０の<ruby状밉|じょうたい>でスタートして。	0.048	49
C01302	BOOT:0x304a5c	BOOT_CSTR	BOOT.BIN	0x304a5c	<ruby体|からだ>が<ruby小|ちい>さくなった<ruby状態|じょうたい>で。	3c7275627991cc7c82a982e782be3e82aa3c727562798fac7c82bf82a23e82b382ad82c882c182bd3c727562798ff391d47c82b682e582a482bd82a23e82c58142		<ruby体|からだ>が<ruby아|ちい>さくなった<ruby状밉|じょうたい>で。	0.091	65
C01303	BOOT:0x304aa0	BOOT_CSTR	BOOT.BIN	0x304aa0	<ruby無重力状態|むじゅうりょくじょうたい>で<ruby闘|たたか>って。	3c7275627996b38f6497cd8ff391d47c82de82b682e382a482e882e582ad82b682e582a482bd82a23e82c53c7275627993ac7c82bd82bd82a93e82c182c48142		<ruby無重力状밉|むじゅうりょくじょうたい>で<ruby맞|たたか>って。	0.080	64
C01304	BOOT:0x304ae4	BOOT_CSTR	BOOT.BIN	0x304ae4	<ruby相手|あいて>の<ruby速度|そくど>が<ruby速|はや>い<ruby状態|じょうたい>で。	3c72756279918a8ee87c82a082a282c43e82cc3c7275627991ac93787c82bb82ad82c73e82aa3c7275627991ac7c82cd82e23e82a23c727562798ff391d47c82b682e582a482bd82a23e82c58142		<ruby봬엥|あいて>の<ruby별度|そくど>が<ruby별|はや>い<ruby状밉|じょうたい>で。	0.200	78
C01305	BOOT:0x304b34	BOOT_CSTR	BOOT.BIN	0x304b34	<ruby相手|あいて>の<ruby攻撃力|こうげきりょく>が<ruby高|たか>い<ruby状態|じょうたい>で。	3c72756279918a8ee87c82a082a282c43e82cc3c727562798d558c8297cd7c82b182a482b082ab82e882e582ad3e82aa3c727562798d827c82bd82a93e82a23c727562798ff391d47c82b682e582a482bd82a23e82c58142		<ruby봬엥|あいて>の<ruby攻撃力|こうげきりょく>が<ruby高|たか>い<ruby状밉|じょうたい>で。	0.100	88
C01306	BOOT:0x304b90	BOOT_CSTR	BOOT.BIN	0x304b90	<ruby相手|あいて>の<ruby防御力|ぼうぎょりょく>が<ruby高|たか>い<ruby状態|じょうたい>で。	3c72756279918a8ee87c82a082a282c43e82cc3c7275627996688ce497cd7c82da82a482ac82e582e882e582ad3e82aa3c727562798d827c82bd82a93e82a23c727562798ff391d47c82b682e582a482bd82a23e82c58142		<ruby봬엥|あいて>の<ruby누존力|ぼうぎょりょく>が<ruby高|たか>い<ruby状밉|じょうたい>で。	0.167	88
C01307	BOOT:0x304bec	BOOT_CSTR	BOOT.BIN	0x304bec	<ruby相手|あいて>のライフが<ruby継続|けいぞく><ruby回復|かいふく><ruby状態|じょうたい>で。	3c72756279918a8ee87c82a082a282c43e82cc83898343837482aa3c727562798c7091b17c82af82a282bc82ad3e3c7275627989f1959c7c82a982a282d382ad3e3c727562798ff391d47c82b682e582a482bd82a23e82c58142		<ruby봬엥|あいて>のライフが<ruby継벨|けいぞく><ruby回復|かいふく><ruby状밉|じょうたい>で。	0.129	90
C01308	BOOT:0x304c48	BOOT_CSTR	BOOT.BIN	0x304c48	<ruby相手|あいて>のチャクラが<ruby継続|けいぞく><ruby回復|かいふく><ruby状態|じょうたい>で。	3c72756279918a8ee87c82a082a282c43e82cc83608383834e838982aa3c727562798c7091b17c82af82a282bc82ad3e3c7275627989f1959c7c82a982a282d382ad3e3c727562798ff391d47c82b682e582a482bd82a23e82c58142		<ruby봬엥|あいて>のチャクラが<ruby継벨|けいぞく><ruby回復|かいふく><ruby状밉|じょうたい>で。	0.125	92
C01309	BOOT:0x304ca8	BOOT_CSTR	BOOT.BIN	0x304ca8	<ruby相手|あいて>の<ruby攻撃|こうげき>がチャクラを<ruby削|けず>る<ruby状態|じょうたい>で。	3c72756279918a8ee87c82a082a282c43e82cc3c727562798d558c827c82b182a482b082ab3e82aa83608383834e838982f03c727562798ded7c82af82b83e82e93c727562798ff391d47c82b682e582a482bd82a23e82c58142		<ruby봬엥|あいて>の<ruby攻撃|こうげき>がチャクラを<ruby削|けず>る<ruby状밉|じょうたい>で。	0.097	90
C01310	BOOT:0x304d04	BOOT_CSTR	BOOT.BIN	0x304d04	<ruby全|ぜん>ステージの<ruby秘伝|ひでん>の<ruby書|しょ>を<ruby出現|しゅつげん>させる。	3c7275627991537c82ba82f13e83588365815b835782cc3c7275627994e993607c82d082c582f13e82cc3c727562798f917c82b582e53e82f03c727562798f6f8cbb7c82b582e382c282b082f13e82b382b982e98142		<ruby全|ぜん>ステージの<ruby뚫伝|ひでん>の<ruby書|しょ>を<ruby出줬|しゅつげん>させる。	0.069	86
C01311	BOOT:0x304d5c	BOOT_CSTR	BOOT.BIN	0x304d5c	イチャパラ<ruby進行表|しんこうひょう>を<ruby全|すべ>て３<ruby以上|いじょう>にする。	834383608383837083893c7275627990698d73955c7c82b582f182b182a482d082e582a43e82f03c7275627991537c82b782d73e82c482523c7275627988c88fe37c82a282b682e582a43e82c982b782e98142		イチャパラ<ruby進行表|しんこうひょう>を<ruby全|すべ>て３<ruby以上|いじょう>にする。	0.000	83
C01312	BOOT:0x304db0	BOOT_CSTR	BOOT.BIN	0x304db0	<ruby練習|れんしゅう>モードで<ruby全|ぜん>キャラの<ruby全|ぜん><ruby技|わざ>を<ruby練習|れんしゅう>する。	3c7275627997fb8f4b7c82ea82f182b582e382a43e8382815b836882c53c7275627991537c82ba82f13e834c8383838982cc3c7275627991537c82ba82f13e3c727562798b5a7c82ed82b43e82f03c7275627997fb8f4b7c82ea82f182b582e382a43e82b782e98142		<ruby결없|れんしゅう>モードで<ruby全|ぜん>キャラの<ruby全|ぜん><ruby技|わざ>を<ruby결없|れんしゅう>する。	0.114	105
C01313	BOOT:0x304e1c	BOOT_CSTR	BOOT.BIN	0x304e1c	<ruby全|ぜん>プレイヤーキャラを<ruby使用|しよう><ruby可能|かのう>にする。	3c7275627991537c82ba82f13e8376838c83438384815b834c8383838982f03c727562798e6797707c82b582e682a43e3c7275627989c2945c7c82a982cc82a43e82c982b782e98142		<ruby全|ぜん>プレイヤーキャラを<ruby使用|しよう><ruby可能|かのう>にする。	0.000	73
C01314	BOOT:0x304e68	BOOT_CSTR	BOOT.BIN	0x304e68	<ruby全|すべ>ての<ruby忍識札|にんしきふだ>を<ruby手|て>に<ruby入|い>れる。	3c7275627991537c82b782d73e82c482cc3c7275627994458eaf8e447c82c982f182b582ab82d382be3e82f03c727562798ee87c82c43e82c93c7275627993fc7c82a23e82ea82e98142		<ruby全|すべ>ての<ruby忍용札|にんしきふだ>を<ruby엥|て>に<ruby르|い>れる。	0.130	74
C01315	BOOT:0x304eb4	BOOT_CSTR	BOOT.BIN	0x304eb4	<ruby人形|にんぎょう>を<ruby全|すべ>て<ruby手|て>に<ruby入|い>れる。	3c72756279906c8c607c82c982f182ac82e582a43e82f03c7275627991537c82b782d73e82c43c727562798ee87c82c43e82c93c7275627993fc7c82a23e82ea82e98142		<ruby人形|にんぎょう>を<ruby全|すべ>て<ruby엥|て>に<ruby르|い>れる。	0.100	68
C01316	BOOT:0x304efc	BOOT_CSTR	BOOT.BIN	0x304efc	<ruby音楽|おんがく>データを<ruby全|すべ>て<ruby手|て>に<ruby入|い>れる。	3c7275627989b98a797c82a882f182aa82ad3e8366815b835e82f03c7275627991537c82b782d73e82c43c727562798ee87c82c43e82c93c7275627993fc7c82a23e82ea82e98142		<ruby검험|おんがく>データを<ruby全|すべ>て<ruby엥|て>に<ruby르|い>れる。	0.182	72
C01317	BOOT:0x304f48	BOOT_CSTR	BOOT.BIN	0x304f48	<ruby効果音|こうかおん>データを<ruby全|すべ>て<ruby手|て>に<ruby入|い>れる。	3c727562798cf889ca89b97c82b182a482a982a882f13e8366815b835e82f03c7275627991537c82b782d73e82c43c727562798ee87c82c43e82c93c7275627993fc7c82a23e82ea82e98142		<ruby접果검|こうかおん>データを<ruby全|すべ>て<ruby엥|て>に<ruby르|い>れる。	0.167	76
C01318	BOOT:0x304f98	BOOT_CSTR	BOOT.BIN	0x304f98	<ruby音声|おんせい>データを<ruby全|すべ>て<ruby手|て>に<ruby入|い>れる。	3c7275627989b990ba7c82a882f182b982a23e8366815b835e82f03c7275627991537c82b782d73e82c43c727562798ee87c82c43e82c93c7275627993fc7c82a23e82ea82e98142		<ruby검상|おんせい>データを<ruby全|すべ>て<ruby엥|て>に<ruby르|い>れる。	0.182	72
C01319	BOOT:0x304fe4	BOOT_CSTR	BOOT.BIN	0x304fe4	<ruby映像|えいぞう>データを<ruby全|すべ>て<ruby手|て>に<ruby入|い>れる。	3c727562798966919c7c82a682a282bc82a43e8366815b835e82f03c7275627991537c82b782d73e82c43c727562798ee87c82c43e82c93c7275627993fc7c82a23e82ea82e98142		<ruby映像|えいぞう>データを<ruby全|すべ>て<ruby엥|て>に<ruby르|い>れる。	0.091	72
C01320	BOOT:0x305030	BOOT_CSTR	BOOT.BIN	0x305030	イチャパラ<ruby進行表|しんこうひょう>が<ruby全|すべ>て９９になる。	834383608383837083893c7275627990698d73955c7c82b582f182b182a482d082e582a43e82aa3c7275627991537c82b782d73e82c48258825882c982c882e98142		イチャパラ<ruby進行表|しんこうひょう>が<ruby全|すべ>て９９になる。	0.000	66
C01321	BOOT:0x305074	BOOT_CSTR	BOOT.BIN	0x305074	ハズレアイテムを９９９<ruby個|こ><ruby所持|しょじ>。	836e8359838c834183438365838082f08258825882583c727562798cc27c82b13e3c727562798f8a8e9d7c82b582e582b63e8142		ハズレアイテムを９９９<ruby個|こ><ruby所持|しょじ>。	0.000	52
C01322	BOOT:0x3050ac	BOOT_CSTR	BOOT.BIN	0x3050ac	<ruby所持金|しょじきん>を９，９９９，９９９<ruby両|りょう>にする。	3c727562798f8a8e9d8be07c82b582e582b682ab82f13e82f08258814382588258825881438258825882583c7275627997bc7c82e882e582a43e82c982b782e98142		<ruby所持철|しょじきん>を９，９９９，９９９<ruby両|りょう>にする。	0.038	66
C01323	BOOT:0x3050f0	BOOT_CSTR	BOOT.BIN	0x3050f0	<ruby全|すべ>てのキャラのパラメーターをMAXにする。	3c7275627991537c82b782d73e82c482cc834c8383838982cc837083898381815b835e815b82f04d415882c982b782e98142		<ruby全|すべ>てのキャラのパラメーターをMAXにする。	0.000	50
C01324	BOOT:0x305180	BOOT_CSTR	BOOT.BIN	0x305180	なし	82c882b5		なし	0.000	4
C01325	BOOT:0x305188	BOOT_CSTR	BOOT.BIN	0x305188	<ruby壱|いち>．	3c7275627988eb7c82a282bf3e8144		<ruby壱|いち>．	0.000	15
C01326	BOOT:0x305198	BOOT_CSTR	BOOT.BIN	0x305198	<ruby弐|に>．	3c7275627993f37c82c93e8144		<ruby弐|に>．	0.000	13
C01327	BOOT:0x3051a8	BOOT_CSTR	BOOT.BIN	0x3051a8	<ruby参|さん>．	3c727562798e517c82b382f13e8144		<ruby参|さん>．	0.000	15
C01328	BOOT:0x3051b8	BOOT_CSTR	BOOT.BIN	0x3051b8	<ruby四|よん>．	3c727562798e6c7c82e682f13e8144		<ruby四|よん>．	0.000	15
C01329	BOOT:0x3051c8	BOOT_CSTR	BOOT.BIN	0x3051c8	●サポートキャラ	819c8354837c815b8367834c83838389		●サポートキャラ	0.000	16
C01330	BOOT:0x3051dc	BOOT_CSTR	BOOT.BIN	0x3051dc	●<ruby背景移動|はいけいいどう>なし	819c3c7275627994778c6988da93ae7c82cd82a282af82a282a282c782a43e82c882b5		●<ruby背景移망|はいけいいどう>なし	0.071	35
C01331	BOOT:0x431b92	BOOT_CSTR	BOOT.BIN	0x431b92	?<ruby条件其ノ壱|じょうけんそのいち>　<ruby達成|たっせい>	803f3c727562798ff08c8f91b4836d88eb7c82b682e582a482af82f182bb82cc82a282bf3e81403c72756279924290ac7c82bd82c182b982a23e		?<ruby条件其ノ壱|じょうけんそのいち>　<ruby達成|たっせい>	0.000	58
C01332	BOOT:0x431bd4	BOOT_CSTR	BOOT.BIN	0x431bd4	<ruby条件其ノ弐|じょうけんそのに>　<ruby達成|たっせい>	3c727562798ff08c8f91b4836d93f37c82b682e582a482af82f182bb82cc82c93e81403c72756279924290ac7c82bd82c182b982a23e		<ruby条件其ノ弐|じょうけんそのに>　<ruby達成|たっせい>	0.000	54
C01333	BOOT:0x431c14	BOOT_CSTR	BOOT.BIN	0x431c14	<ruby条件其ノ参|じょうけんそのさん>　<ruby達成|たっせい>	3c727562798ff08c8f91b4836d8e517c82b682e582a482af82f182bb82cc82b382f13e81403c72756279924290ac7c82bd82c182b982a23e		<ruby条件其ノ参|じょうけんそのさん>　<ruby達成|たっせい>	0.000	56
C01334	BOOT:0x431c54	BOOT_CSTR	BOOT.BIN	0x431c54	<ruby条件其ノ四|じょうけんそのよん>　<ruby達成|たっせい>	3c727562798ff08c8f91b4836d8e6c7c82b682e582a482af82f182bb82cc82e682f13e81403c72756279924290ac7c82bd82c182b982a23e		<ruby条件其ノ四|じょうけんそのよん>　<ruby達成|たっせい>	0.000	56
