glyph	glyph_hex	standard_sjis	sjis_hex	font_file_offset	bitmap_empty	bitmap_nonzero_bytes	special_intercept	special_target_glyph	kr_tbl_usage	ui_sample_usage	strict_safe	all_tbls_translated_safe
0	0x0	8140	81 40	0x39CD04	1	0	0		5	1	0	0
1	0x1	8141	81 41	0x39CDA6	0	8	0		0	0	1	1
2	0x2	8142	81 42	0x39CE48	0	12	0		1	2	0	0
3	0x3	8143	81 43	0x39CEEA	0	10	0		4	0	0	1
4	0x4	8144	81 44	0x39CF8C	0	4	0		3	1	0	0
5	0x5	8145	81 45	0x39D02E	0	6	0		0	0	1	1
6	0x6	8146	81 46	0x39D0D0	0	12	0		2	2	0	0
7	0x7	8147	81 47	0x39D172	0	16	0		1	0	0	1
8	0x8	8148	81 48	0x39D214	0	28	0		1	0	0	1
9	0x9	8149	81 49	0x39D2B6	0	28	0		2	0	0	1
10	0xA	814A	81 4A	0x39D358	0	8	0		1	0	0	1
11	0xB	814B	81 4B	0x39D3FA	0	10	0		3	0	0	1
12	0xC	814C	81 4C	0x39D49C	0	4	0		1	0	0	1
13	0xD	814D	81 4D	0x39D53E	0	5	0		3	0	0	1
14	0xE	814E	81 4E	0x39D5E0	0	6	0		0	0	1	1
15	0xF	814F	81 4F	0x39D682	0	6	0		1	0	0	1
16	0x10	8150	81 50	0x39D724	0	18	0		3	0	0	1
17	0x11	8151	81 51	0x39D7C6	0	18	0		3	0	0	1
18	0x12	8152	81 52	0x39D868	0	12	0		2	0	0	1
19	0x13	8153	81 53	0x39D90A	0	18	0		2	2	0	0
20	0x14	8154	81 54	0x39D9AC	0	13	0		1	1	0	0
21	0x15	8155	81 55	0x39DA4E	0	26	0		4	0	0	1
22	0x16	8156	81 56	0x39DAF0	0	30	0		0	0	1	1
23	0x17	8157	81 57	0x39DB92	0	61	0		1	1	0	0
24	0x18	8158	81 58	0x39DC34	0	41	0		1	2	0	0
25	0x19	8159	81 59	0x39DCD6	0	41	0		0	0	1	1
26	0x1A	815A	81 5A	0x39DD78	0	47	0		0	0	1	1
27	0x1B	815B	81 5B	0x39DE1A	0	19	0		1	0	0	1
28	0x1C	815C	81 5C	0x39DEBC	0	18	0		0	3	0	0
29	0x1D	815D	81 5D	0x39DF5E	0	8	0		4	0	0	1
30	0x1E	815E	81 5E	0x39E000	0	30	0		2	0	0	1
31	0x1F	815F	81 5F	0x39E0A2	0	30	0		0	0	1	1
32	0x20	8160	81 60	0x39E144	0	22	0		5	2	0	0
33	0x21	8161	81 61	0x39E1E6	0	34	0		0	1	0	0
34	0x22	8162	81 62	0x39E288	0	17	0		3	0	0	1
35	0x23	8163	81 63	0x39E32A	0	18	0		4	0	0	1
36	0x24	8164	81 64	0x39E3CC	0	12	0		2	0	0	1
37	0x25	8165	81 65	0x39E46E	0	8	0		0	0	1	1
38	0x26	8166	81 66	0x39E510	0	8	0		2	0	0	1
39	0x27	8167	81 67	0x39E5B2	0	17	0		2	0	0	1
40	0x28	8168	81 68	0x39E654	0	17	0		1	1	0	0
41	0x29	8169	81 69	0x39E6F6	0	27	0		1	1	0	0
42	0x2A	816A	81 6A	0x39E798	0	26	0		0	2	0	0
43	0x2B	816B	81 6B	0x39E83A	0	34	0		0	0	1	1
44	0x2C	816C	81 6C	0x39E8DC	0	24	0		0	1	0	0
45	0x2D	816D	81 6D	0x39E97E	0	37	0		1	0	0	1
46	0x2E	816E	81 6E	0x39EA20	0	37	0		1	0	0	1
47	0x2F	816F	81 6F	0x39EAC2	0	33	0		0	0	1	1
48	0x30	8170	81 70	0x39EB64	0	20	0		2	0	0	1
49	0x31	8171	81 71	0x39EC06	0	28	0		1	1	0	0
50	0x32	8172	81 72	0x39ECA8	0	27	0		4	1	0	0
51	0x33	8173	81 73	0x39ED4A	0	48	0		1	0	0	1
52	0x34	8174	81 74	0x39EDEC	0	49	0		0	0	1	1
53	0x35	8175	81 75	0x39EE8E	0	17	0		1	2	0	0
54	0x36	8176	81 76	0x39EF30	0	29	0		1	3	0	0
55	0x37	8177	81 77	0x39EFD2	0	30	0		0	1	0	0
56	0x38	8178	81 78	0x39F074	0	30	0		0	2	0	0
57	0x39	8179	81 79	0x39F116	0	35	0		0	0	1	1
58	0x3A	817A	81 7A	0x39F1B8	0	35	0		0	2	0	0
59	0x3B	817B	81 7B	0x39F25A	0	24	0		0	0	1	1
60	0x3C	817C	81 7C	0x39F2FC	0	14	0		1	1	0	0
61	0x3D	817D	81 7D	0x39F39E	0	20	0		3	1	0	0
62	0x3E	817E	81 7E	0x39F440	0	27	0		0	0	1	1
63	0x3F	8180	81 80	0x39F4E2	0	26	0		0	116	0	0
64	0x40	8181	81 81	0x39F584	0	21	0		2	8	0	0
65	0x41	8182	81 82	0x39F626	0	30	0		4	1	0	0
66	0x42	8183	81 83	0x39F6C8	0	26	0		3	4	0	0
67	0x43	8184	81 84	0x39F76A	0	23	0		0	1	0	0
68	0x44	8185	81 85	0x39F80C	0	41	0		3	0	0	1
69	0x45	8186	81 86	0x39F8AE	0	44	0		0	0	1	1
70	0x46	8187	81 87	0x39F950	0	44	0		0	1	0	0
71	0x47	8188	81 88	0x39F9F2	0	18	0		0	2	0	0
72	0x48	8189	81 89	0x39FA94	0	43	0		1	1	0	0
73	0x49	818A	81 8A	0x39FB36	0	37	0		0	2	0	0
74	0x4A	818B	81 8B	0x39FBD8	0	9	0		0	0	1	1
75	0x4B	818C	81 8C	0x39FC7A	0	9	0		0	2	0	0
76	0x4C	818D	81 8D	0x39FD1C	0	13	0		0	3	0	0
77	0x4D	818E	81 8E	0x39FDBE	0	47	0		2	1	0	0
78	0x4E	818F	81 8F	0x39FE60	0	41	0		1	1	0	0
79	0x4F	8190	81 90	0x39FF02	0	55	0		0	1	0	0
80	0x50	8191	81 91	0x39FFA4	0	34	0		1	0	0	1
81	0x51	8192	81 92	0x3A0046	0	48	0		0	1	0	0
82	0x52	8193	81 93	0x3A00E8	0	58	0		2	0	0	1
83	0x53	8194	81 94	0x3A018A	0	45	0		1	1	0	0
84	0x54	8195	81 95	0x3A022C	0	59	0		1	1	0	0
85	0x55	8196	81 96	0x3A02CE	0	36	0		1	2	0	0
86	0x56	8197	81 97	0x3A0370	0	70	0		0	1	0	0
87	0x57	8198	81 98	0x3A0412	0	53	0		0	0	1	1
88	0x58	8199	81 99	0x3A04B4	0	61	0		0	0	1	1
89	0x59	819A	81 9A	0x3A0556	0	70	0		0	0	1	1
90	0x5A	819B	81 9B	0x3A05F8	0	56	0		5	0	0	1
91	0x5B	819C	81 9C	0x3A069A	0	111	0		0	1	0	0
92	0x5C	819D	81 9D	0x3A073C	0	84	0		3	0	0	1
93	0x5D	819E	81 9E	0x3A07DE	0	49	0		0	0	1	1
94	0x5E	819F	81 9F	0x3A0880	0	89	0		1	1	0	0
95	0x5F	81A0	81 A0	0x3A0922	0	84	0		1	0	0	1
96	0x60	81A1	81 A1	0x3A09C4	0	144	0		0	0	1	1
97	0x61	81A2	81 A2	0x3A0A66	0	46	0		1	0	0	1
98	0x62	81A3	81 A3	0x3A0B08	0	60	0		2	0	0	1
99	0x63	81A4	81 A4	0x3A0BAA	0	39	0		0	0	1	1
100	0x64	81A5	81 A5	0x3A0C4C	0	57	0		1	0	0	1
101	0x65	81A6	81 A6	0x3A0CEE	0	63	0		0	0	1	1
102	0x66	81A7	81 A7	0x3A0D90	0	40	0		1	0	0	1
103	0x67	81A8	81 A8	0x3A0E32	0	25	0		0	0	1	1
104	0x68	81A9	81 A9	0x3A0ED4	0	26	0		0	0	1	1
105	0x69	81AA	81 AA	0x3A0F76	0	25	0		0	0	1	1
106	0x6A	81AB	81 AB	0x3A1018	0	25	0		1	1	0	0
107	0x6B	81AC	81 AC	0x3A10BA	0	96	0		0	0	1	1
108	0x6C	81AD	81 AD	0x3A115C	0	6	0		1	0	0	1
109	0x6D	81AE	81 AE	0x3A11FE	1	0	0		0	0	1	1
110	0x6E	81AF	81 AF	0x3A12A0	1	0	0		1	0	0	1
111	0x6F	81B0	81 B0	0x3A1342	1	0	0		1	0	0	1
112	0x70	81B1	81 B1	0x3A13E4	0	37	0		0	0	1	1
113	0x71	81B2	81 B2	0x3A1486	0	52	0		1	0	0	1
114	0x72	81B3	81 B3	0x3A1528	0	39	0		2	0	0	1
115	0x73	81B4	81 B4	0x3A15CA	0	63	0		1	0	0	1
116	0x74	81B5	81 B5	0x3A166C	0	39	0		0	0	1	1
117	0x75	81B6	81 B6	0x3A170E	0	41	0		2	0	0	1
118	0x76	81B7	81 B7	0x3A17B0	0	63	0		0	0	1	1
119	0x77	81B8	81 B8	0x3A1852	0	40	0		0	0	1	1
120	0x78	81B9	81 B9	0x3A18F4	0	40	0		0	0	1	1
121	0x79	81BA	81 BA	0x3A1996	0	42	0		0	1	0	0
122	0x7A	81BB	81 BB	0x3A1A38	0	42	0		5	0	0	1
123	0x7B	81BC	81 BC	0x3A1ADA	0	30	0		2	1	0	0
124	0x7C	81BD	81 BD	0x3A1B7C	0	29	0		0	0	1	1
125	0x7D	81BE	81 BE	0x3A1C1E	0	29	0		1	1	0	0
126	0x7E	81BF	81 BF	0x3A1CC0	0	29	0		0	4	0	0
127	0x7F	81C0	81 C0	0x3A1D62	1	0	0		0	0	1	1
128	0x80	81C1	81 C1	0x3A1E04	1	0	0		1	0	0	1
129	0x81	81C2	81 C2	0x3A1EA6	1	0	0		0	0	1	1
130	0x82	81C3	81 C3	0x3A1F48	1	0	0		0	0	1	1
131	0x83	81C4	81 C4	0x3A1FEA	1	0	0		0	0	1	1
132	0x84	81C5	81 C5	0x3A208C	1	0	0		1	0	0	1
133	0x85	81C6	81 C6	0x3A212E	1	0	0		2	0	0	1
134	0x86	81C7	81 C7	0x3A21D0	1	0	0		0	0	1	1
135	0x87	81C8	81 C8	0x3A2272	0	28	0		0	0	1	1
136	0x88	81C9	81 C9	0x3A2314	0	27	0		0	0	1	1
137	0x89	81CA	81 CA	0x3A23B6	0	15	0		1	0	0	1
138	0x8A	81CB	81 CB	0x3A2458	0	42	0		0	0	1	1
139	0x8B	81CC	81 CC	0x3A24FA	0	46	0		0	0	1	1
140	0x8C	81CD	81 CD	0x3A259C	0	34	0		0	0	1	1
141	0x8D	81CE	81 CE	0x3A263E	0	26	0		1	0	0	1
142	0x8E	81CF	81 CF	0x3A26E0	1	0	0		1	0	0	1
143	0x8F	81D0	81 D0	0x3A2782	1	0	0		0	0	1	1
144	0x90	81D1	81 D1	0x3A2824	1	0	0		0	0	1	1
145	0x91	81D2	81 D2	0x3A28C6	1	0	0		0	0	1	1
146	0x92	81D3	81 D3	0x3A2968	1	0	0		5	0	0	1
147	0x93	81D4	81 D4	0x3A2A0A	1	0	0		0	0	1	1
148	0x94	81D5	81 D5	0x3A2AAC	1	0	0		0	0	1	1
149	0x95	81D6	81 D6	0x3A2B4E	1	0	0		1	0	0	1
150	0x96	81D7	81 D7	0x3A2BF0	1	0	0		0	0	1	1
151	0x97	81D8	81 D8	0x3A2C92	1	0	0		0	0	1	1
152	0x98	81D9	81 D9	0x3A2D34	1	0	0		2	0	0	1
153	0x99	81DA	81 DA	0x3A2DD6	0	27	0		0	0	1	1
154	0x9A	81DB	81 DB	0x3A2E78	0	17	0		0	1	0	0
155	0x9B	81DC	81 DC	0x3A2F1A	0	19	0		0	0	1	1
156	0x9C	81DD	81 DD	0x3A2FBC	0	40	0		2	1	0	0
157	0x9D	81DE	81 DE	0x3A305E	0	37	0		2	0	0	1
158	0x9E	81DF	81 DF	0x3A3100	0	28	0		1	2	0	0
159	0x9F	81E0	81 E0	0x3A31A2	0	33	0		1	2	0	0
160	0xA0	81E1	81 E1	0x3A3244	0	45	0		0	0	1	1
161	0xA1	81E2	81 E2	0x3A32E6	0	44	0		1	0	0	1
162	0xA2	81E3	81 E3	0x3A3388	0	34	0		8	0	0	1
163	0xA3	81E4	81 E4	0x3A342A	0	33	0		2	0	0	1
164	0xA4	81E5	81 E5	0x3A34CC	0	31	0		1	0	0	1
165	0xA5	81E6	81 E6	0x3A356E	0	15	0		2	1	0	0
166	0xA6	81E7	81 E7	0x3A3610	0	19	0		4	0	0	1
167	0xA7	81E8	81 E8	0x3A36B2	0	54	0		0	0	1	1
168	0xA8	81E9	81 E9	0x3A3754	1	0	0		0	0	1	1
169	0xA9	81EA	81 EA	0x3A37F6	1	0	0		2	0	0	1
170	0xAA	81EB	81 EB	0x3A3898	1	0	0		1	0	0	1
171	0xAB	81EC	81 EC	0x3A393A	1	0	0		0	0	1	1
172	0xAC	81ED	81 ED	0x3A39DC	1	0	0		2	0	0	1
173	0xAD	81EE	81 EE	0x3A3A7E	1	0	0		0	0	1	1
174	0xAE	81EF	81 EF	0x3A3B20	1	0	0		0	0	1	1
175	0xAF	81F0	81 F0	0x3A3BC2	0	46	0		12	0	0	1
176	0xB0	81F1	81 F1	0x3A3C64	0	69	0		9	0	0	1
177	0xB1	81F2	81 F2	0x3A3D06	0	50	0		0	0	1	1
178	0xB2	81F3	81 F3	0x3A3DA8	0	30	0		5	0	0	1
179	0xB3	81F4	81 F4	0x3A3E4A	0	32	0		1	0	0	1
180	0xB4	81F5	81 F5	0x3A3EEC	0	20	0		2	0	0	1
181	0xB5	81F6	81 F6	0x3A3F8E	0	26	0		3	0	0	1
182	0xB6	81F7	81 F7	0x3A4030	0	42	0		0	1	0	0
183	0xB7	81F8	81 F8	0x3A40D2	1	0	0		1	0	0	1
184	0xB8	81F9	81 F9	0x3A4174	1	0	0		2	0	0	1
185	0xB9	81FA	81 FA	0x3A4216	1	0	0		1	0	0	1
186	0xBA	81FB	81 FB	0x3A42B8	1	0	0		1	0	0	1
187	0xBB	81FC	81 FC	0x3A435A	0	55	0		2	0	0	1
188	0xBC	8240	82 40	0x3A43FC	1	0	0		3	0	0	1
189	0xBD	8241	82 41	0x3A449E	1	0	0		0	0	1	1
190	0xBE	8242	82 42	0x3A4540	1	0	0		1	0	0	1
191	0xBF	8243	82 43	0x3A45E2	1	0	0		7	0	0	1
192	0xC0	8244	82 44	0x3A4684	1	0	0		3	0	0	1
193	0xC1	8245	82 45	0x3A4726	1	0	0		3	0	0	1
194	0xC2	8246	82 46	0x3A47C8	1	0	0		3	0	0	1
195	0xC3	8247	82 47	0x3A486A	1	0	0		3	0	0	1
196	0xC4	8248	82 48	0x3A490C	1	0	0		0	0	1	1
197	0xC5	8249	82 49	0x3A49AE	1	0	0		2	0	0	1
198	0xC6	824A	82 4A	0x3A4A50	1	0	0		0	0	1	1
199	0xC7	824B	82 4B	0x3A4AF2	1	0	0		2	0	0	1
200	0xC8	824C	82 4C	0x3A4B94	1	0	0		2	0	0	1
201	0xC9	824D	82 4D	0x3A4C36	1	0	0		5	0	0	1
202	0xCA	824E	82 4E	0x3A4CD8	1	0	0		5	0	0	1
203	0xCB	824F	82 4F	0x3A4D7A	0	47	0		0	0	1	1
204	0xCC	8250	82 50	0x3A4E1C	0	24	0		1	0	0	1
205	0xCD	8251	82 51	0x3A4EBE	0	36	0		7	0	0	1
206	0xCE	8252	82 52	0x3A4F60	0	36	0		1	0	0	1
207	0xCF	8253	82 53	0x3A5002	0	34	0		3	0	0	1
208	0xD0	8254	82 54	0x3A50A4	0	37	0		0	0	1	1
209	0xD1	8255	82 55	0x3A5146	0	42	0		2	0	0	1
210	0xD2	8256	82 56	0x3A51E8	0	32	0		2	0	0	1
211	0xD3	8257	82 57	0x3A528A	0	55	0		3	1	0	0
212	0xD4	8258	82 58	0x3A532C	0	43	0		0	1	0	0
213	0xD5	8259	82 59	0x3A53CE	1	0	0		2	0	0	1
214	0xD6	825A	82 5A	0x3A5470	1	0	0		3	0	0	1
215	0xD7	825B	82 5B	0x3A5512	1	0	0		1	0	0	1
216	0xD8	825C	82 5C	0x3A55B4	1	0	0		0	0	1	1
217	0xD9	825D	82 5D	0x3A5656	1	0	0		8	0	0	1
218	0xDA	825E	82 5E	0x3A56F8	1	0	0		0	0	1	1
219	0xDB	825F	82 5F	0x3A579A	1	0	0		1	0	0	1
220	0xDC	8260	82 60	0x3A583C	0	42	0		2	0	0	1
221	0xDD	8261	82 61	0x3A58DE	0	52	0		0	1	0	0
222	0xDE	8262	82 62	0x3A5980	0	41	0		4	0	0	1
223	0xDF	8263	82 63	0x3A5A22	0	52	0		6	0	0	1
224	0xE0	8264	82 64	0x3A5AC4	0	52	0		1	0	0	1
225	0xE1	8265	82 65	0x3A5B66	0	39	0		2	0	0	1
226	0xE2	8266	82 66	0x3A5C08	0	49	0		2	1	0	0
227	0xE3	8267	82 67	0x3A5CAA	0	54	0		2	3	0	0
228	0xE4	8268	82 68	0x3A5D4C	0	26	0		0	0	1	1
229	0xE5	8269	82 69	0x3A5DEE	0	37	0		0	1	0	0
230	0xE6	826A	82 6A	0x3A5E90	0	50	0		4	0	0	1
231	0xE7	826B	82 6B	0x3A5F32	0	32	0		1	0	0	1
232	0xE8	826C	82 6C	0x3A5FD4	0	73	0		2	1	0	0
233	0xE9	826D	82 6D	0x3A6076	0	49	0		4	2	0	0
234	0xEA	826E	82 6E	0x3A6118	0	52	0		1	4	0	0
235	0xEB	826F	82 6F	0x3A61BA	0	44	0		0	0	1	1
236	0xEC	8270	82 70	0x3A625C	0	62	0		4	0	0	1
237	0xED	8271	82 71	0x3A62FE	0	53	0		3	2	0	0
238	0xEE	8272	82 72	0x3A63A0	0	41	0		19	1	0	0
239	0xEF	8273	82 73	0x3A6442	0	38	0		3	2	0	0
240	0xF0	8274	82 74	0x3A64E4	0	53	0		4	0	0	1
241	0xF1	8275	82 75	0x3A6586	0	41	0		3	4	0	0
242	0xF2	8276	82 76	0x3A6628	0	68	0		5	0	0	1
243	0xF3	8277	82 77	0x3A66CA	0	43	0		0	5	0	0
244	0xF4	8278	82 78	0x3A676C	0	35	0		0	2	0	0
245	0xF5	8279	82 79	0x3A680E	0	42	0		3	1	0	0
246	0xF6	827A	82 7A	0x3A68B0	1	0	0		3	0	0	1
247	0xF7	827B	82 7B	0x3A6952	1	0	0		3	0	0	1
248	0xF8	827C	82 7C	0x3A69F4	1	0	0		4	0	0	1
249	0xF9	827D	82 7D	0x3A6A96	1	0	0		2	0	0	1
250	0xFA	827E	82 7E	0x3A6B38	1	0	0		1	0	0	1
251	0xFB	8280	82 80	0x3A6BDA	1	0	0		2	0	0	1
252	0xFC	8281	82 81	0x3A6C7C	0	31	0		2	1	0	0
253	0xFD	8282	82 82	0x3A6D1E	0	41	0		7	22	0	0
254	0xFE	8283	82 83	0x3A6DC0	0	23	0		3	3	0	0
255	0xFF	8284	82 84	0x3A6E62	0	40	0		0	3	0	0
256	0x100	8285	82 85	0x3A6F04	0	33	0		1	0	0	1
257	0x101	8286	82 86	0x3A6FA6	0	28	0		4	0	0	1
258	0x102	8287	82 87	0x3A7048	0	44	0		0	6	0	0
259	0x103	8288	82 88	0x3A70EA	0	41	0		0	0	1	1
260	0x104	8289	82 89	0x3A718C	0	23	0		0	7	0	0
261	0x105	828A	82 8A	0x3A722E	0	28	0		0	0	1	1
262	0x106	828B	82 8B	0x3A72D0	0	41	0		2	1	0	0
263	0x107	828C	82 8C	0x3A7372	0	26	0		1	1	0	0
264	0x108	828D	82 8D	0x3A7414	0	49	0		3	0	0	1
265	0x109	828E	82 8E	0x3A74B6	0	33	0		1	5	0	0
266	0x10A	828F	82 8F	0x3A7558	0	31	0		0	0	1	1
267	0x10B	8290	82 90	0x3A75FA	0	37	0		2	2	0	0
268	0x10C	8291	82 91	0x3A769C	0	40	0		1	0	0	1
269	0x10D	8292	82 92	0x3A773E	0	21	0		2	1	0	0
270	0x10E	8293	82 93	0x3A77E0	0	29	0		3	0	0	1
271	0x10F	8294	82 94	0x3A7882	0	22	0		2	0	0	1
272	0x110	8295	82 95	0x3A7924	0	33	0		2	0	0	1
273	0x111	8296	82 96	0x3A79C6	0	24	0		1	0	0	1
274	0x112	8297	82 97	0x3A7A68	0	40	0		2	1	0	0
275	0x113	8298	82 98	0x3A7B0A	0	25	0		2	0	0	1
276	0x114	8299	82 99	0x3A7BAC	0	32	0		1	1	0	0
277	0x115	829A	82 9A	0x3A7C4E	0	25	0		4	0	0	1
278	0x116	829B	82 9B	0x3A7CF0	1	0	0		1	0	0	1
279	0x117	829C	82 9C	0x3A7D92	1	0	0		2	0	0	1
280	0x118	829D	82 9D	0x3A7E34	1	0	0		2	0	0	1
281	0x119	829E	82 9E	0x3A7ED6	1	0	0		3	0	0	1
282	0x11A	829F	82 9F	0x3A7F78	0	43	0		1	2	0	0
283	0x11B	82A0	82 A0	0x3A801A	0	64	0		1	0	0	1
284	0x11C	82A1	82 A1	0x3A80BC	0	25	0		1	0	0	1
285	0x11D	82A2	82 A2	0x3A815E	0	33	0		2	0	0	1
286	0x11E	82A3	82 A3	0x3A8200	0	28	0		3	0	0	1
287	0x11F	82A4	82 A4	0x3A82A2	0	38	0		2	0	0	1
288	0x120	82A5	82 A5	0x3A8344	0	34	0		0	0	1	1
289	0x121	82A6	82 A6	0x3A83E6	0	48	0		2	1	0	0
290	0x122	82A7	82 A7	0x3A8488	0	44	0		1	0	0	1
291	0x123	82A8	82 A8	0x3A852A	0	63	0		0	0	1	1
292	0x124	82A9	82 A9	0x3A85CC	0	57	0		1	0	0	1
293	0x125	82AA	82 AA	0x3A866E	0	70	0		1	0	0	1
294	0x126	82AB	82 AB	0x3A8710	0	49	0		1	0	0	1
295	0x127	82AC	82 AC	0x3A87B2	0	54	0		0	0	1	1
296	0x128	82AD	82 AD	0x3A8854	0	33	0		2	1	0	0
297	0x129	82AE	82 AE	0x3A88F6	0	41	0		1	0	0	1
298	0x12A	82AF	82 AF	0x3A8998	0	60	0		2	0	0	1
299	0x12B	82B0	82 B0	0x3A8A3A	0	64	0		2	0	0	1
300	0x12C	82B1	82 B1	0x3A8ADC	0	27	0		1	0	0	1
301	0x12D	82B2	82 B2	0x3A8B7E	0	41	0		1	0	0	1
302	0x12E	82B3	82 B3	0x3A8C20	0	44	0		2	0	0	1
303	0x12F	82B4	82 B4	0x3A8CC2	0	50	0		3	0	0	1
304	0x130	82B5	82 B5	0x3A8D64	0	29	0		1	0	0	1
305	0x131	82B6	82 B6	0x3A8E06	0	37	0		2	0	0	1
306	0x132	82B7	82 B7	0x3A8EA8	0	52	0		4	0	0	1
307	0x133	82B8	82 B8	0x3A8F4A	0	60	0		1	1	0	0
308	0x134	82B9	82 B9	0x3A8FEC	0	65	0		1	0	0	1
309	0x135	82BA	82 BA	0x3A908E	0	71	0		5	0	0	1
310	0x136	82BB	82 BB	0x3A9130	0	49	0		2	0	0	1
311	0x137	82BC	82 BC	0x3A91D2	0	54	0		2	0	0	1
312	0x138	82BD	82 BD	0x3A9274	0	56	0		2	0	0	1
313	0x139	82BE	82 BE	0x3A9316	0	63	0		2	0	0	1
314	0x13A	82BF	82 BF	0x3A93B8	0	47	0		4	0	0	1
315	0x13B	82C0	82 C0	0x3A945A	0	56	0		2	0	0	1
316	0x13C	82C1	82 C1	0x3A94FC	0	26	0		2	0	0	1
317	0x13D	82C2	82 C2	0x3A959E	0	37	0		1	2	0	0
318	0x13E	82C3	82 C3	0x3A9640	0	45	0		2	2	0	0
319	0x13F	82C4	82 C4	0x3A96E2	0	39	0		8	0	0	1
320	0x140	82C5	82 C5	0x3A9784	0	50	0		2	0	0	1
321	0x141	82C6	82 C6	0x3A9826	0	44	0		0	0	1	1
322	0x142	82C7	82 C7	0x3A98C8	0	49	0		4	1	0	0
323	0x143	82C8	82 C8	0x3A996A	0	61	0		1	0	0	1
324	0x144	82C9	82 C9	0x3A9A0C	0	54	0		1	0	0	1
325	0x145	82CA	82 CA	0x3A9AAE	0	67	0		1	0	0	1
326	0x146	82CB	82 CB	0x3A9B50	0	69	0		2	0	0	1
327	0x147	82CC	82 CC	0x3A9BF2	0	53	0		3	0	0	1
328	0x148	82CD	82 CD	0x3A9C94	0	72	0		3	0	0	1
329	0x149	82CE	82 CE	0x3A9D36	0	81	0		3	0	0	1
330	0x14A	82CF	82 CF	0x3A9DD8	0	81	0		2	0	0	1
331	0x14B	82D0	82 D0	0x3A9E7A	0	58	0		3	0	0	1
332	0x14C	82D1	82 D1	0x3A9F1C	0	61	0		0	0	1	1
333	0x14D	82D2	82 D2	0x3A9FBE	0	62	0		4	0	0	1
334	0x14E	82D3	82 D3	0x3AA060	0	56	0		0	0	1	1
335	0x14F	82D4	82 D4	0x3AA102	0	58	0		2	0	0	1
336	0x150	82D5	82 D5	0x3AA1A4	0	56	0		2	0	0	1
337	0x151	82D6	82 D6	0x3AA246	0	28	0		2	1	0	0
338	0x152	82D7	82 D7	0x3AA2E8	0	36	0		1	0	0	1
339	0x153	82D8	82 D8	0x3AA38A	0	36	0		4	0	0	1
340	0x154	82D9	82 D9	0x3AA42C	0	79	0		2	0	0	1
341	0x155	82DA	82 DA	0x3AA4CE	0	76	0		1	0	0	1
342	0x156	82DB	82 DB	0x3AA570	0	84	0		2	0	0	1
343	0x157	82DC	82 DC	0x3AA612	0	51	0		0	1	0	0
344	0x158	82DD	82 DD	0x3AA6B4	0	54	0		1	0	0	1
345	0x159	82DE	82 DE	0x3AA756	0	64	0		0	0	1	1
346	0x15A	82DF	82 DF	0x3AA7F8	0	62	0		0	0	1	1
347	0x15B	82E0	82 E0	0x3AA89A	0	51	0		6	0	0	1
348	0x15C	82E1	82 E1	0x3AA93C	0	44	0		3	0	0	1
349	0x15D	82E2	82 E2	0x3AA9DE	0	58	0		10	0	0	1
350	0x15E	82E3	82 E3	0x3AAA80	0	49	0		10	0	0	1
351	0x15F	82E4	82 E4	0x3AAB22	0	70	0		2	0	0	1
352	0x160	82E5	82 E5	0x3AABC4	0	33	0		7	0	0	1
353	0x161	82E6	82 E6	0x3AAC66	0	42	0		3	0	0	1
354	0x162	82E7	82 E7	0x3AAD08	0	42	0		4	0	0	1
355	0x163	82E8	82 E8	0x3AADAA	0	49	0		0	0	1	1
356	0x164	82E9	82 E9	0x3AAE4C	0	53	0		3	0	0	1
357	0x165	82EA	82 EA	0x3AAEEE	0	67	0		3	0	0	1
358	0x166	82EB	82 EB	0x3AAF90	0	45	0		5	0	0	1
359	0x167	82EC	82 EC	0x3AB032	0	44	0		1	0	0	1
360	0x168	82ED	82 ED	0x3AB0D4	0	64	0		3	0	0	1
361	0x169	82EE	82 EE	0x3AB176	0	63	0		0	0	1	1
362	0x16A	82EF	82 EF	0x3AB218	0	70	0		3	0	0	1
363	0x16B	82F0	82 F0	0x3AB2BA	0	64	0		19	0	0	1
364	0x16C	82F1	82 F1	0x3AB35C	0	51	0		5	0	0	1
365	0x16D	82F2	82 F2	0x3AB3FE	1	0	0		2	0	0	1
366	0x16E	82F3	82 F3	0x3AB4A0	1	0	0		4	0	0	1
367	0x16F	82F4	82 F4	0x3AB542	1	0	0		1	0	0	1
368	0x170	82F5	82 F5	0x3AB5E4	1	0	0		0	0	1	1
369	0x171	82F6	82 F6	0x3AB686	1	0	0		2	0	0	1
370	0x172	82F7	82 F7	0x3AB728	1	0	0		0	0	1	1
371	0x173	82F8	82 F8	0x3AB7CA	1	0	0		5	0	0	1
372	0x174	82F9	82 F9	0x3AB86C	1	0	0		6	0	0	1
373	0x175	82FA	82 FA	0x3AB90E	1	0	0		3	0	0	1
374	0x176	82FB	82 FB	0x3AB9B0	1	0	0		6	0	0	1
375	0x177	82FC	82 FC	0x3ABA52	1	0	0		13	0	0	1
376	0x178	8340	83 40	0x3ABAF4	0	32	0		2	0	0	1
377	0x179	8341	83 41	0x3ABB96	0	40	0		3	0	0	1
378	0x17A	8342	83 42	0x3ABC38	0	28	0		2	2	0	0
379	0x17B	8343	83 43	0x3ABCDA	0	33	0		6	0	0	1
380	0x17C	8344	83 44	0x3ABD7C	0	36	0		4	0	0	1
381	0x17D	8345	83 45	0x3ABE1E	0	49	0		3	0	0	1
382	0x17E	8346	83 46	0x3ABEC0	0	26	0		9	0	0	1
383	0x17F	8347	83 47	0x3ABF62	0	34	0		4	0	0	1
384	0x180	8348	83 48	0x3AC004	0	38	0		1	0	0	1
385	0x181	8349	83 49	0x3AC0A6	0	45	0		2	0	0	1
386	0x182	834A	83 4A	0x3AC148	0	50	0		2	1	0	0
387	0x183	834B	83 4B	0x3AC1EA	0	58	0		2	1	0	0
388	0x184	834C	83 4C	0x3AC28C	0	44	0		3	0	0	1
389	0x185	834D	83 4D	0x3AC32E	0	54	0		2	0	0	1
390	0x186	834E	83 4E	0x3AC3D0	0	42	0		1	0	0	1
391	0x187	834F	83 4F	0x3AC472	0	48	0		2	0	0	1
392	0x188	8350	83 50	0x3AC514	0	41	0		2	1	0	0
393	0x189	8351	83 51	0x3AC5B6	0	49	0		5	2	0	0
394	0x18A	8352	83 52	0x3AC658	0	36	0		12	0	0	1
395	0x18B	8353	83 53	0x3AC6FA	0	43	0		1	0	0	1
396	0x18C	8354	83 54	0x3AC79C	0	52	0		0	2	0	0
397	0x18D	8355	83 55	0x3AC83E	0	61	0		2	0	0	1
398	0x18E	8356	83 56	0x3AC8E0	0	38	0		6	0	0	1
399	0x18F	8357	83 57	0x3AC982	0	46	0		1	0	0	1
400	0x190	8358	83 58	0x3ACA24	0	39	0		2	1	0	0
401	0x191	8359	83 59	0x3ACAC6	0	44	0		1	0	0	1
402	0x192	835A	83 5A	0x3ACB68	0	49	0		1	1	0	0
403	0x193	835B	83 5B	0x3ACC0A	0	50	0		1	2	0	0
404	0x194	835C	83 5C	0x3ACCAC	0	34	0		4	0	0	1
405	0x195	835D	83 5D	0x3ACD4E	0	40	0		2	0	0	1
406	0x196	835E	83 5E	0x3ACDF0	0	50	0		1	1	0	0
407	0x197	835F	83 5F	0x3ACE92	0	55	0		0	0	1	1
408	0x198	8360	83 60	0x3ACF34	0	45	0		1	0	0	1
409	0x199	8361	83 61	0x3ACFD6	0	52	0		2	0	0	1
410	0x19A	8362	83 62	0x3AD078	0	33	0		10	0	0	1
411	0x19B	8363	83 63	0x3AD11A	0	43	0		1	0	0	1
412	0x19C	8364	83 64	0x3AD1BC	0	46	0		1	0	0	1
413	0x19D	8365	83 65	0x3AD25E	0	38	0		1	0	0	1
414	0x19E	8366	83 66	0x3AD300	0	49	0		2	0	0	1
415	0x19F	8367	83 67	0x3AD3A2	0	27	0		0	1	0	0
416	0x1A0	8368	83 68	0x3AD444	0	43	0		0	1	0	0
417	0x1A1	8369	83 69	0x3AD4E6	0	36	0		1	5	0	0
418	0x1A2	836A	83 6A	0x3AD588	0	29	0		2	1	0	0
419	0x1A3	836B	83 6B	0x3AD62A	0	42	0		1	0	0	1
420	0x1A4	836C	83 6C	0x3AD6CC	0	53	0		1	0	0	1
421	0x1A5	836D	83 6D	0x3AD76E	0	26	0		2	0	0	1
422	0x1A6	836E	83 6E	0x3AD810	0	33	0		0	2	0	0
423	0x1A7	836F	83 6F	0x3AD8B2	0	41	0		1	0	0	1
424	0x1A8	8370	83 70	0x3AD954	0	41	0		3	1	0	0
425	0x1A9	8371	83 71	0x3AD9F6	0	42	0		3	1	0	0
426	0x1AA	8372	83 72	0x3ADA98	0	51	0		13	1	0	0
427	0x1AB	8373	83 73	0x3ADB3A	0	45	0		3	0	0	1
428	0x1AC	8374	83 74	0x3ADBDC	0	35	0		1	3	0	0
429	0x1AD	8375	83 75	0x3ADC7E	0	44	0		0	4	0	0
430	0x1AE	8376	83 76	0x3ADD20	0	43	0		3	1	0	0
431	0x1AF	8377	83 77	0x3ADDC2	0	28	0		0	1	0	0
432	0x1B0	8378	83 78	0x3ADE64	0	35	0		2	1	0	0
433	0x1B1	8379	83 79	0x3ADF06	0	35	0		0	2	0	0
434	0x1B2	837A	83 7A	0x3ADFA8	0	50	0		4	0	0	1
435	0x1B3	837B	83 7B	0x3AE04A	0	66	0		0	9	0	0
436	0x1B4	837C	83 7C	0x3AE0EC	0	56	0		1	3	0	0
437	0x1B5	837D	83 7D	0x3AE18E	0	35	0		5	3	0	0
438	0x1B6	837E	83 7E	0x3AE230	0	32	0		1	1	0	0
439	0x1B7	8380	83 80	0x3AE2D2	0	44	0		2	97	0	0
440	0x1B8	8381	83 81	0x3AE374	0	34	0		2	0	0	1
441	0x1B9	8382	83 82	0x3AE416	0	45	0		5	1	0	0
442	0x1BA	8383	83 83	0x3AE4B8	0	32	0		0	35	0	0
443	0x1BB	8384	83 84	0x3AE55A	0	43	0		0	3	0	0
444	0x1BC	8385	83 85	0x3AE5FC	0	30	0		1	4	0	0
445	0x1BD	8386	83 86	0x3AE69E	0	36	0		2	2	0	0
446	0x1BE	8387	83 87	0x3AE740	0	35	0		5	2	0	0
447	0x1BF	8388	83 88	0x3AE7E2	0	44	0		0	0	1	1
448	0x1C0	8389	83 89	0x3AE884	0	42	0		0	0	1	1
449	0x1C1	838A	83 8A	0x3AE926	0	46	0		3	1	0	0
450	0x1C2	838B	83 8B	0x3AE9C8	0	48	0		4	2	0	0
451	0x1C3	838C	83 8C	0x3AEA6A	0	38	0		1	2	0	0
452	0x1C4	838D	83 8D	0x3AEB0C	0	46	0		4	3	0	0
453	0x1C5	838E	83 8E	0x3AEBAE	0	32	0		1	1	0	0
454	0x1C6	838F	83 8F	0x3AEC50	0	42	0		0	2	0	0
455	0x1C7	8390	83 90	0x3AECF2	0	57	0		1	0	0	1
456	0x1C8	8391	83 91	0x3AED94	0	40	0		0	0	1	1
457	0x1C9	8392	83 92	0x3AEE36	0	42	0		2	0	0	1
458	0x1CA	8393	83 93	0x3AEED8	0	34	0		1	0	0	1
459	0x1CB	8394	83 94	0x3AEF7A	0	56	0		1	2	0	0
460	0x1CC	8395	83 95	0x3AF01C	0	36	0		0	0	1	1
461	0x1CD	8396	83 96	0x3AF0BE	0	30	0		0	0	1	1
462	0x1CE	8397	83 97	0x3AF160	1	0	0		1	0	0	1
463	0x1CF	8398	83 98	0x3AF202	1	0	0		1	0	0	1
464	0x1D0	8399	83 99	0x3AF2A4	0	71	0		2	0	0	1
465	0x1D1	839A	83 9A	0x3AF346	0	84	0		2	0	0	1
466	0x1D2	839B	83 9B	0x3AF3E8	0	83	0		0	0	1	1
467	0x1D3	839C	83 9C	0x3AF48A	0	83	0		0	0	1	1
468	0x1D4	839D	83 9D	0x3AF52C	0	79	0		4	0	0	1
469	0x1D5	839E	83 9E	0x3AF5CE	0	93	0		2	0	0	1
470	0x1D6	839F	83 9F	0x3AF670	0	86	0		3	0	0	1
471	0x1D7	83A0	83 A0	0x3AF712	0	87	0		6	0	0	1
472	0x1D8	83A1	83 A1	0x3AF7B4	0	94	0		2	2	0	0
473	0x1D9	83A2	83 A2	0x3AF856	0	93	0		1	1	0	0
474	0x1DA	83A3	83 A3	0x3AF8F8	0	85	0		4	0	0	1
475	0x1DB	83A4	83 A4	0x3AF99A	0	102	0		2	1	0	0
476	0x1DC	83A5	83 A5	0x3AFA3C	0	90	0		1	2	0	0
477	0x1DD	83A6	83 A6	0x3AFADE	0	99	0		3	2	0	0
478	0x1DE	83A7	83 A7	0x3AFB80	0	94	0		1	0	0	1
479	0x1DF	83A8	83 A8	0x3AFC22	0	88	0		1	1	0	0
480	0x1E0	83A9	83 A9	0x3AFCC4	0	85	0		1	0	0	1
481	0x1E1	83AA	83 AA	0x3AFD66	0	59	0		1	0	0	1
482	0x1E2	83AB	83 AB	0x3AFE08	0	94	0		0	0	1	1
483	0x1E3	83AC	83 AC	0x3AFEAA	0	89	0		2	0	0	1
484	0x1E4	83AD	83 AD	0x3AFF4C	0	68	0		5	0	0	1
485	0x1E5	83AE	83 AE	0x3AFFEE	0	89	0		1	0	0	1
486	0x1E6	83AF	83 AF	0x3B0090	0	86	0		0	2	0	0
487	0x1E7	83B0	83 B0	0x3B0132	0	89	0		2	2	0	0
488	0x1E8	83B1	83 B1	0x3B01D4	0	97	0		1	0	0	1
489	0x1E9	83B2	83 B2	0x3B0276	0	76	0		2	1	0	0
490	0x1EA	83B3	83 B3	0x3B0318	0	98	0		1	1	0	0
491	0x1EB	83B4	83 B4	0x3B03BA	0	96	0		0	1	0	0
492	0x1EC	83B5	83 B5	0x3B045C	0	96	0		2	0	0	1
493	0x1ED	83B6	83 B6	0x3B04FE	0	94	0		2	0	0	1
494	0x1EE	83B7	83 B7	0x3B05A0	0	84	0		1	0	0	1
495	0x1EF	83B8	83 B8	0x3B0642	0	84	0		1	0	0	1
496	0x1F0	83B9	83 B9	0x3B06E4	0	91	0		1	0	0	1
497	0x1F1	83BA	83 BA	0x3B0786	0	75	0		4	0	0	1
498	0x1F2	83BB	83 BB	0x3B0828	0	84	0		0	0	1	1
499	0x1F3	83BC	83 BC	0x3B08CA	0	91	0		1	0	0	1
500	0x1F4	83BD	83 BD	0x3B096C	0	97	0		3	0	0	1
501	0x1F5	83BE	83 BE	0x3B0A0E	0	86	0		2	0	0	1
502	0x1F6	83BF	83 BF	0x3B0AB0	0	99	0		0	0	1	1
503	0x1F7	83C0	83 C0	0x3B0B52	0	106	0		2	0	0	1
504	0x1F8	83C1	83 C1	0x3B0BF4	0	73	0		1	1	0	0
505	0x1F9	83C2	83 C2	0x3B0C96	0	66	0		1	0	0	1
506	0x1FA	83C3	83 C3	0x3B0D38	0	83	0		1	0	0	1
507	0x1FB	83C4	83 C4	0x3B0DDA	0	85	0		3	0	0	1
508	0x1FC	83C5	83 C5	0x3B0E7C	0	89	0		1	0	0	1
509	0x1FD	83C6	83 C6	0x3B0F1E	0	88	0		4	0	0	1
510	0x1FE	83C7	83 C7	0x3B0FC0	0	97	0		2	0	0	1
511	0x1FF	83C8	83 C8	0x3B1062	0	80	0		0	0	1	1
512	0x200	83C9	83 C9	0x3B1104	0	85	0		1	0	0	1
513	0x201	83CA	83 CA	0x3B11A6	0	98	0		2	0	0	1
514	0x202	83CB	83 CB	0x3B1248	0	96	0		1	0	0	1
515	0x203	83CC	83 CC	0x3B12EA	0	83	0		2	0	0	1
516	0x204	83CD	83 CD	0x3B138C	0	88	0		3	0	0	1
517	0x205	83CE	83 CE	0x3B142E	0	96	0		1	0	0	1
518	0x206	83CF	83 CF	0x3B14D0	0	84	0		2	0	0	1
519	0x207	83D0	83 D0	0x3B1572	0	98	0		9	0	0	1
520	0x208	83D1	83 D1	0x3B1614	0	81	0		0	0	1	1
521	0x209	83D2	83 D2	0x3B16B6	0	83	0		1	0	0	1
522	0x20A	83D3	83 D3	0x3B1758	0	83	0		3	0	0	1
523	0x20B	83D4	83 D4	0x3B17FA	0	91	0		1	0	0	1
524	0x20C	83D5	83 D5	0x3B189C	0	96	0		2	0	0	1
525	0x20D	83D6	83 D6	0x3B193E	0	94	0		4	0	0	1
526	0x20E	83D7	83 D7	0x3B19E0	0	83	0		1	0	0	1
527	0x20F	83D8	83 D8	0x3B1A82	0	90	0		1	0	0	1
528	0x210	83D9	83 D9	0x3B1B24	0	72	0		2	0	0	1
529	0x211	83DA	83 DA	0x3B1BC6	0	102	0		2	0	0	1
530	0x212	83DB	83 DB	0x3B1C68	0	94	0		2	0	0	1
531	0x213	83DC	83 DC	0x3B1D0A	0	93	0		0	0	1	1
532	0x214	83DD	83 DD	0x3B1DAC	0	85	0		2	0	0	1
533	0x215	83DE	83 DE	0x3B1E4E	0	69	0		0	0	1	1
534	0x216	83DF	83 DF	0x3B1EF0	0	73	0		0	0	1	1
535	0x217	83E0	83 E0	0x3B1F92	0	91	0		3	0	0	1
536	0x218	83E1	83 E1	0x3B2034	0	77	0		3	0	0	1
537	0x219	83E2	83 E2	0x3B20D6	0	92	0		2	0	0	1
538	0x21A	83E3	83 E3	0x3B2178	0	106	0		3	0	0	1
539	0x21B	83E4	83 E4	0x3B221A	0	22	0		3	0	0	1
540	0x21C	83E5	83 E5	0x3B22BC	0	78	0		1	0	0	1
541	0x21D	83E6	83 E6	0x3B235E	0	97	0		2	0	0	1
542	0x21E	83E7	83 E7	0x3B2400	0	90	0		3	0	0	1
543	0x21F	83E8	83 E8	0x3B24A2	0	94	0		1	0	0	1
544	0x220	83E9	83 E9	0x3B2544	0	88	0		1	0	0	1
545	0x221	83EA	83 EA	0x3B25E6	0	63	0		0	0	1	1
546	0x222	83EB	83 EB	0x3B2688	0	106	0		2	0	0	1
547	0x223	83EC	83 EC	0x3B272A	0	67	0		1	0	0	1
548	0x224	83ED	83 ED	0x3B27CC	0	79	0		6	0	0	1
549	0x225	83EE	83 EE	0x3B286E	0	84	0		0	0	1	1
550	0x226	83EF	83 EF	0x3B2910	0	77	0		2	0	0	1
551	0x227	83F0	83 F0	0x3B29B2	0	83	0		44	0	0	1
552	0x228	83F1	83 F1	0x3B2A54	0	99	0		4	0	0	1
553	0x229	83F2	83 F2	0x3B2AF6	0	76	0		0	0	1	1
554	0x22A	83F3	83 F3	0x3B2B98	0	93	0		15	0	0	1
555	0x22B	83F4	83 F4	0x3B2C3A	0	90	0		7	0	0	1
556	0x22C	83F5	83 F5	0x3B2CDC	0	96	0		1	0	0	1
557	0x22D	83F6	83 F6	0x3B2D7E	0	97	0		2	0	0	1
558	0x22E	83F7	83 F7	0x3B2E20	0	102	0		1	0	0	1
559	0x22F	83F8	83 F8	0x3B2EC2	0	94	0		3	0	0	1
560	0x230	83F9	83 F9	0x3B2F64	0	102	0		1	0	0	1
561	0x231	83FA	83 FA	0x3B3006	0	102	0		0	0	1	1
562	0x232	83FB	83 FB	0x3B30A8	0	65	0		1	0	0	1
563	0x233	83FC	83 FC	0x3B314A	0	63	0		2	0	0	1
564	0x234	8440	84 40	0x3B31EC	0	67	0		2	1	0	0
565	0x235	8441	84 41	0x3B328E	0	81	0		5	1	0	0
566	0x236	8442	84 42	0x3B3330	0	83	0		2	0	0	1
567	0x237	8443	84 43	0x3B33D2	0	69	0		0	1	0	0
568	0x238	8444	84 44	0x3B3474	0	89	0		0	0	1	1
569	0x239	8445	84 45	0x3B3516	0	82	0		1	4	0	0
570	0x23A	8446	84 46	0x3B35B8	0	105	0		3	0	0	1
571	0x23B	8447	84 47	0x3B365A	0	98	0		1	1	0	0
572	0x23C	8448	84 48	0x3B36FC	0	69	0		0	0	1	1
573	0x23D	8449	84 49	0x3B379E	0	93	0		0	0	1	1
574	0x23E	844A	84 4A	0x3B3840	0	68	0		3	0	0	1
575	0x23F	844B	84 4B	0x3B38E2	0	91	0		1	0	0	1
576	0x240	844C	84 4C	0x3B3984	0	91	0		0	0	1	1
577	0x241	844D	84 4D	0x3B3A26	0	87	0		2	0	0	1
578	0x242	844E	84 4E	0x3B3AC8	0	104	0		2	0	0	1
579	0x243	844F	84 4F	0x3B3B6A	0	98	0		1	0	0	1
580	0x244	8450	84 50	0x3B3C0C	0	100	0		1	0	0	1
581	0x245	8451	84 51	0x3B3CAE	0	95	0		1	0	0	1
582	0x246	8452	84 52	0x3B3D50	0	96	0		1	0	0	1
583	0x247	8453	84 53	0x3B3DF2	0	98	0		1	0	0	1
584	0x248	8454	84 54	0x3B3E94	0	70	0		0	0	1	1
585	0x249	8455	84 55	0x3B3F36	0	90	0		0	0	1	1
586	0x24A	8456	84 56	0x3B3FD8	0	86	0		0	2	0	0
587	0x24B	8457	84 57	0x3B407A	0	57	0		3	0	0	1
588	0x24C	8458	84 58	0x3B411C	0	93	0		0	0	1	1
589	0x24D	8459	84 59	0x3B41BE	0	84	0		1	0	0	1
590	0x24E	845A	84 5A	0x3B4260	0	80	0		0	0	1	1
591	0x24F	845B	84 5B	0x3B4302	0	89	0		0	0	1	1
592	0x250	845C	84 5C	0x3B43A4	0	93	0		0	1	0	0
593	0x251	845D	84 5D	0x3B4446	0	81	0		2	0	0	1
594	0x252	845E	84 5E	0x3B44E8	0	90	0		1	4	0	0
595	0x253	845F	84 5F	0x3B458A	0	90	0		0	2	0	0
596	0x254	8460	84 60	0x3B462C	0	94	0		3	2	0	0
597	0x255	8461	84 61	0x3B46CE	0	75	0		2	0	0	1
598	0x256	8462	84 62	0x3B4770	0	83	0		5	0	0	1
599	0x257	8463	84 63	0x3B4812	0	71	0		1	0	0	1
600	0x258	8464	84 64	0x3B48B4	0	84	0		0	0	1	1
601	0x259	8465	84 65	0x3B4956	0	88	0		0	0	1	1
602	0x25A	8466	84 66	0x3B49F8	0	87	0		1	0	0	1
603	0x25B	8467	84 67	0x3B4A9A	0	83	0		1	0	0	1
604	0x25C	8468	84 68	0x3B4B3C	0	106	0		0	0	1	1
605	0x25D	8469	84 69	0x3B4BDE	0	103	0		1	0	0	1
606	0x25E	846A	84 6A	0x3B4C80	0	85	0		0	0	1	1
607	0x25F	846B	84 6B	0x3B4D22	0	103	0		0	0	1	1
608	0x260	846C	84 6C	0x3B4DC4	0	81	0		2	0	0	1
609	0x261	846D	84 6D	0x3B4E66	0	100	0		0	0	1	1
610	0x262	846E	84 6E	0x3B4F08	0	88	0		1	0	0	1
611	0x263	846F	84 6F	0x3B4FAA	0	86	0		0	0	1	1
612	0x264	8470	84 70	0x3B504C	0	79	0		6	1	0	0
613	0x265	8471	84 71	0x3B50EE	0	87	0		1	1	0	0
614	0x266	8472	84 72	0x3B5190	0	91	0		15	0	0	1
615	0x267	8473	84 73	0x3B5232	0	98	0		3	0	0	1
616	0x268	8474	84 74	0x3B52D4	0	93	0		1	0	0	1
617	0x269	8475	84 75	0x3B5376	0	97	0		0	0	1	1
618	0x26A	8476	84 76	0x3B5418	0	93	0		0	2	0	0
619	0x26B	8477	84 77	0x3B54BA	0	95	0		3	4	0	0
620	0x26C	8478	84 78	0x3B555C	0	68	0		1	1	0	0
621	0x26D	8479	84 79	0x3B55FE	0	98	0		0	0	1	1
622	0x26E	847A	84 7A	0x3B56A0	0	95	0		1	4	0	0
623	0x26F	847B	84 7B	0x3B5742	0	80	0		0	3	0	0
624	0x270	847C	84 7C	0x3B57E4	0	86	0		0	4	0	0
625	0x271	847D	84 7D	0x3B5886	0	80	0		3	4	0	0
626	0x272	847E	84 7E	0x3B5928	0	94	0		0	0	1	1
627	0x273	8480	84 80	0x3B59CA	0	96	0		3	94	0	0
628	0x274	8481	84 81	0x3B5A6C	0	92	0		4	4	0	0
629	0x275	8482	84 82	0x3B5B0E	0	77	0		3	3	0	0
630	0x276	8483	84 83	0x3B5BB0	0	93	0		1	6	0	0
631	0x277	8484	84 84	0x3B5C52	0	74	0		0	14	0	0
632	0x278	8485	84 85	0x3B5CF4	0	90	0		0	2	0	0
633	0x279	8486	84 86	0x3B5D96	0	95	0		1	3	0	0
634	0x27A	8487	84 87	0x3B5E38	0	89	0		0	3	0	0
635	0x27B	8488	84 88	0x3B5EDA	0	94	0		3	3	0	0
636	0x27C	8489	84 89	0x3B5F7C	0	96	0		1	4	0	0
637	0x27D	848A	84 8A	0x3B601E	0	104	0		0	1	0	0
638	0x27E	848B	84 8B	0x3B60C0	0	87	0		1	0	0	1
639	0x27F	848C	84 8C	0x3B6162	0	97	0		1	7	0	0
640	0x280	848D	84 8D	0x3B6204	0	89	0		4	0	0	1
641	0x281	848E	84 8E	0x3B62A6	0	89	0		1	4	0	0
642	0x282	848F	84 8F	0x3B6348	0	86	0		0	0	1	1
643	0x283	8490	84 90	0x3B63EA	0	88	0		0	0	1	1
644	0x284	8491	84 91	0x3B648C	0	72	0		0	0	1	1
645	0x285	8492	84 92	0x3B652E	0	71	0		5	0	0	1
646	0x286	8493	84 93	0x3B65D0	0	99	0		1	0	0	1
647	0x287	8494	84 94	0x3B6672	0	73	0		0	0	1	1
648	0x288	8495	84 95	0x3B6714	0	74	0		0	0	1	1
649	0x289	8496	84 96	0x3B67B6	0	87	0		0	0	1	1
650	0x28A	8497	84 97	0x3B6858	0	72	0		0	0	1	1
651	0x28B	8498	84 98	0x3B68FA	0	74	0		1	0	0	1
652	0x28C	8499	84 99	0x3B699C	0	87	0		0	0	1	1
653	0x28D	849A	84 9A	0x3B6A3E	0	79	0		0	0	1	1
654	0x28E	849B	84 9B	0x3B6AE0	0	97	0		1	0	0	1
655	0x28F	849C	84 9C	0x3B6B82	0	84	0		1	0	0	1
656	0x290	849D	84 9D	0x3B6C24	0	90	0		0	0	1	1
657	0x291	849E	84 9E	0x3B6CC6	0	47	0		0	0	1	1
658	0x292	849F	84 9F	0x3B6D68	0	85	0		0	0	1	1
659	0x293	84A0	84 A0	0x3B6E0A	0	96	0		0	1	0	0
660	0x294	84A1	84 A1	0x3B6EAC	0	87	0		0	0	1	1
661	0x295	84A2	84 A2	0x3B6F4E	0	91	0		2	0	0	1
662	0x296	84A3	84 A3	0x3B6FF0	0	81	0		3	0	0	1
663	0x297	84A4	84 A4	0x3B7092	0	89	0		0	1	0	0
664	0x298	84A5	84 A5	0x3B7134	0	74	0		1	0	0	1
665	0x299	84A6	84 A6	0x3B71D6	0	92	0		1	0	0	1
666	0x29A	84A7	84 A7	0x3B7278	0	104	0		0	0	1	1
667	0x29B	84A8	84 A8	0x3B731A	0	75	0		1	0	0	1
668	0x29C	84A9	84 A9	0x3B73BC	0	99	0		0	2	0	0
669	0x29D	84AA	84 AA	0x3B745E	0	103	0		1	0	0	1
670	0x29E	84AB	84 AB	0x3B7500	0	94	0		0	0	1	1
671	0x29F	84AC	84 AC	0x3B75A2	0	81	0		0	0	1	1
672	0x2A0	84AD	84 AD	0x3B7644	0	52	0		0	0	1	1
673	0x2A1	84AE	84 AE	0x3B76E6	0	93	0		3	0	0	1
674	0x2A2	84AF	84 AF	0x3B7788	0	79	0		1	0	0	1
675	0x2A3	84B0	84 B0	0x3B782A	0	91	0		0	1	0	0
676	0x2A4	84B1	84 B1	0x3B78CC	0	92	0		0	0	1	1
677	0x2A5	84B2	84 B2	0x3B796E	0	106	0		2	1	0	0
678	0x2A6	84B3	84 B3	0x3B7A10	0	73	0		1	0	0	1
679	0x2A7	84B4	84 B4	0x3B7AB2	0	48	0		1	0	0	1
680	0x2A8	84B5	84 B5	0x3B7B54	0	78	0		1	0	0	1
681	0x2A9	84B6	84 B6	0x3B7BF6	0	83	0		1	0	0	1
682	0x2AA	84B7	84 B7	0x3B7C98	0	83	0		0	0	1	1
683	0x2AB	84B8	84 B8	0x3B7D3A	0	85	0		0	0	1	1
684	0x2AC	84B9	84 B9	0x3B7DDC	0	90	0		0	0	1	1
685	0x2AD	84BA	84 BA	0x3B7E7E	0	79	0		0	0	1	1
686	0x2AE	84BB	84 BB	0x3B7F20	0	73	0		0	0	1	1
687	0x2AF	84BC	84 BC	0x3B7FC2	0	64	0		0	1	0	0
688	0x2B0	84BD	84 BD	0x3B8064	0	84	0		2	1	0	0
689	0x2B1	84BE	84 BE	0x3B8106	0	80	0		0	0	1	1
690	0x2B2	84BF	84 BF	0x3B81A8	0	91	0		1	0	0	1
691	0x2B3	84C0	84 C0	0x3B824A	0	78	0		2	0	0	1
692	0x2B4	84C1	84 C1	0x3B82EC	0	86	0		3	0	0	1
693	0x2B5	84C2	84 C2	0x3B838E	0	77	0		3	0	0	1
694	0x2B6	84C3	84 C3	0x3B8430	0	101	0		0	0	1	1
695	0x2B7	84C4	84 C4	0x3B84D2	0	79	0		0	0	1	1
696	0x2B8	84C5	84 C5	0x3B8574	0	88	0		1	0	0	1
697	0x2B9	84C6	84 C6	0x3B8616	0	93	0		2	0	0	1
698	0x2BA	84C7	84 C7	0x3B86B8	0	78	0		1	0	0	1
699	0x2BB	84C8	84 C8	0x3B875A	0	61	0		1	0	0	1
700	0x2BC	84C9	84 C9	0x3B87FC	0	70	0		0	0	1	1
701	0x2BD	84CA	84 CA	0x3B889E	0	99	0		0	0	1	1
702	0x2BE	84CB	84 CB	0x3B8940	0	66	0		1	0	0	1
703	0x2BF	84CC	84 CC	0x3B89E2	0	98	0		0	0	1	1
704	0x2C0	84CD	84 CD	0x3B8A84	0	89	0		2	0	0	1
705	0x2C1	84CE	84 CE	0x3B8B26	0	76	0		0	0	1	1
706	0x2C2	84CF	84 CF	0x3B8BC8	0	78	0		1	0	0	1
707	0x2C3	84D0	84 D0	0x3B8C6A	0	86	0		1	0	0	1
708	0x2C4	84D1	84 D1	0x3B8D0C	0	81	0		0	0	1	1
709	0x2C5	84D2	84 D2	0x3B8DAE	0	80	0		3	0	0	1
710	0x2C6	84D3	84 D3	0x3B8E50	0	85	0		0	0	1	1
711	0x2C7	84D4	84 D4	0x3B8EF2	0	100	0		0	0	1	1
712	0x2C8	84D5	84 D5	0x3B8F94	0	95	0		0	0	1	1
713	0x2C9	84D6	84 D6	0x3B9036	0	82	0		0	0	1	1
714	0x2CA	84D7	84 D7	0x3B90D8	0	82	0		1	0	0	1
715	0x2CB	84D8	84 D8	0x3B917A	0	89	0		2	0	0	1
716	0x2CC	84D9	84 D9	0x3B921C	0	93	0		0	0	1	1
717	0x2CD	84DA	84 DA	0x3B92BE	0	94	0		0	0	1	1
718	0x2CE	84DB	84 DB	0x3B9360	0	80	0		0	0	1	1
719	0x2CF	84DC	84 DC	0x3B9402	0	101	0		0	0	1	1
720	0x2D0	84DD	84 DD	0x3B94A4	0	95	0		1	0	0	1
721	0x2D1	84DE	84 DE	0x3B9546	0	82	0		0	0	1	1
722	0x2D2	84DF	84 DF	0x3B95E8	0	66	0		0	0	1	1
723	0x2D3	84E0	84 E0	0x3B968A	0	76	0		2	0	0	1
724	0x2D4	84E1	84 E1	0x3B972C	0	82	0		2	0	0	1
725	0x2D5	84E2	84 E2	0x3B97CE	0	75	0		1	0	0	1
726	0x2D6	84E3	84 E3	0x3B9870	0	93	0		0	0	1	1
727	0x2D7	84E4	84 E4	0x3B9912	0	74	0		1	0	0	1
728	0x2D8	84E5	84 E5	0x3B99B4	0	99	0		1	0	0	1
729	0x2D9	84E6	84 E6	0x3B9A56	0	99	0		0	0	1	1
730	0x2DA	84E7	84 E7	0x3B9AF8	0	88	0		1	0	0	1
731	0x2DB	84E8	84 E8	0x3B9B9A	0	69	0		1	0	0	1
732	0x2DC	84E9	84 E9	0x3B9C3C	0	72	0		0	0	1	1
733	0x2DD	84EA	84 EA	0x3B9CDE	0	99	0		1	0	0	1
734	0x2DE	84EB	84 EB	0x3B9D80	0	71	0		0	0	1	1
735	0x2DF	84EC	84 EC	0x3B9E22	0	96	0		1	0	0	1
736	0x2E0	84ED	84 ED	0x3B9EC4	0	92	0		0	0	1	1
737	0x2E1	84EE	84 EE	0x3B9F66	0	93	0		0	0	1	1
738	0x2E2	84EF	84 EF	0x3BA008	0	90	0		0	0	1	1
739	0x2E3	84F0	84 F0	0x3BA0AA	0	92	0		3	0	0	1
740	0x2E4	84F1	84 F1	0x3BA14C	0	100	0		4	0	0	1
741	0x2E5	84F2	84 F2	0x3BA1EE	0	95	0		0	0	1	1
742	0x2E6	84F3	84 F3	0x3BA290	0	91	0		1	0	0	1
743	0x2E7	84F4	84 F4	0x3BA332	0	83	0		0	0	1	1
744	0x2E8	84F5	84 F5	0x3BA3D4	0	89	0		0	0	1	1
745	0x2E9	84F6	84 F6	0x3BA476	0	81	0		1	0	0	1
746	0x2EA	84F7	84 F7	0x3BA518	0	102	0		0	0	1	1
747	0x2EB	84F8	84 F8	0x3BA5BA	0	97	0		0	0	1	1
748	0x2EC	84F9	84 F9	0x3BA65C	0	99	0		1	0	0	1
749	0x2ED	84FA	84 FA	0x3BA6FE	0	95	0		0	0	1	1
750	0x2EE	84FB	84 FB	0x3BA7A0	0	80	0		1	0	0	1
751	0x2EF	84FC	84 FC	0x3BA842	0	79	0		1	0	0	1
752	0x2F0	8540	85 40	0x3BA8E4	0	88	0		3	0	0	1
753	0x2F1	8541	85 41	0x3BA986	0	90	0		4	0	0	1
754	0x2F2	8542	85 42	0x3BAA28	0	71	0		2	0	0	1
755	0x2F3	8543	85 43	0x3BAACA	0	95	0		4	0	0	1
756	0x2F4	8544	85 44	0x3BAB6C	0	97	0		2	0	0	1
757	0x2F5	8545	85 45	0x3BAC0E	0	92	0		0	0	1	1
758	0x2F6	8546	85 46	0x3BACB0	0	70	0		0	0	1	1
759	0x2F7	8547	85 47	0x3BAD52	0	99	0		1	0	0	1
760	0x2F8	8548	85 48	0x3BADF4	0	97	0		0	0	1	1
761	0x2F9	8549	85 49	0x3BAE96	0	59	0		0	0	1	1
762	0x2FA	854A	85 4A	0x3BAF38	0	83	0		2	0	0	1
763	0x2FB	854B	85 4B	0x3BAFDA	0	79	0		3	0	0	1
764	0x2FC	854C	85 4C	0x3BB07C	0	86	0		1	0	0	1
765	0x2FD	854D	85 4D	0x3BB11E	0	95	0		1	0	0	1
766	0x2FE	854E	85 4E	0x3BB1C0	0	100	0		0	0	1	1
767	0x2FF	854F	85 4F	0x3BB262	0	93	0		1	0	0	1
768	0x300	8550	85 50	0x3BB304	0	86	0		0	0	1	1
769	0x301	8551	85 51	0x3BB3A6	0	77	0		3	0	0	1
770	0x302	8552	85 52	0x3BB448	0	87	0		5	0	0	1
771	0x303	8553	85 53	0x3BB4EA	0	90	0		2	0	0	1
772	0x304	8554	85 54	0x3BB58C	0	101	0		1	0	0	1
773	0x305	8555	85 55	0x3BB62E	0	105	0		1	0	0	1
774	0x306	8556	85 56	0x3BB6D0	0	82	0		0	0	1	1
775	0x307	8557	85 57	0x3BB772	0	94	0		1	0	0	1
776	0x308	8558	85 58	0x3BB814	0	82	0		0	0	1	1
777	0x309	8559	85 59	0x3BB8B6	0	75	0		3	0	0	1
778	0x30A	855A	85 5A	0x3BB958	0	89	0		0	0	1	1
779	0x30B	855B	85 5B	0x3BB9FA	0	95	0		0	0	1	1
780	0x30C	855C	85 5C	0x3BBA9C	0	100	0		0	0	1	1
781	0x30D	855D	85 5D	0x3BBB3E	0	96	0		0	0	1	1
782	0x30E	855E	85 5E	0x3BBBE0	0	99	0		2	0	0	1
783	0x30F	855F	85 5F	0x3BBC82	0	73	0		1	0	0	1
784	0x310	8560	85 60	0x3BBD24	0	95	0		9	0	0	1
785	0x311	8561	85 61	0x3BBDC6	0	90	0		1	0	0	1
786	0x312	8562	85 62	0x3BBE68	0	104	0		6	0	0	1
787	0x313	8563	85 63	0x3BBF0A	0	95	0		4	0	0	1
788	0x314	8564	85 64	0x3BBFAC	0	90	0		0	0	1	1
789	0x315	8565	85 65	0x3BC04E	0	101	0		0	0	1	1
790	0x316	8566	85 66	0x3BC0F0	0	98	0		5	0	0	1
791	0x317	8567	85 67	0x3BC192	0	91	0		0	0	1	1
792	0x318	8568	85 68	0x3BC234	0	99	0		0	0	1	1
793	0x319	8569	85 69	0x3BC2D6	0	87	0		0	0	1	1
794	0x31A	856A	85 6A	0x3BC378	0	78	0		2	0	0	1
795	0x31B	856B	85 6B	0x3BC41A	0	94	0		0	0	1	1
796	0x31C	856C	85 6C	0x3BC4BC	0	89	0		0	0	1	1
797	0x31D	856D	85 6D	0x3BC55E	0	86	0		2	0	0	1
798	0x31E	856E	85 6E	0x3BC600	0	98	0		0	0	1	1
799	0x31F	856F	85 6F	0x3BC6A2	0	88	0		0	0	1	1
800	0x320	8570	85 70	0x3BC744	0	71	0		1	0	0	1
801	0x321	8571	85 71	0x3BC7E6	0	76	0		0	0	1	1
802	0x322	8572	85 72	0x3BC888	0	72	0		4	0	0	1
803	0x323	8573	85 73	0x3BC92A	0	93	0		2	0	0	1
804	0x324	8574	85 74	0x3BC9CC	0	103	0		1	0	0	1
805	0x325	8575	85 75	0x3BCA6E	0	100	0		1	0	0	1
806	0x326	8576	85 76	0x3BCB10	0	84	0		0	0	1	1
807	0x327	8577	85 77	0x3BCBB2	0	67	0		0	0	1	1
808	0x328	8578	85 78	0x3BCC54	0	98	0		4	0	0	1
809	0x329	8579	85 79	0x3BCCF6	0	95	0		1	0	0	1
810	0x32A	857A	85 7A	0x3BCD98	0	93	0		1	0	0	1
811	0x32B	857B	85 7B	0x3BCE3A	0	94	0		0	0	1	1
812	0x32C	857C	85 7C	0x3BCEDC	0	91	0		0	0	1	1
813	0x32D	857D	85 7D	0x3BCF7E	0	91	0		2	0	0	1
814	0x32E	857E	85 7E	0x3BD020	0	85	0		0	0	1	1
815	0x32F	8580	85 80	0x3BD0C2	0	87	0		2	0	0	1
816	0x330	8581	85 81	0x3BD164	0	86	0		2	0	0	1
817	0x331	8582	85 82	0x3BD206	0	74	0		2	0	0	1
818	0x332	8583	85 83	0x3BD2A8	0	83	0		23	0	0	1
819	0x333	8584	85 84	0x3BD34A	0	85	0		0	0	1	1
820	0x334	8585	85 85	0x3BD3EC	0	82	0		0	0	1	1
821	0x335	8586	85 86	0x3BD48E	0	92	0		1	0	0	1
822	0x336	8587	85 87	0x3BD530	0	93	0		0	0	1	1
823	0x337	8588	85 88	0x3BD5D2	0	59	0		0	0	1	1
824	0x338	8589	85 89	0x3BD674	0	98	0		0	0	1	1
825	0x339	858A	85 8A	0x3BD716	0	60	0		0	0	1	1
826	0x33A	858B	85 8B	0x3BD7B8	0	95	0		0	0	1	1
827	0x33B	858C	85 8C	0x3BD85A	0	101	0		0	0	1	1
828	0x33C	858D	85 8D	0x3BD8FC	0	108	0		9	0	0	1
829	0x33D	858E	85 8E	0x3BD99E	0	91	0		2	0	0	1
830	0x33E	858F	85 8F	0x3BDA40	0	84	0		0	0	1	1
831	0x33F	8590	85 90	0x3BDAE2	0	90	0		0	0	1	1
832	0x340	8591	85 91	0x3BDB84	0	100	0		3	0	0	1
833	0x341	8592	85 92	0x3BDC26	0	77	0		2	0	0	1
834	0x342	8593	85 93	0x3BDCC8	0	106	0		0	0	1	1
835	0x343	8594	85 94	0x3BDD6A	0	85	0		4	0	0	1
836	0x344	8595	85 95	0x3BDE0C	0	93	0		0	0	1	1
837	0x345	8596	85 96	0x3BDEAE	0	84	0		0	0	1	1
838	0x346	8597	85 97	0x3BDF50	0	71	0		0	0	1	1
839	0x347	8598	85 98	0x3BDFF2	0	85	0		0	0	1	1
840	0x348	8599	85 99	0x3BE094	0	100	0		0	0	1	1
841	0x349	859A	85 9A	0x3BE136	0	80	0		1	0	0	1
842	0x34A	859B	85 9B	0x3BE1D8	0	92	0		0	0	1	1
843	0x34B	859C	85 9C	0x3BE27A	0	72	0		0	0	1	1
844	0x34C	859D	85 9D	0x3BE31C	0	95	0		0	0	1	1
845	0x34D	859E	85 9E	0x3BE3BE	0	84	0		0	0	1	1
846	0x34E	859F	85 9F	0x3BE460	0	93	0		0	0	1	1
847	0x34F	85A0	85 A0	0x3BE502	0	89	0		1	0	0	1
848	0x350	85A1	85 A1	0x3BE5A4	0	79	0		2	0	0	1
849	0x351	85A2	85 A2	0x3BE646	0	97	0		3	0	0	1
850	0x352	85A3	85 A3	0x3BE6E8	0	105	0		1	0	0	1
851	0x353	85A4	85 A4	0x3BE78A	0	81	0		0	0	1	1
852	0x354	85A5	85 A5	0x3BE82C	0	90	0		2	0	0	1
853	0x355	85A6	85 A6	0x3BE8CE	0	93	0		1	0	0	1
854	0x356	85A7	85 A7	0x3BE970	0	92	0		0	0	1	1
855	0x357	85A8	85 A8	0x3BEA12	0	76	0		0	0	1	1
856	0x358	85A9	85 A9	0x3BEAB4	0	77	0		1	0	0	1
857	0x359	85AA	85 AA	0x3BEB56	0	91	0		0	0	1	1
858	0x35A	85AB	85 AB	0x3BEBF8	0	38	0		1	0	0	1
859	0x35B	85AC	85 AC	0x3BEC9A	0	84	0		1	0	0	1
860	0x35C	85AD	85 AD	0x3BED3C	0	87	0		3	0	0	1
861	0x35D	85AE	85 AE	0x3BEDDE	0	97	0		0	0	1	1
862	0x35E	85AF	85 AF	0x3BEE80	0	105	0		1	0	0	1
863	0x35F	85B0	85 B0	0x3BEF22	0	108	0		1	0	0	1
864	0x360	85B1	85 B1	0x3BEFC4	0	95	0		0	0	1	1
865	0x361	85B2	85 B2	0x3BF066	0	89	0		0	0	1	1
866	0x362	85B3	85 B3	0x3BF108	0	96	0		1	0	0	1
867	0x363	85B4	85 B4	0x3BF1AA	0	84	0		1	0	0	1
868	0x364	85B5	85 B5	0x3BF24C	0	93	0		0	0	1	1
869	0x365	85B6	85 B6	0x3BF2EE	0	92	0		0	0	1	1
870	0x366	85B7	85 B7	0x3BF390	0	94	0		1	0	0	1
871	0x367	85B8	85 B8	0x3BF432	0	67	0		0	0	1	1
872	0x368	85B9	85 B9	0x3BF4D4	0	100	0		0	0	1	1
873	0x369	85BA	85 BA	0x3BF576	0	103	0		2	0	0	1
874	0x36A	85BB	85 BB	0x3BF618	0	96	0		3	0	0	1
875	0x36B	85BC	85 BC	0x3BF6BA	0	100	0		0	0	1	1
876	0x36C	85BD	85 BD	0x3BF75C	0	70	0		4	0	0	1
877	0x36D	85BE	85 BE	0x3BF7FE	0	89	0		2	0	0	1
878	0x36E	85BF	85 BF	0x3BF8A0	0	81	0		0	0	1	1
879	0x36F	85C0	85 C0	0x3BF942	0	75	0		0	0	1	1
880	0x370	85C1	85 C1	0x3BF9E4	0	90	0		0	0	1	1
881	0x371	85C2	85 C2	0x3BFA86	0	92	0		4	0	0	1
882	0x372	85C3	85 C3	0x3BFB28	0	101	0		2	0	0	1
883	0x373	85C4	85 C4	0x3BFBCA	0	72	0		3	0	0	1
884	0x374	85C5	85 C5	0x3BFC6C	0	97	0		0	0	1	1
885	0x375	85C6	85 C6	0x3BFD0E	0	84	0		0	0	1	1
886	0x376	85C7	85 C7	0x3BFDB0	0	102	0		0	0	1	1
887	0x377	85C8	85 C8	0x3BFE52	0	88	0		0	0	1	1
888	0x378	85C9	85 C9	0x3BFEF4	0	106	0		4	0	0	1
889	0x379	85CA	85 CA	0x3BFF96	0	95	0		1	0	0	1
890	0x37A	85CB	85 CB	0x3C0038	0	84	0		0	0	1	1
891	0x37B	85CC	85 CC	0x3C00DA	0	94	0		0	0	1	1
892	0x37C	85CD	85 CD	0x3C017C	0	102	0		1	0	0	1
893	0x37D	85CE	85 CE	0x3C021E	0	96	0		0	0	1	1
894	0x37E	85CF	85 CF	0x3C02C0	0	96	0		2	0	0	1
895	0x37F	85D0	85 D0	0x3C0362	0	96	0		0	0	1	1
896	0x380	85D1	85 D1	0x3C0404	0	92	0		0	0	1	1
897	0x381	85D2	85 D2	0x3C04A6	0	98	0		1	0	0	1
898	0x382	85D3	85 D3	0x3C0548	0	95	0		2	0	0	1
899	0x383	85D4	85 D4	0x3C05EA	0	96	0		1	0	0	1
900	0x384	85D5	85 D5	0x3C068C	0	69	0		0	0	1	1
901	0x385	85D6	85 D6	0x3C072E	0	72	0		1	0	0	1
902	0x386	85D7	85 D7	0x3C07D0	0	78	0		2	0	0	1
903	0x387	85D8	85 D8	0x3C0872	0	98	0		2	0	0	1
904	0x388	85D9	85 D9	0x3C0914	0	81	0		0	0	1	1
905	0x389	85DA	85 DA	0x3C09B6	0	97	0		1	0	0	1
906	0x38A	85DB	85 DB	0x3C0A58	0	94	0		1	0	0	1
907	0x38B	85DC	85 DC	0x3C0AFA	0	78	0		0	0	1	1
908	0x38C	85DD	85 DD	0x3C0B9C	0	101	0		1	0	0	1
909	0x38D	85DE	85 DE	0x3C0C3E	0	93	0		0	0	1	1
910	0x38E	85DF	85 DF	0x3C0CE0	0	95	0		1	0	0	1
911	0x38F	85E0	85 E0	0x3C0D82	0	93	0		0	0	1	1
912	0x390	85E1	85 E1	0x3C0E24	0	100	0		0	0	1	1
913	0x391	85E2	85 E2	0x3C0EC6	0	102	0		4	0	0	1
914	0x392	85E3	85 E3	0x3C0F68	0	69	0		2	0	0	1
915	0x393	85E4	85 E4	0x3C100A	0	86	0		0	0	1	1
916	0x394	85E5	85 E5	0x3C10AC	0	88	0		0	0	1	1
917	0x395	85E6	85 E6	0x3C114E	0	81	0		0	0	1	1
918	0x396	85E7	85 E7	0x3C11F0	0	93	0		2	0	0	1
919	0x397	85E8	85 E8	0x3C1292	0	86	0		1	0	0	1
920	0x398	85E9	85 E9	0x3C1334	0	71	0		0	0	1	1
921	0x399	85EA	85 EA	0x3C13D6	0	97	0		0	0	1	1
922	0x39A	85EB	85 EB	0x3C1478	0	83	0		0	0	1	1
923	0x39B	85EC	85 EC	0x3C151A	0	80	0		0	0	1	1
924	0x39C	85ED	85 ED	0x3C15BC	0	79	0		2	0	0	1
925	0x39D	85EE	85 EE	0x3C165E	0	98	0		0	0	1	1
926	0x39E	85EF	85 EF	0x3C1700	0	80	0		0	0	1	1
927	0x39F	85F0	85 F0	0x3C17A2	0	93	0		4	0	0	1
928	0x3A0	85F1	85 F1	0x3C1844	0	78	0		2	0	0	1
929	0x3A1	85F2	85 F2	0x3C18E6	0	99	0		2	0	0	1
930	0x3A2	85F3	85 F3	0x3C1988	0	97	0		1	0	0	1
931	0x3A3	85F4	85 F4	0x3C1A2A	0	93	0		0	0	1	1
932	0x3A4	85F5	85 F5	0x3C1ACC	0	102	0		1	0	0	1
933	0x3A5	85F6	85 F6	0x3C1B6E	0	92	0		0	0	1	1
934	0x3A6	85F7	85 F7	0x3C1C10	0	114	0		0	0	1	1
935	0x3A7	85F8	85 F8	0x3C1CB2	0	106	0		0	0	1	1
936	0x3A8	85F9	85 F9	0x3C1D54	0	102	0		0	0	1	1
937	0x3A9	85FA	85 FA	0x3C1DF6	0	84	0		0	0	1	1
938	0x3AA	85FB	85 FB	0x3C1E98	0	77	0		1	0	0	1
939	0x3AB	85FC	85 FC	0x3C1F3A	0	102	0		0	0	1	1
940	0x3AC	8640	86 40	0x3C1FDC	0	84	0		5	0	0	1
941	0x3AD	8641	86 41	0x3C207E	0	73	0		2	0	0	1
942	0x3AE	8642	86 42	0x3C2120	0	101	0		0	0	1	1
943	0x3AF	8643	86 43	0x3C21C2	0	84	0		3	0	0	1
944	0x3B0	8644	86 44	0x3C2264	0	101	0		1	0	0	1
945	0x3B1	8645	86 45	0x3C2306	0	94	0		0	0	1	1
946	0x3B2	8646	86 46	0x3C23A8	0	81	0		6	0	0	1
947	0x3B3	8647	86 47	0x3C244A	0	77	0		3	0	0	1
948	0x3B4	8648	86 48	0x3C24EC	0	87	0		0	0	1	1
949	0x3B5	8649	86 49	0x3C258E	0	93	0		1	0	0	1
950	0x3B6	864A	86 4A	0x3C2630	0	99	0		3	0	0	1
951	0x3B7	864B	86 4B	0x3C26D2	0	91	0		3	0	0	1
952	0x3B8	864C	86 4C	0x3C2774	0	99	0		1	0	0	1
953	0x3B9	864D	86 4D	0x3C2816	0	84	0		4	0	0	1
954	0x3BA	864E	86 4E	0x3C28B8	0	87	0		1	0	0	1
955	0x3BB	864F	86 4F	0x3C295A	0	101	0		0	0	1	1
956	0x3BC	8650	86 50	0x3C29FC	0	101	0		3	0	0	1
957	0x3BD	8651	86 51	0x3C2A9E	0	86	0		2	0	0	1
958	0x3BE	8652	86 52	0x3C2B40	0	76	0		1	0	0	1
959	0x3BF	8653	86 53	0x3C2BE2	0	99	0		3	0	0	1
960	0x3C0	8654	86 54	0x3C2C84	0	85	0		1	0	0	1
961	0x3C1	8655	86 55	0x3C2D26	0	103	0		0	0	1	1
962	0x3C2	8656	86 56	0x3C2DC8	0	99	0		1	0	0	1
963	0x3C3	8657	86 57	0x3C2E6A	0	104	0		1	0	0	1
964	0x3C4	8658	86 58	0x3C2F0C	0	102	0		0	0	1	1
965	0x3C5	8659	86 59	0x3C2FAE	0	90	0		0	0	1	1
966	0x3C6	865A	86 5A	0x3C3050	0	89	0		3	0	0	1
967	0x3C7	865B	86 5B	0x3C30F2	0	103	0		1	0	0	1
968	0x3C8	865C	86 5C	0x3C3194	0	95	0		1	0	0	1
969	0x3C9	865D	86 5D	0x3C3236	0	106	0		1	0	0	1
970	0x3CA	865E	86 5E	0x3C32D8	0	108	0		0	0	1	1
971	0x3CB	865F	86 5F	0x3C337A	0	97	0		0	0	1	1
972	0x3CC	8660	86 60	0x3C341C	0	109	0		1	0	0	1
973	0x3CD	8661	86 61	0x3C34BE	0	66	0		2	0	0	1
974	0x3CE	8662	86 62	0x3C3560	0	70	0		5	0	0	1
975	0x3CF	8663	86 63	0x3C3602	0	93	0		0	0	1	1
976	0x3D0	8664	86 64	0x3C36A4	0	95	0		1	0	0	1
977	0x3D1	8665	86 65	0x3C3746	0	101	0		0	0	1	1
978	0x3D2	8666	86 66	0x3C37E8	0	92	0		2	0	0	1
979	0x3D3	8667	86 67	0x3C388A	0	78	0		0	0	1	1
980	0x3D4	8668	86 68	0x3C392C	0	84	0		0	0	1	1
981	0x3D5	8669	86 69	0x3C39CE	0	84	0		0	0	1	1
982	0x3D6	866A	86 6A	0x3C3A70	0	77	0		0	0	1	1
983	0x3D7	866B	86 6B	0x3C3B12	0	80	0		0	0	1	1
984	0x3D8	866C	86 6C	0x3C3BB4	0	94	0		0	0	1	1
985	0x3D9	866D	86 6D	0x3C3C56	0	84	0		2	0	0	1
986	0x3DA	866E	86 6E	0x3C3CF8	0	88	0		2	0	0	1
987	0x3DB	866F	86 6F	0x3C3D9A	0	57	0		2	0	0	1
988	0x3DC	8670	86 70	0x3C3E3C	0	58	0		9	0	0	1
989	0x3DD	8671	86 71	0x3C3EDE	0	88	0		0	0	1	1
990	0x3DE	8672	86 72	0x3C3F80	0	83	0		22	0	0	1
991	0x3DF	8673	86 73	0x3C4022	0	70	0		4	0	0	1
992	0x3E0	8674	86 74	0x3C40C4	0	86	0		1	0	0	1
993	0x3E1	8675	86 75	0x3C4166	0	80	0		4	0	0	1
994	0x3E2	8676	86 76	0x3C4208	0	55	0		3	0	0	1
995	0x3E3	8677	86 77	0x3C42AA	0	85	0		2	0	0	1
996	0x3E4	8678	86 78	0x3C434C	0	93	0		5	0	0	1
997	0x3E5	8679	86 79	0x3C43EE	0	84	0		1	0	0	1
998	0x3E6	867A	86 7A	0x3C4490	0	78	0		0	0	1	1
999	0x3E7	867B	86 7B	0x3C4532	0	83	0		0	0	1	1
1000	0x3E8	867C	86 7C	0x3C45D4	0	73	0		2	0	0	1
1001	0x3E9	867D	86 7D	0x3C4676	0	72	0		2	0	0	1
1002	0x3EA	867E	86 7E	0x3C4718	0	95	0		2	0	0	1
1003	0x3EB	8680	86 80	0x3C47BA	0	85	0		2	0	0	1
1004	0x3EC	8681	86 81	0x3C485C	0	94	0		2	0	0	1
1005	0x3ED	8682	86 82	0x3C48FE	0	79	0		25	0	0	1
1006	0x3EE	8683	86 83	0x3C49A0	0	93	0		1	0	0	1
1007	0x3EF	8684	86 84	0x3C4A42	0	85	0		0	0	1	1
1008	0x3F0	8685	86 85	0x3C4AE4	0	93	0		0	0	1	1
1009	0x3F1	8686	86 86	0x3C4B86	0	74	0		0	0	1	1
1010	0x3F2	8687	86 87	0x3C4C28	0	54	0		0	0	1	1
1011	0x3F3	8688	86 88	0x3C4CCA	0	61	0		1	0	0	1
1012	0x3F4	8689	86 89	0x3C4D6C	0	87	0		1	0	0	1
1013	0x3F5	868A	86 8A	0x3C4E0E	0	59	0		2	0	0	1
1014	0x3F6	868B	86 8B	0x3C4EB0	0	84	0		0	0	1	1
1015	0x3F7	868C	86 8C	0x3C4F52	0	97	0		1	0	0	1
1016	0x3F8	868D	86 8D	0x3C4FF4	0	82	0		1	0	0	1
1017	0x3F9	868E	86 8E	0x3C5096	0	91	0		0	0	1	1
1018	0x3FA	868F	86 8F	0x3C5138	0	90	0		3	0	0	1
1019	0x3FB	8690	86 90	0x3C51DA	0	87	0		1	0	0	1
1020	0x3FC	8691	86 91	0x3C527C	0	93	0		1	0	0	1
1021	0x3FD	8692	86 92	0x3C531E	0	106	0		2	0	0	1
1022	0x3FE	8693	86 93	0x3C53C0	0	102	0		2	0	0	1
1023	0x3FF	8694	86 94	0x3C5462	0	95	0		0	0	1	1
1024	0x400	8695	86 95	0x3C5504	0	77	0		0	0	1	1
1025	0x401	8696	86 96	0x3C55A6	0	69	0		2	0	0	1
1026	0x402	8697	86 97	0x3C5648	0	74	0		0	0	1	1
1027	0x403	8698	86 98	0x3C56EA	0	69	0		1	0	0	1
1028	0x404	8699	86 99	0x3C578C	0	84	0		0	0	1	1
1029	0x405	869A	86 9A	0x3C582E	0	93	0		1	0	0	1
1030	0x406	869B	86 9B	0x3C58D0	0	101	0		0	0	1	1
1031	0x407	869C	86 9C	0x3C5972	0	74	0		0	0	1	1
1032	0x408	869D	86 9D	0x3C5A14	0	102	0		2	0	0	1
1033	0x409	869E	86 9E	0x3C5AB6	0	72	0		0	0	1	1
1034	0x40A	869F	86 9F	0x3C5B58	0	73	0		0	0	1	1
1035	0x40B	86A0	86 A0	0x3C5BFA	0	98	0		1	0	0	1
1036	0x40C	86A1	86 A1	0x3C5C9C	0	71	0		0	0	1	1
1037	0x40D	86A2	86 A2	0x3C5D3E	0	96	0		1	0	0	1
1038	0x40E	86A3	86 A3	0x3C5DE0	0	70	0		0	0	1	1
1039	0x40F	86A4	86 A4	0x3C5E82	0	89	0		3	0	0	1
1040	0x410	86A5	86 A5	0x3C5F24	0	98	0		0	0	1	1
1041	0x411	86A6	86 A6	0x3C5FC6	0	86	0		0	0	1	1
1042	0x412	86A7	86 A7	0x3C6068	0	96	0		1	0	0	1
1043	0x413	86A8	86 A8	0x3C610A	0	96	0		0	0	1	1
1044	0x414	86A9	86 A9	0x3C61AC	0	86	0		0	0	1	1
1045	0x415	86AA	86 AA	0x3C624E	0	95	0		3	0	0	1
1046	0x416	86AB	86 AB	0x3C62F0	0	89	0		0	0	1	1
1047	0x417	86AC	86 AC	0x3C6392	0	93	0		2	0	0	1
1048	0x418	86AD	86 AD	0x3C6434	0	96	0		1	0	0	1
1049	0x419	86AE	86 AE	0x3C64D6	0	109	0		2	0	0	1
1050	0x41A	86AF	86 AF	0x3C6578	0	85	0		1	0	0	1
1051	0x41B	86B0	86 B0	0x3C661A	0	81	0		0	0	1	1
1052	0x41C	86B1	86 B1	0x3C66BC	0	98	0		0	0	1	1
1053	0x41D	86B2	86 B2	0x3C675E	0	103	0		0	0	1	1
1054	0x41E	86B3	86 B3	0x3C6800	0	101	0		2	0	0	1
1055	0x41F	86B4	86 B4	0x3C68A2	0	86	0		0	0	1	1
1056	0x420	86B5	86 B5	0x3C6944	0	98	0		0	0	1	1
1057	0x421	86B6	86 B6	0x3C69E6	0	94	0		0	0	1	1
1058	0x422	86B7	86 B7	0x3C6A88	0	97	0		1	0	0	1
1059	0x423	86B8	86 B8	0x3C6B2A	0	102	0		0	0	1	1
1060	0x424	86B9	86 B9	0x3C6BCC	0	97	0		0	0	1	1
1061	0x425	86BA	86 BA	0x3C6C6E	0	97	0		0	0	1	1
1062	0x426	86BB	86 BB	0x3C6D10	0	94	0		0	0	1	1
1063	0x427	86BC	86 BC	0x3C6DB2	0	83	0		1	0	0	1
1064	0x428	86BD	86 BD	0x3C6E54	0	95	0		1	0	0	1
1065	0x429	86BE	86 BE	0x3C6EF6	0	88	0		1	0	0	1
1066	0x42A	86BF	86 BF	0x3C6F98	0	101	0		0	0	1	1
1067	0x42B	86C0	86 C0	0x3C703A	0	86	0		0	0	1	1
1068	0x42C	86C1	86 C1	0x3C70DC	0	82	0		0	0	1	1
1069	0x42D	86C2	86 C2	0x3C717E	0	84	0		2	0	0	1
1070	0x42E	86C3	86 C3	0x3C7220	0	97	0		0	0	1	1
1071	0x42F	86C4	86 C4	0x3C72C2	0	51	0		0	0	1	1
1072	0x430	86C5	86 C5	0x3C7364	0	102	0		2	0	0	1
1073	0x431	86C6	86 C6	0x3C7406	0	84	0		3	0	0	1
1074	0x432	86C7	86 C7	0x3C74A8	0	94	0		0	0	1	1
1075	0x433	86C8	86 C8	0x3C754A	0	100	0		0	0	1	1
1076	0x434	86C9	86 C9	0x3C75EC	0	79	0		0	0	1	1
1077	0x435	86CA	86 CA	0x3C768E	0	71	0		0	0	1	1
1078	0x436	86CB	86 CB	0x3C7730	0	99	0		1	0	0	1
1079	0x437	86CC	86 CC	0x3C77D2	0	59	0		0	0	1	1
1080	0x438	86CD	86 CD	0x3C7874	0	85	0		1	0	0	1
1081	0x439	86CE	86 CE	0x3C7916	0	95	0		1	0	0	1
1082	0x43A	86CF	86 CF	0x3C79B8	0	82	0		1	0	0	1
1083	0x43B	86D0	86 D0	0x3C7A5A	0	95	0		2	0	0	1
1084	0x43C	86D1	86 D1	0x3C7AFC	0	88	0		2	0	0	1
1085	0x43D	86D2	86 D2	0x3C7B9E	0	97	0		1	0	0	1
1086	0x43E	86D3	86 D3	0x3C7C40	0	90	0		3	0	0	1
1087	0x43F	86D4	86 D4	0x3C7CE2	0	76	0		1	0	0	1
1088	0x440	86D5	86 D5	0x3C7D84	0	101	0		1	0	0	1
1089	0x441	86D6	86 D6	0x3C7E26	0	85	0		0	0	1	1
1090	0x442	86D7	86 D7	0x3C7EC8	0	107	0		0	0	1	1
1091	0x443	86D8	86 D8	0x3C7F6A	0	94	0		0	0	1	1
1092	0x444	86D9	86 D9	0x3C800C	0	83	0		1	0	0	1
1093	0x445	86DA	86 DA	0x3C80AE	0	73	0		0	0	1	1
1094	0x446	86DB	86 DB	0x3C8150	0	77	0		0	0	1	1
1095	0x447	86DC	86 DC	0x3C81F2	0	91	0		0	0	1	1
1096	0x448	86DD	86 DD	0x3C8294	0	64	0		1	0	0	1
1097	0x449	86DE	86 DE	0x3C8336	0	88	0		1	0	0	1
1098	0x44A	86DF	86 DF	0x3C83D8	0	63	0		1	0	0	1
1099	0x44B	86E0	86 E0	0x3C847A	0	79	0		1	0	0	1
1100	0x44C	86E1	86 E1	0x3C851C	0	95	0		0	0	1	1
1101	0x44D	86E2	86 E2	0x3C85BE	0	77	0		0	0	1	1
1102	0x44E	86E3	86 E3	0x3C8660	0	94	0		1	0	0	1
1103	0x44F	86E4	86 E4	0x3C8702	0	77	0		0	0	1	1
1104	0x450	86E5	86 E5	0x3C87A4	0	99	0		2	0	0	1
1105	0x451	86E6	86 E6	0x3C8846	0	98	0		1	0	0	1
1106	0x452	86E7	86 E7	0x3C88E8	0	86	0		1	0	0	1
1107	0x453	86E8	86 E8	0x3C898A	0	103	0		3	0	0	1
1108	0x454	86E9	86 E9	0x3C8A2C	0	80	0		0	0	1	1
1109	0x455	86EA	86 EA	0x3C8ACE	0	94	0		1	0	0	1
1110	0x456	86EB	86 EB	0x3C8B70	0	89	0		0	0	1	1
1111	0x457	86EC	86 EC	0x3C8C12	0	85	0		0	0	1	1
1112	0x458	86ED	86 ED	0x3C8CB4	0	74	0		0	0	1	1
1113	0x459	86EE	86 EE	0x3C8D56	0	93	0		0	0	1	1
1114	0x45A	86EF	86 EF	0x3C8DF8	0	93	0		1	0	0	1
1115	0x45B	86F0	86 F0	0x3C8E9A	0	98	0		1	0	0	1
1116	0x45C	86F1	86 F1	0x3C8F3C	0	106	0		1	0	0	1
1117	0x45D	86F2	86 F2	0x3C8FDE	0	76	0		1	0	0	1
1118	0x45E	86F3	86 F3	0x3C9080	0	101	0		3	0	0	1
1119	0x45F	86F4	86 F4	0x3C9122	0	95	0		0	0	1	1
1120	0x460	86F5	86 F5	0x3C91C4	0	87	0		0	0	1	1
1121	0x461	86F6	86 F6	0x3C9266	0	88	0		1	0	0	1
1122	0x462	86F7	86 F7	0x3C9308	0	96	0		1	0	0	1
1123	0x463	86F8	86 F8	0x3C93AA	0	93	0		0	0	1	1
1124	0x464	86F9	86 F9	0x3C944C	0	83	0		1	0	0	1
1125	0x465	86FA	86 FA	0x3C94EE	0	95	0		2	0	0	1
1126	0x466	86FB	86 FB	0x3C9590	0	99	0		0	0	1	1
1127	0x467	86FC	86 FC	0x3C9632	0	86	0		2	0	0	1
1128	0x468	8740	87 40	0x3C96D4	0	101	0		1	0	0	1
1129	0x469	8741	87 41	0x3C9776	0	90	0		2	1	0	0
1130	0x46A	8742	87 42	0x3C9818	0	85	0		0	2	0	0
1131	0x46B	8743	87 43	0x3C98BA	0	82	0		3	1	0	0
1132	0x46C	8744	87 44	0x3C995C	0	102	0		3	0	0	1
1133	0x46D	8745	87 45	0x3C99FE	0	90	0		3	0	0	1
1134	0x46E	8746	87 46	0x3C9AA0	0	97	0		2	1	0	0
1135	0x46F	8747	87 47	0x3C9B42	0	100	0		1	0	0	1
1136	0x470	8748	87 48	0x3C9BE4	0	81	0		0	0	1	1
1137	0x471	8749	87 49	0x3C9C86	0	86	0		1	1	0	0
1138	0x472	874A	87 4A	0x3C9D28	0	94	0		1	0	0	1
1139	0x473	874B	87 4B	0x3C9DCA	0	86	0		3	1	0	0
1140	0x474	874C	87 4C	0x3C9E6C	0	73	0		0	0	1	1
1141	0x475	874D	87 4D	0x3C9F0E	0	94	0		5	0	0	1
1142	0x476	874E	87 4E	0x3C9FB0	0	84	0		0	0	1	1
1143	0x477	874F	87 4F	0x3CA052	0	90	0		0	1	0	0
1144	0x478	8750	87 50	0x3CA0F4	0	92	0		0	0	1	1
1145	0x479	8751	87 51	0x3CA196	0	94	0		1	0	0	1
1146	0x47A	8752	87 52	0x3CA238	0	101	0		2	0	0	1
1147	0x47B	8753	87 53	0x3CA2DA	0	92	0		0	1	0	0
1148	0x47C	8754	87 54	0x3CA37C	0	61	0		2	0	0	1
1149	0x47D	8755	87 55	0x3CA41E	0	84	0		1	1	0	0
1150	0x47E	8756	87 56	0x3CA4C0	0	61	0		1	2	0	0
1151	0x47F	8757	87 57	0x3CA562	0	76	0		0	0	1	1
1152	0x480	8758	87 58	0x3CA604	0	84	0		1	0	0	1
1153	0x481	8759	87 59	0x3CA6A6	0	86	0		0	0	1	1
1154	0x482	875A	87 5A	0x3CA748	0	86	0		0	1	0	0
1155	0x483	875B	87 5B	0x3CA7EA	0	91	0		0	0	1	1
1156	0x484	875C	87 5C	0x3CA88C	0	86	0		0	1	0	0
1157	0x485	875D	87 5D	0x3CA92E	0	90	0		9	3	0	0
1158	0x486	875E	87 5E	0x3CA9D0	0	94	0		1	0	0	1
1159	0x487	875F	87 5F	0x3CAA72	0	96	0		0	2	0	0
1160	0x488	8760	87 60	0x3CAB14	0	98	0		1	1	0	0
1161	0x489	8761	87 61	0x3CABB6	0	105	0		0	0	1	1
1162	0x48A	8762	87 62	0x3CAC58	0	98	0		2	2	0	0
1163	0x48B	8763	87 63	0x3CACFA	0	83	0		2	0	0	1
1164	0x48C	8764	87 64	0x3CAD9C	0	84	0		0	0	1	1
1165	0x48D	8765	87 65	0x3CAE3E	0	92	0		1	1	0	0
1166	0x48E	8766	87 66	0x3CAEE0	0	83	0		1	0	0	1
1167	0x48F	8767	87 67	0x3CAF82	0	106	0		1	0	0	1
1168	0x490	8768	87 68	0x3CB024	0	73	0		1	0	0	1
1169	0x491	8769	87 69	0x3CB0C6	0	93	0		0	1	0	0
1170	0x492	876A	87 6A	0x3CB168	0	108	0		0	0	1	1
1171	0x493	876B	87 6B	0x3CB20A	0	92	0		0	1	0	0
1172	0x494	876C	87 6C	0x3CB2AC	0	87	0		0	0	1	1
1173	0x495	876D	87 6D	0x3CB34E	0	80	0		1	2	0	0
1174	0x496	876E	87 6E	0x3CB3F0	0	98	0		1	0	0	1
1175	0x497	876F	87 6F	0x3CB492	0	90	0		1	0	0	1
1176	0x498	8770	87 70	0x3CB534	0	81	0		0	0	1	1
1177	0x499	8771	87 71	0x3CB5D6	0	98	0		0	2	0	0
1178	0x49A	8772	87 72	0x3CB678	0	93	0		6	1	0	0
1179	0x49B	8773	87 73	0x3CB71A	0	93	0		5	0	0	1
1180	0x49C	8774	87 74	0x3CB7BC	0	102	0		0	0	1	1
1181	0x49D	8775	87 75	0x3CB85E	0	102	0		2	35	0	0
1182	0x49E	8776	87 76	0x3CB900	0	70	0		0	0	1	1
1183	0x49F	8777	87 77	0x3CB9A2	0	86	0		2	0	0	1
1184	0x4A0	8778	87 78	0x3CBA44	0	100	0		0	0	1	1
1185	0x4A1	8779	87 79	0x3CBAE6	0	102	0		1	0	0	1
1186	0x4A2	877A	87 7A	0x3CBB88	0	100	0		0	0	1	1
1187	0x4A3	877B	87 7B	0x3CBC2A	0	88	0		0	0	1	1
1188	0x4A4	877C	87 7C	0x3CBCCC	0	96	0		1	0	0	1
1189	0x4A5	877D	87 7D	0x3CBD6E	0	97	0		1	0	0	1
1190	0x4A6	877E	87 7E	0x3CBE10	0	89	0		0	0	1	1
1191	0x4A7	8780	87 80	0x3CBEB2	0	105	0		0	111	0	0
1192	0x4A8	8781	87 81	0x3CBF54	0	65	0		14	2	0	0
1193	0x4A9	8782	87 82	0x3CBFF6	0	81	0		1	6	0	0
1194	0x4AA	8783	87 83	0x3CC098	0	96	0		0	0	1	1
1195	0x4AB	8784	87 84	0x3CC13A	0	64	0		1	0	0	1
1196	0x4AC	8785	87 85	0x3CC1DC	0	91	0		0	1	0	0
1197	0x4AD	8786	87 86	0x3CC27E	0	70	0		0	1	0	0
1198	0x4AE	8787	87 87	0x3CC320	0	91	0		2	21	0	0
1199	0x4AF	8788	87 88	0x3CC3C2	0	64	0		0	8	0	0
1200	0x4B0	8789	87 89	0x3CC464	0	81	0		0	0	1	1
1201	0x4B1	878A	87 8A	0x3CC506	0	88	0		2	4	0	0
1202	0x4B2	878B	87 8B	0x3CC5A8	0	99	0		0	4	0	0
1203	0x4B3	878C	87 8C	0x3CC64A	0	96	0		0	1	0	0
1204	0x4B4	878D	87 8D	0x3CC6EC	0	94	0		3	1	0	0
1205	0x4B5	878E	87 8E	0x3CC78E	0	86	0		1	1	0	0
1206	0x4B6	878F	87 8F	0x3CC830	0	94	0		0	1	0	0
1207	0x4B7	8790	87 90	0x3CC8D2	0	88	0		2	0	0	1
1208	0x4B8	8791	87 91	0x3CC974	0	97	0		0	0	1	1
1209	0x4B9	8792	87 92	0x3CCA16	0	82	0		2	0	0	1
1210	0x4BA	8793	87 93	0x3CCAB8	0	109	0		0	1	0	0
1211	0x4BB	8794	87 94	0x3CCB5A	0	96	0		0	3	0	0
1212	0x4BC	8795	87 95	0x3CCBFC	0	96	0		0	0	1	1
1213	0x4BD	8796	87 96	0x3CCC9E	0	110	0		1	0	0	1
1214	0x4BE	8797	87 97	0x3CCD40	0	83	0		0	0	1	1
1215	0x4BF	8798	87 98	0x3CCDE2	0	98	0		1	2	0	0
1216	0x4C0	8799	87 99	0x3CCE84	0	93	0		0	0	1	1
1217	0x4C1	879A	87 9A	0x3CCF26	0	99	0		1	0	0	1
1218	0x4C2	879B	87 9B	0x3CCFC8	0	83	0		1	0	0	1
1219	0x4C3	879C	87 9C	0x3CD06A	0	58	0		0	0	1	1
1220	0x4C4	879D	87 9D	0x3CD10C	0	99	0		0	0	1	1
1221	0x4C5	879E	87 9E	0x3CD1AE	0	90	0		0	0	1	1
1222	0x4C6	879F	87 9F	0x3CD250	0	94	0		0	0	1	1
1223	0x4C7	87A0	87 A0	0x3CD2F2	0	100	0		1	0	0	1
1224	0x4C8	87A1	87 A1	0x3CD394	0	85	0		0	0	1	1
1225	0x4C9	87A2	87 A2	0x3CD436	0	86	0		2	0	0	1
1226	0x4CA	87A3	87 A3	0x3CD4D8	0	79	0		1	0	0	1
1227	0x4CB	87A4	87 A4	0x3CD57A	0	98	0		0	0	1	1
1228	0x4CC	87A5	87 A5	0x3CD61C	0	85	0		2	0	0	1
1229	0x4CD	87A6	87 A6	0x3CD6BE	0	81	0		0	0	1	1
1230	0x4CE	87A7	87 A7	0x3CD760	0	84	0		0	0	1	1
1231	0x4CF	87A8	87 A8	0x3CD802	0	102	0		0	0	1	1
1232	0x4D0	87A9	87 A9	0x3CD8A4	0	92	0		0	0	1	1
1233	0x4D1	87AA	87 AA	0x3CD946	0	104	0		1	0	0	1
1234	0x4D2	87AB	87 AB	0x3CD9E8	0	103	0		0	0	1	1
1235	0x4D3	87AC	87 AC	0x3CDA8A	0	105	0		5	0	0	1
1236	0x4D4	87AD	87 AD	0x3CDB2C	0	68	0		1	0	0	1
1237	0x4D5	87AE	87 AE	0x3CDBCE	0	86	0		0	0	1	1
1238	0x4D6	87AF	87 AF	0x3CDC70	0	93	0		0	0	1	1
1239	0x4D7	87B0	87 B0	0x3CDD12	0	73	0		2	0	0	1
1240	0x4D8	87B1	87 B1	0x3CDDB4	0	89	0		0	0	1	1
1241	0x4D9	87B2	87 B2	0x3CDE56	0	94	0		2	0	0	1
1242	0x4DA	87B3	87 B3	0x3CDEF8	0	99	0		2	0	0	1
1243	0x4DB	87B4	87 B4	0x3CDF9A	0	73	0		1	0	0	1
1244	0x4DC	87B5	87 B5	0x3CE03C	0	94	0		0	0	1	1
1245	0x4DD	87B6	87 B6	0x3CE0DE	0	90	0		1	0	0	1
1246	0x4DE	87B7	87 B7	0x3CE180	0	100	0		1	0	0	1
1247	0x4DF	87B8	87 B8	0x3CE222	0	60	0		0	0	1	1
1248	0x4E0	87B9	87 B9	0x3CE2C4	0	98	0		1	0	0	1
1249	0x4E1	87BA	87 BA	0x3CE366	0	92	0		1	0	0	1
1250	0x4E2	87BB	87 BB	0x3CE408	0	66	0		1	0	0	1
1251	0x4E3	87BC	87 BC	0x3CE4AA	0	101	0		0	0	1	1
1252	0x4E4	87BD	87 BD	0x3CE54C	0	63	0		1	0	0	1
1253	0x4E5	87BE	87 BE	0x3CE5EE	0	70	0		1	0	0	1
1254	0x4E6	87BF	87 BF	0x3CE690	0	88	0		1	0	0	1
1255	0x4E7	87C0	87 C0	0x3CE732	0	88	0		0	0	1	1
1256	0x4E8	87C1	87 C1	0x3CE7D4	0	93	0		0	0	1	1
1257	0x4E9	87C2	87 C2	0x3CE876	0	58	0		2	0	0	1
1258	0x4EA	87C3	87 C3	0x3CE918	0	87	0		1	0	0	1
1259	0x4EB	87C4	87 C4	0x3CE9BA	0	95	0		0	0	1	1
1260	0x4EC	87C5	87 C5	0x3CEA5C	0	51	0		1	0	0	1
1261	0x4ED	87C6	87 C6	0x3CEAFE	0	86	0		0	0	1	1
1262	0x4EE	87C7	87 C7	0x3CEBA0	0	89	0		2	0	0	1
1263	0x4EF	87C8	87 C8	0x3CEC42	0	100	0		0	0	1	1
1264	0x4F0	87C9	87 C9	0x3CECE4	0	93	0		0	0	1	1
1265	0x4F1	87CA	87 CA	0x3CED86	0	103	0		2	0	0	1
1266	0x4F2	87CB	87 CB	0x3CEE28	0	91	0		1	0	0	1
1267	0x4F3	87CC	87 CC	0x3CEECA	0	101	0		1	0	0	1
1268	0x4F4	87CD	87 CD	0x3CEF6C	0	88	0		1	0	0	1
1269	0x4F5	87CE	87 CE	0x3CF00E	0	93	0		0	0	1	1
1270	0x4F6	87CF	87 CF	0x3CF0B0	0	91	0		1	0	0	1
1271	0x4F7	87D0	87 D0	0x3CF152	0	83	0		3	0	0	1
1272	0x4F8	87D1	87 D1	0x3CF1F4	0	84	0		0	0	1	1
1273	0x4F9	87D2	87 D2	0x3CF296	0	90	0		0	0	1	1
1274	0x4FA	87D3	87 D3	0x3CF338	0	90	0		2	0	0	1
1275	0x4FB	87D4	87 D4	0x3CF3DA	0	105	0		1	0	0	1
1276	0x4FC	87D5	87 D5	0x3CF47C	0	96	0		0	0	1	1
1277	0x4FD	87D6	87 D6	0x3CF51E	0	64	0		0	0	1	1
1278	0x4FE	87D7	87 D7	0x3CF5C0	0	60	0		0	0	1	1
1279	0x4FF	87D8	87 D8	0x3CF662	0	79	0		1	0	0	1
1280	0x500	87D9	87 D9	0x3CF704	0	52	0		1	0	0	1
1281	0x501	87DA	87 DA	0x3CF7A6	0	78	0		1	0	0	1
1282	0x502	87DB	87 DB	0x3CF848	0	77	0		2	0	0	1
1283	0x503	87DC	87 DC	0x3CF8EA	0	101	0		1	0	0	1
1284	0x504	87DD	87 DD	0x3CF98C	0	90	0		1	0	0	1
1285	0x505	87DE	87 DE	0x3CFA2E	0	96	0		0	0	1	1
1286	0x506	87DF	87 DF	0x3CFAD0	0	98	0		1	0	0	1
1287	0x507	87E0	87 E0	0x3CFB72	0	95	0		0	0	1	1
1288	0x508	87E1	87 E1	0x3CFC14	0	102	0		1	0	0	1
1289	0x509	87E2	87 E2	0x3CFCB6	0	88	0		0	0	1	1
1290	0x50A	87E3	87 E3	0x3CFD58	0	85	0		0	0	1	1
1291	0x50B	87E4	87 E4	0x3CFDFA	0	94	0		1	0	0	1
1292	0x50C	87E5	87 E5	0x3CFE9C	0	96	0		0	0	1	1
1293	0x50D	87E6	87 E6	0x3CFF3E	0	100	0		0	0	1	1
1294	0x50E	87E7	87 E7	0x3CFFE0	0	108	0		0	0	1	1
1295	0x50F	87E8	87 E8	0x3D0082	0	61	0		0	0	1	1
1296	0x510	87E9	87 E9	0x3D0124	0	104	0		1	0	0	1
1297	0x511	87EA	87 EA	0x3D01C6	0	79	0		0	0	1	1
1298	0x512	87EB	87 EB	0x3D0268	0	93	0		0	0	1	1
1299	0x513	87EC	87 EC	0x3D030A	0	95	0		0	0	1	1
1300	0x514	87ED	87 ED	0x3D03AC	0	98	0		0	0	1	1
1301	0x515	87EE	87 EE	0x3D044E	0	81	0		0	0	1	1
1302	0x516	87EF	87 EF	0x3D04F0	0	77	0		0	0	1	1
1303	0x517	87F0	87 F0	0x3D0592	0	70	0		3	0	0	1
1304	0x518	87F1	87 F1	0x3D0634	0	79	0		3	0	0	1
1305	0x519	87F2	87 F2	0x3D06D6	0	91	0		0	0	1	1
1306	0x51A	87F3	87 F3	0x3D0778	0	71	0		6	0	0	1
1307	0x51B	87F4	87 F4	0x3D081A	0	82	0		1	0	0	1
1308	0x51C	87F5	87 F5	0x3D08BC	0	45	0		0	0	1	1
1309	0x51D	87F6	87 F6	0x3D095E	0	79	0		0	0	1	1
1310	0x51E	87F7	87 F7	0x3D0A00	0	68	0		0	0	1	1
1311	0x51F	87F8	87 F8	0x3D0AA2	0	89	0		0	0	1	1
1312	0x520	87F9	87 F9	0x3D0B44	0	90	0		0	0	1	1
1313	0x521	87FA	87 FA	0x3D0BE6	0	91	0		0	0	1	1
1314	0x522	87FB	87 FB	0x3D0C88	0	82	0		1	0	0	1
1315	0x523	87FC	87 FC	0x3D0D2A	0	80	0		0	0	1	1
1316	0x524	8840	88 40	0x3D0DCC	0	77	0		2	0	0	1
1317	0x525	8841	88 41	0x3D0E6E	0	82	0		2	0	0	1
1318	0x526	8842	88 42	0x3D0F10	0	43	0		3	0	0	1
1319	0x527	8843	88 43	0x3D0FB2	0	67	0		1	0	0	1
1320	0x528	8844	88 44	0x3D1054	0	87	0		1	0	0	1
1321	0x529	8845	88 45	0x3D10F6	0	65	0		1	0	0	1
1322	0x52A	8846	88 46	0x3D1198	0	72	0		3	0	0	1
1323	0x52B	8847	88 47	0x3D123A	0	83	0		0	0	1	1
1324	0x52C	8848	88 48	0x3D12DC	0	94	0		1	0	0	1
1325	0x52D	8849	88 49	0x3D137E	0	81	0		0	0	1	1
1326	0x52E	884A	88 4A	0x3D1420	0	84	0		0	0	1	1
1327	0x52F	884B	88 4B	0x3D14C2	0	106	0		1	0	0	1
1328	0x530	884C	88 4C	0x3D1564	0	84	0		0	0	1	1
1329	0x531	884D	88 4D	0x3D1606	0	97	0		0	0	1	1
1330	0x532	884E	88 4E	0x3D16A8	0	94	0		0	0	1	1
1331	0x533	884F	88 4F	0x3D174A	0	73	0		0	0	1	1
1332	0x534	8850	88 50	0x3D17EC	0	82	0		3	0	0	1
1333	0x535	8851	88 51	0x3D188E	0	85	0		2	0	0	1
1334	0x536	8852	88 52	0x3D1930	0	71	0		1	0	0	1
1335	0x537	8853	88 53	0x3D19D2	0	93	0		3	0	0	1
1336	0x538	8854	88 54	0x3D1A74	0	90	0		1	0	0	1
1337	0x539	8855	88 55	0x3D1B16	0	96	0		0	0	1	1
1338	0x53A	8856	88 56	0x3D1BB8	0	106	0		0	0	1	1
1339	0x53B	8857	88 57	0x3D1C5A	0	65	0		0	0	1	1
1340	0x53C	8858	88 58	0x3D1CFC	0	90	0		1	0	0	1
1341	0x53D	8859	88 59	0x3D1D9E	0	86	0		1	0	0	1
1342	0x53E	885A	88 5A	0x3D1E40	0	94	0		1	0	0	1
1343	0x53F	885B	88 5B	0x3D1EE2	0	94	0		0	0	1	1
1344	0x540	885C	88 5C	0x3D1F84	0	54	0		0	0	1	1
1345	0x541	885D	88 5D	0x3D2026	0	77	0		2	0	0	1
1346	0x542	885E	88 5E	0x3D20C8	0	85	0		0	0	1	1
1347	0x543	885F	88 5F	0x3D216A	0	101	0		1	0	0	1
1348	0x544	8860	88 60	0x3D220C	0	104	0		1	0	0	1
1349	0x545	8861	88 61	0x3D22AE	0	80	0		1	0	0	1
1350	0x546	8862	88 62	0x3D2350	0	95	0		1	0	0	1
1351	0x547	8863	88 63	0x3D23F2	0	90	0		2	0	0	1
1352	0x548	8864	88 64	0x3D2494	0	108	0		0	0	1	1
1353	0x549	8865	88 65	0x3D2536	0	102	0		5	0	0	1
1354	0x54A	8866	88 66	0x3D25D8	0	85	0		1	0	0	1
1355	0x54B	8867	88 67	0x3D267A	0	81	0		0	0	1	1
1356	0x54C	8868	88 68	0x3D271C	0	94	0		1	0	0	1
1357	0x54D	8869	88 69	0x3D27BE	0	93	0		0	0	1	1
1358	0x54E	886A	88 6A	0x3D2860	0	87	0		1	0	0	1
1359	0x54F	886B	88 6B	0x3D2902	0	96	0		2	0	0	1
1360	0x550	886C	88 6C	0x3D29A4	0	90	0		1	0	0	1
1361	0x551	886D	88 6D	0x3D2A46	0	74	0		2	0	0	1
1362	0x552	886E	88 6E	0x3D2AE8	0	98	0		2	0	0	1
1363	0x553	886F	88 6F	0x3D2B8A	0	99	0		2	0	0	1
1364	0x554	8870	88 70	0x3D2C2C	0	80	0		8	0	0	1
1365	0x555	8871	88 71	0x3D2CCE	0	103	0		0	0	1	1
1366	0x556	8872	88 72	0x3D2D70	0	88	0		9	0	0	1
1367	0x557	8873	88 73	0x3D2E12	0	96	0		8	0	0	1
1368	0x558	8874	88 74	0x3D2EB4	0	94	0		0	0	1	1
1369	0x559	8875	88 75	0x3D2F56	0	90	0		0	0	1	1
1370	0x55A	8876	88 76	0x3D2FF8	0	106	0		0	0	1	1
1371	0x55B	8877	88 77	0x3D309A	0	98	0		0	0	1	1
1372	0x55C	8878	88 78	0x3D313C	0	97	0		0	0	1	1
1373	0x55D	8879	88 79	0x3D31DE	0	86	0		1	0	0	1
1374	0x55E	887A	88 7A	0x3D3280	0	82	0		0	0	1	1
1375	0x55F	887B	88 7B	0x3D3322	0	86	0		1	0	0	1
1376	0x560	887C	88 7C	0x3D33C4	0	97	0		1	0	0	1
1377	0x561	887D	88 7D	0x3D3466	0	101	0		4	0	0	1
1378	0x562	887E	88 7E	0x3D3508	0	92	0		0	0	1	1
1379	0x563	8880	88 80	0x3D35AA	0	62	0		0	0	1	1
1380	0x564	8881	88 81	0x3D364C	0	71	0		0	0	1	1
1381	0x565	8882	88 82	0x3D36EE	0	98	0		1	0	0	1
1382	0x566	8883	88 83	0x3D3790	0	89	0		1	0	0	1
1383	0x567	8884	88 84	0x3D3832	0	98	0		0	0	1	1
1384	0x568	8885	88 85	0x3D38D4	0	87	0		1	0	0	1
1385	0x569	8886	88 86	0x3D3976	0	92	0		0	0	1	1
1386	0x56A	8887	88 87	0x3D3A18	0	100	0		1	0	0	1
1387	0x56B	8888	88 88	0x3D3ABA	0	73	0		0	0	1	1
1388	0x56C	8889	88 89	0x3D3B5C	0	94	0		2	0	0	1
1389	0x56D	888A	88 8A	0x3D3BFE	0	69	0		0	0	1	1
1390	0x56E	888B	88 8B	0x3D3CA0	0	87	0		1	0	0	1
1391	0x56F	888C	88 8C	0x3D3D42	0	99	0		0	0	1	1
1392	0x570	888D	88 8D	0x3D3DE4	0	96	0		0	0	1	1
1393	0x571	888E	88 8E	0x3D3E86	0	101	0		0	0	1	1
1394	0x572	888F	88 8F	0x3D3F28	0	81	0		0	0	1	1
1395	0x573	8890	88 90	0x3D3FCA	0	102	0		0	0	1	1
1396	0x574	8891	88 91	0x3D406C	0	103	0		1	0	0	1
1397	0x575	8892	88 92	0x3D410E	0	102	0		0	0	1	1
1398	0x576	8893	88 93	0x3D41B0	0	103	0		0	0	1	1
1399	0x577	8894	88 94	0x3D4252	0	90	0		1	0	0	1
1400	0x578	8895	88 95	0x3D42F4	0	106	0		0	0	1	1
1401	0x579	8896	88 96	0x3D4396	0	78	0		0	0	1	1
1402	0x57A	8897	88 97	0x3D4438	0	89	0		0	0	1	1
1403	0x57B	8898	88 98	0x3D44DA	0	70	0		0	0	1	1
1404	0x57C	8899	88 99	0x3D457C	0	81	0		0	0	1	1
1405	0x57D	889A	88 9A	0x3D461E	0	91	0		1	0	0	1
1406	0x57E	889B	88 9B	0x3D46C0	0	62	0		0	0	1	1
1407	0x57F	889C	88 9C	0x3D4762	0	91	0		0	0	1	1
1408	0x580	889D	88 9D	0x3D4804	0	79	0		1	0	0	1
1409	0x581	889E	88 9E	0x3D48A6	0	99	0		1	0	0	1
1410	0x582	889F	88 9F	0x3D4948	0	101	0		0	3	0	0
1411	0x583	88A0	88 A0	0x3D49EA	0	88	0		2	0	0	1
1412	0x584	88A1	88 A1	0x3D4A8C	0	103	0		0	1	0	0
1413	0x585	88A2	88 A2	0x3D4B2E	0	85	0		1	0	0	1
1414	0x586	88A3	88 A3	0x3D4BD0	0	87	0		0	0	1	1
1415	0x587	88A4	88 A4	0x3D4C72	0	94	0		1	3	0	0
1416	0x588	88A5	88 A5	0x3D4D14	0	102	0		1	0	0	1
1417	0x589	88A6	88 A6	0x3D4DB6	0	97	0		0	0	1	1
1418	0x58A	88A7	88 A7	0x3D4E58	0	93	0		0	0	1	1
1419	0x58B	88A8	88 A8	0x3D4EFA	0	101	0		1	13	0	0
1420	0x58C	88A9	88 A9	0x3D4F9C	0	68	0		0	0	1	1
1421	0x58D	88AA	88 AA	0x3D503E	0	97	0		2	0	0	1
1422	0x58E	88AB	88 AB	0x3D50E0	0	88	0		0	0	1	1
1423	0x58F	88AC	88 AC	0x3D5182	0	80	0		0	0	1	1
1424	0x590	88AD	88 AD	0x3D5224	0	62	0		2	1	0	0
1425	0x591	88AE	88 AE	0x3D52C6	0	87	0		1	0	0	1
1426	0x592	88AF	88 AF	0x3D5368	0	89	0		0	1	0	0
1427	0x593	88B0	88 B0	0x3D540A	0	64	0		0	0	1	1
1428	0x594	88B1	88 B1	0x3D54AC	0	71	0		1	0	0	1
1429	0x595	88B2	88 B2	0x3D554E	0	80	0		1	0	0	1
1430	0x596	88B3	88 B3	0x3D55F0	0	76	0		2	0	0	1
1431	0x597	88B4	88 B4	0x3D5692	0	85	0		1	2	0	0
1432	0x598	88B5	88 B5	0x3D5734	0	82	0		0	0	1	1
1433	0x599	88B6	88 B6	0x3D57D6	0	86	0		0	0	1	1
1434	0x59A	88B7	88 B7	0x3D5878	0	97	0		1	2	0	0
1435	0x59B	88B8	88 B8	0x3D591A	0	89	0		0	2	0	0
1436	0x59C	88B9	88 B9	0x3D59BC	0	77	0		0	0	1	1
1437	0x59D	88BA	88 BA	0x3D5A5E	0	87	0		0	1	0	0
1438	0x59E	88BB	88 BB	0x3D5B00	0	93	0		0	0	1	1
1439	0x59F	88BC	88 BC	0x3D5BA2	0	93	0		1	0	0	1
1440	0x5A0	88BD	88 BD	0x3D5C44	0	97	0		1	0	0	1
1441	0x5A1	88BE	88 BE	0x3D5CE6	0	81	0		0	0	1	1
1442	0x5A2	88BF	88 BF	0x3D5D88	0	90	0		1	1	0	0
1443	0x5A3	88C0	88 C0	0x3D5E2A	0	95	0		0	1	0	0
1444	0x5A4	88C1	88 C1	0x3D5ECC	0	89	0		2	1	0	0
1445	0x5A5	88C2	88 C2	0x3D5F6E	0	80	0		2	0	0	1
1446	0x5A6	88C3	88 C3	0x3D6010	0	79	0		4	0	0	1
1447	0x5A7	88C4	88 C4	0x3D60B2	0	91	0		0	0	1	1
1448	0x5A8	88C5	88 C5	0x3D6154	0	54	0		0	0	1	1
1449	0x5A9	88C6	88 C6	0x3D61F6	0	84	0		0	0	1	1
1450	0x5AA	88C7	88 C7	0x3D6298	0	98	0		1	0	0	1
1451	0x5AB	88C8	88 C8	0x3D633A	0	96	0		2	19	0	0
1452	0x5AC	88C9	88 C9	0x3D63DC	0	84	0		0	1	0	0
1453	0x5AD	88CA	88 CA	0x3D647E	0	81	0		0	0	1	1
1454	0x5AE	88CB	88 CB	0x3D6520	0	80	0		0	0	1	1
1455	0x5AF	88CC	88 CC	0x3D65C2	0	87	0		1	0	0	1
1456	0x5B0	88CD	88 CD	0x3D6664	0	87	0		3	0	0	1
1457	0x5B1	88CE	88 CE	0x3D6706	0	97	0		0	0	1	1
1458	0x5B2	88CF	88 CF	0x3D67A8	0	90	0		1	0	0	1
1459	0x5B3	88D0	88 D0	0x3D684A	0	92	0		2	0	0	1
1460	0x5B4	88D1	88 D1	0x3D68EC	0	88	0		1	0	0	1
1461	0x5B5	88D2	88 D2	0x3D698E	0	87	0		4	0	0	1
1462	0x5B6	88D3	88 D3	0x3D6A30	0	99	0		0	0	1	1
1463	0x5B7	88D4	88 D4	0x3D6AD2	0	95	0		2	0	0	1
1464	0x5B8	88D5	88 D5	0x3D6B74	0	106	0		2	0	0	1
1465	0x5B9	88D6	88 D6	0x3D6C16	0	93	0		1	2	0	0
1466	0x5BA	88D7	88 D7	0x3D6CB8	0	75	0		0	0	1	1
1467	0x5BB	88D8	88 D8	0x3D6D5A	0	85	0		0	5	0	0
1468	0x5BC	88D9	88 D9	0x3D6DFC	0	85	0		0	1	0	0
1469	0x5BD	88DA	88 DA	0x3D6E9E	0	92	0		0	0	1	1
1470	0x5BE	88DB	88 DB	0x3D6F40	0	81	0		0	0	1	1
1471	0x5BF	88DC	88 DC	0x3D6FE2	0	88	0		0	0	1	1
1472	0x5C0	88DD	88 DD	0x3D7084	0	90	0		2	0	0	1
1473	0x5C1	88DE	88 DE	0x3D7126	0	97	0		0	0	1	1
1474	0x5C2	88DF	88 DF	0x3D71C8	0	98	0		1	0	0	1
1475	0x5C3	88E0	88 E0	0x3D726A	0	87	0		2	0	0	1
1476	0x5C4	88E1	88 E1	0x3D730C	0	78	0		3	0	0	1
1477	0x5C5	88E2	88 E2	0x3D73AE	0	93	0		1	0	0	1
1478	0x5C6	88E3	88 E3	0x3D7450	0	83	0		1	0	0	1
1479	0x5C7	88E4	88 E4	0x3D74F2	0	84	0		0	1	0	0
1480	0x5C8	88E5	88 E5	0x3D7594	0	97	0		0	0	1	1
1481	0x5C9	88E6	88 E6	0x3D7636	0	75	0		3	0	0	1
1482	0x5CA	88E7	88 E7	0x3D76D8	0	98	0		0	0	1	1
1483	0x5CB	88E8	88 E8	0x3D777A	0	70	0		0	8	0	0
1484	0x5CC	88E9	88 E9	0x3D781C	0	100	0		0	1	0	0
1485	0x5CD	88EA	88 EA	0x3D78BE	0	82	0		0	0	1	1
1486	0x5CE	88EB	88 EB	0x3D7960	0	91	0		1	0	0	1
1487	0x5CF	88EC	88 EC	0x3D7A02	0	105	0		0	0	1	1
1488	0x5D0	88ED	88 ED	0x3D7AA4	0	83	0		3	0	0	1
1489	0x5D1	88EE	88 EE	0x3D7B46	0	87	0		0	0	1	1
1490	0x5D2	88EF	88 EF	0x3D7BE8	0	86	0		0	0	1	1
1491	0x5D3	88F0	88 F0	0x3D7C8A	0	103	0		4	0	0	1
1492	0x5D4	88F1	88 F1	0x3D7D2C	0	95	0		0	0	1	1
1493	0x5D5	88F2	88 F2	0x3D7DCE	0	98	0		3	0	0	1
1494	0x5D6	88F3	88 F3	0x3D7E70	0	90	0		2	0	0	1
1495	0x5D7	88F4	88 F4	0x3D7F12	0	88	0		1	0	0	1
1496	0x5D8	88F5	88 F5	0x3D7FB4	0	89	0		0	0	1	1
1497	0x5D9	88F6	88 F6	0x3D8056	0	95	0		0	0	1	1
1498	0x5DA	88F7	88 F7	0x3D80F8	0	86	0		0	0	1	1
1499	0x5DB	88F8	88 F8	0x3D819A	0	93	0		0	8	0	0
1500	0x5DC	88F9	88 F9	0x3D823C	0	104	0		1	9	0	0
1501	0x5DD	88FA	88 FA	0x3D82DE	0	98	0		1	15	0	0
1502	0x5DE	88FB	88 FB	0x3D8380	0	77	0		0	9	0	0
1503	0x5DF	88FC	88 FC	0x3D8422	0	100	0		1	6	0	0
1504	0x5E0	8940	89 40	0x3D84C4	0	96	0		4	4	0	0
1505	0x5E1	8941	89 41	0x3D8566	0	105	0		1	0	0	1
1506	0x5E2	8942	89 42	0x3D8608	0	75	0		5	2	0	0
1507	0x5E3	8943	89 43	0x3D86AA	0	98	0		6	0	0	1
1508	0x5E4	8944	89 44	0x3D874C	0	87	0		1	0	0	1
1509	0x5E5	8945	89 45	0x3D87EE	0	102	0		0	0	1	1
1510	0x5E6	8946	89 46	0x3D8890	0	92	0		0	2	0	0
1511	0x5E7	8947	89 47	0x3D8932	0	58	0		2	0	0	1
1512	0x5E8	8948	89 48	0x3D89D4	0	87	0		0	0	1	1
1513	0x5E9	8949	89 49	0x3D8A76	0	39	0		1	0	0	1
1514	0x5EA	894A	89 4A	0x3D8B18	0	73	0		1	0	0	1
1515	0x5EB	894B	89 4B	0x3D8BBA	0	79	0		2	0	0	1
1516	0x5EC	894C	89 4C	0x3D8C5C	0	59	0		0	0	1	1
1517	0x5ED	894D	89 4D	0x3D8CFE	0	91	0		0	0	1	1
1518	0x5EE	894E	89 4E	0x3D8DA0	0	115	0		0	0	1	1
1519	0x5EF	894F	89 4F	0x3D8E42	0	91	0		1	0	0	1
1520	0x5F0	8950	89 50	0x3D8EE4	0	89	0		3	0	0	1
1521	0x5F1	8951	89 51	0x3D8F86	0	99	0		0	0	1	1
1522	0x5F2	8952	89 52	0x3D9028	0	94	0		7	0	0	1
1523	0x5F3	8953	89 53	0x3D90CA	0	78	0		3	0	0	1
1524	0x5F4	8954	89 54	0x3D916C	0	79	0		0	0	1	1
1525	0x5F5	8955	89 55	0x3D920E	0	89	0		0	0	1	1
1526	0x5F6	8956	89 56	0x3D92B0	0	83	0		0	0	1	1
1527	0x5F7	8957	89 57	0x3D9352	0	99	0		0	1	0	0
1528	0x5F8	8958	89 58	0x3D93F4	0	83	0		0	1	0	0
1529	0x5F9	8959	89 59	0x3D9496	0	93	0		0	0	1	1
1530	0x5FA	895A	89 5A	0x3D9538	0	87	0		3	0	0	1
1531	0x5FB	895B	89 5B	0x3D95DA	0	93	0		1	1	0	0
1532	0x5FC	895C	89 5C	0x3D967C	0	89	0		1	0	0	1
1533	0x5FD	895D	89 5D	0x3D971E	0	93	0		2	0	0	1
1534	0x5FE	895E	89 5E	0x3D97C0	0	64	0		9	0	0	1
1535	0x5FF	895F	89 5F	0x3D9862	0	78	0		1	0	0	1
1536	0x600	8960	89 60	0x3D9904	0	86	0		0	0	1	1
1537	0x601	8961	89 61	0x3D99A6	0	89	0		1	0	0	1
1538	0x602	8962	89 62	0x3D9A48	0	91	0		5	1	0	0
1539	0x603	8963	89 63	0x3D9AEA	0	72	0		0	0	1	1
1540	0x604	8964	89 64	0x3D9B8C	0	63	0		0	0	1	1
1541	0x605	8965	89 65	0x3D9C2E	0	94	0		0	2	0	0
1542	0x606	8966	89 66	0x3D9CD0	0	68	0		0	0	1	1
1543	0x607	8967	89 67	0x3D9D72	0	51	0		0	1	0	0
1544	0x608	8968	89 68	0x3D9E14	0	89	0		0	1	0	0
1545	0x609	8969	89 69	0x3D9EB6	0	90	0		1	2	0	0
1546	0x60A	896A	89 6A	0x3D9F58	0	85	0		0	0	1	1
1547	0x60B	896B	89 6B	0x3D9FFA	0	58	0		0	0	1	1
1548	0x60C	896C	89 6C	0x3DA09C	0	83	0		0	2	0	0
1549	0x60D	896D	89 6D	0x3DA13E	0	65	0		1	0	0	1
1550	0x60E	896E	89 6E	0x3DA1E0	0	88	0		1	1	0	0
1551	0x60F	896F	89 6F	0x3DA282	0	71	0		0	1	0	0
1552	0x610	8970	89 70	0x3DA324	0	84	0		2	0	0	1
1553	0x611	8971	89 71	0x3DA3C6	0	94	0		0	1	0	0
1554	0x612	8972	89 72	0x3DA468	0	63	0		4	4	0	0
1555	0x613	8973	89 73	0x3DA50A	0	82	0		0	0	1	1
1556	0x614	8974	89 74	0x3DA5AC	0	96	0		0	0	1	1
1557	0x615	8975	89 75	0x3DA64E	0	98	0		0	0	1	1
1558	0x616	8976	89 76	0x3DA6F0	0	74	0		1	0	0	1
1559	0x617	8977	89 77	0x3DA792	0	88	0		0	1	0	0
1560	0x618	8978	89 78	0x3DA834	0	53	0		1	2	0	0
1561	0x619	8979	89 79	0x3DA8D6	0	77	0		0	0	1	1
1562	0x61A	897A	89 7A	0x3DA978	0	68	0		0	2	0	0
1563	0x61B	897B	89 7B	0x3DAA1A	0	96	0		0	1	0	0
1564	0x61C	897C	89 7C	0x3DAABC	0	78	0		0	0	1	1
1565	0x61D	897D	89 7D	0x3DAB5E	0	80	0		2	1	0	0
1566	0x61E	897E	89 7E	0x3DAC00	0	75	0		1	1	0	0
1567	0x61F	8980	89 80	0x3DACA2	0	93	0		0	105	0	0
1568	0x620	8981	89 81	0x3DAD44	0	88	0		0	1	0	0
1569	0x621	8982	89 82	0x3DADE6	0	89	0		2	11	0	0
1570	0x622	8983	89 83	0x3DAE88	0	105	0		0	1	0	0
1571	0x623	8984	89 84	0x3DAF2A	0	62	0		0	7	0	0
1572	0x624	8985	89 85	0x3DAFCC	0	92	0		1	1	0	0
1573	0x625	8986	89 86	0x3DB06E	0	90	0		1	2	0	0
1574	0x626	8987	89 87	0x3DB110	0	89	0		2	1	0	0
1575	0x627	8988	89 88	0x3DB1B2	0	90	0		2	18	0	0
1576	0x628	8989	89 89	0x3DB254	0	88	0		0	36	0	0
1577	0x629	898A	89 8A	0x3DB2F6	0	100	0		0	10	0	0
1578	0x62A	898B	89 8B	0x3DB398	0	83	0		0	2	0	0
1579	0x62B	898C	89 8C	0x3DB43A	0	97	0		0	4	0	0
1580	0x62C	898D	89 8D	0x3DB4DC	0	90	0		3	1	0	0
1581	0x62D	898E	89 8E	0x3DB57E	0	96	0		6	2	0	0
1582	0x62E	898F	89 8F	0x3DB620	0	88	0		6	1	0	0
1583	0x62F	8990	89 90	0x3DB6C2	0	76	0		0	4	0	0
1584	0x630	8991	89 91	0x3DB764	0	86	0		0	0	1	1
1585	0x631	8992	89 92	0x3DB806	0	88	0		1	3	0	0
1586	0x632	8993	89 93	0x3DB8A8	0	78	0		3	5	0	0
1587	0x633	8994	89 94	0x3DB94A	0	64	0		0	3	0	0
1588	0x634	8995	89 95	0x3DB9EC	0	65	0		1	2	0	0
1589	0x635	8996	89 96	0x3DBA8E	0	90	0		0	1	0	0
1590	0x636	8997	89 97	0x3DBB30	0	91	0		0	2	0	0
1591	0x637	8998	89 98	0x3DBBD2	0	81	0		0	2	0	0
1592	0x638	8999	89 99	0x3DBC74	0	79	0		0	0	1	1
1593	0x639	899A	89 9A	0x3DBD16	0	94	0		0	7	0	0
1594	0x63A	899B	89 9B	0x3DBDB8	0	84	0		0	3	0	0
1595	0x63B	899C	89 9C	0x3DBE5A	0	100	0		0	0	1	1
1596	0x63C	899D	89 9D	0x3DBEFC	0	86	0		1	1	0	0
1597	0x63D	899E	89 9E	0x3DBF9E	0	92	0		0	0	1	1
1598	0x63E	899F	89 9F	0x3DC040	0	98	0		1	0	0	1
1599	0x63F	89A0	89 A0	0x3DC0E2	0	64	0		0	0	1	1
1600	0x640	89A1	89 A1	0x3DC184	0	72	0		1	0	0	1
1601	0x641	89A2	89 A2	0x3DC226	0	60	0		3	1	0	0
1602	0x642	89A3	89 A3	0x3DC2C8	0	68	0		1	0	0	1
1603	0x643	89A4	89 A4	0x3DC36A	0	99	0		0	8	0	0
1604	0x644	89A5	89 A5	0x3DC40C	0	87	0		0	2	0	0
1605	0x645	89A6	89 A6	0x3DC4AE	0	70	0		0	0	1	1
1606	0x646	89A7	89 A7	0x3DC550	0	94	0		1	2	0	0
1607	0x647	89A8	89 A8	0x3DC5F2	0	75	0		1	0	0	1
1608	0x648	89A9	89 A9	0x3DC694	0	108	0		0	0	1	1
1609	0x649	89AA	89 AA	0x3DC736	0	97	0		2	0	0	1
1610	0x64A	89AB	89 AB	0x3DC7D8	0	64	0		0	2	0	0
1611	0x64B	89AC	89 AC	0x3DC87A	0	93	0		0	0	1	1
1612	0x64C	89AD	89 AD	0x3DC91C	0	73	0		2	2	0	0
1613	0x64D	89AE	89 AE	0x3DC9BE	0	83	0		0	0	1	1
1614	0x64E	89AF	89 AF	0x3DCA60	0	57	0		0	0	1	1
1615	0x64F	89B0	89 B0	0x3DCB02	0	75	0		2	0	0	1
1616	0x650	89B1	89 B1	0x3DCBA4	0	90	0		0	0	1	1
1617	0x651	89B2	89 B2	0x3DCC46	0	69	0		0	1	0	0
1618	0x652	89B3	89 B3	0x3DCCE8	0	100	0		3	0	0	1
1619	0x653	89B4	89 B4	0x3DCD8A	0	77	0		0	0	1	1
1620	0x654	89B5	89 B5	0x3DCE2C	0	91	0		0	0	1	1
1621	0x655	89B6	89 B6	0x3DCECE	0	97	0		0	0	1	1
1622	0x656	89B7	89 B7	0x3DCF70	0	93	0		0	0	1	1
1623	0x657	89B8	89 B8	0x3DD012	0	87	0		0	0	1	1
1624	0x658	89B9	89 B9	0x3DD0B4	0	89	0		0	0	1	1
1625	0x659	89BA	89 BA	0x3DD156	0	80	0		1	0	0	1
1626	0x65A	89BB	89 BB	0x3DD1F8	0	92	0		0	0	1	1
1627	0x65B	89BC	89 BC	0x3DD29A	0	102	0		0	0	1	1
1628	0x65C	89BD	89 BD	0x3DD33C	0	97	0		2	0	0	1
1629	0x65D	89BE	89 BE	0x3DD3DE	0	101	0		0	0	1	1
1630	0x65E	89BF	89 BF	0x3DD480	0	73	0		0	0	1	1
1631	0x65F	89C0	89 C0	0x3DD522	0	94	0		0	0	1	1
1632	0x660	89C1	89 C1	0x3DD5C4	0	96	0		0	1	0	0
1633	0x661	89C2	89 C2	0x3DD666	0	107	0		1	1	0	0
1634	0x662	89C3	89 C3	0x3DD708	0	80	0		0	0	1	1
1635	0x663	89C4	89 C4	0x3DD7AA	0	79	0		0	0	1	1
1636	0x664	89C5	89 C5	0x3DD84C	0	93	0		0	0	1	1
1637	0x665	89C6	89 C6	0x3DD8EE	0	93	0		1	0	0	1
1638	0x666	89C7	89 C7	0x3DD990	0	95	0		0	3	0	0
1639	0x667	89C8	89 C8	0x3DDA32	0	82	0		1	0	0	1
1640	0x668	89C9	89 C9	0x3DDAD4	0	89	0		0	1	0	0
1641	0x669	89CA	89 CA	0x3DDB76	0	78	0		1	0	0	1
1642	0x66A	89CB	89 CB	0x3DDC18	0	90	0		0	0	1	1
1643	0x66B	89CC	89 CC	0x3DDCBA	0	78	0		0	0	1	1
1644	0x66C	89CD	89 CD	0x3DDD5C	0	102	0		4	0	0	1
1645	0x66D	89CE	89 CE	0x3DDDFE	0	77	0		0	0	1	1
1646	0x66E	89CF	89 CF	0x3DDEA0	0	99	0		0	0	1	1
1647	0x66F	89D0	89 D0	0x3DDF42	0	90	0		3	0	0	1
1648	0x670	89D1	89 D1	0x3DDFE4	0	82	0		0	0	1	1
1649	0x671	89D2	89 D2	0x3DE086	0	100	0		0	0	1	1
1650	0x672	89D3	89 D3	0x3DE128	0	61	0		1	0	0	1
1651	0x673	89D4	89 D4	0x3DE1CA	0	61	0		0	0	1	1
1652	0x674	89D5	89 D5	0x3DE26C	0	84	0		0	0	1	1
1653	0x675	89D6	89 D6	0x3DE30E	0	80	0		1	0	0	1
1654	0x676	89D7	89 D7	0x3DE3B0	0	91	0		0	0	1	1
1655	0x677	89D8	89 D8	0x3DE452	0	96	0		0	0	1	1
1656	0x678	89D9	89 D9	0x3DE4F4	0	93	0		0	0	1	1
1657	0x679	89DA	89 DA	0x3DE596	0	103	0		2	0	0	1
1658	0x67A	89DB	89 DB	0x3DE638	0	83	0		0	0	1	1
1659	0x67B	89DC	89 DC	0x3DE6DA	0	86	0		1	0	0	1
1660	0x67C	89DD	89 DD	0x3DE77C	0	96	0		1	0	0	1
1661	0x67D	89DE	89 DE	0x3DE81E	0	90	0		0	0	1	1
1662	0x67E	89DF	89 DF	0x3DE8C0	0	60	0		0	0	1	1
1663	0x67F	89E0	89 E0	0x3DE962	0	84	0		5	0	0	1
1664	0x680	89E1	89 E1	0x3DEA04	0	79	0		3	0	0	1
1665	0x681	89E2	89 E2	0x3DEAA6	0	64	0		5	0	0	1
1666	0x682	89E3	89 E3	0x3DEB48	0	79	0		1	0	0	1
1667	0x683	89E4	89 E4	0x3DEBEA	0	89	0		4	0	0	1
1668	0x684	89E5	89 E5	0x3DEC8C	0	92	0		2	0	0	1
1669	0x685	89E6	89 E6	0x3DED2E	0	86	0		3	0	0	1
1670	0x686	89E7	89 E7	0x3DEDD0	0	97	0		4	0	0	1
1671	0x687	89E8	89 E8	0x3DEE72	0	102	0		0	0	1	1
1672	0x688	89E9	89 E9	0x3DEF14	0	95	0		1	0	0	1
1673	0x689	89EA	89 EA	0x3DEFB6	0	84	0		0	0	1	1
1674	0x68A	89EB	89 EB	0x3DF058	0	75	0		0	0	1	1
1675	0x68B	89EC	89 EC	0x3DF0FA	0	105	0		0	0	1	1
1676	0x68C	89ED	89 ED	0x3DF19C	0	86	0		0	0	1	1
1677	0x68D	89EE	89 EE	0x3DF23E	0	81	0		0	0	1	1
1678	0x68E	89EF	89 EF	0x3DF2E0	0	82	0		0	0	1	1
1679	0x68F	89F0	89 F0	0x3DF382	0	94	0		27	0	0	1
1680	0x690	89F1	89 F1	0x3DF424	0	102	0		11	0	0	1
1681	0x691	89F2	89 F2	0x3DF4C6	0	104	0		2	0	0	1
1682	0x692	89F3	89 F3	0x3DF568	0	91	0		10	0	0	1
1683	0x693	89F4	89 F4	0x3DF60A	0	83	0		1	0	0	1
1684	0x694	89F5	89 F5	0x3DF6AC	0	79	0		0	0	1	1
1685	0x695	89F6	89 F6	0x3DF74E	0	90	0		0	0	1	1
1686	0x696	89F7	89 F7	0x3DF7F0	0	77	0		0	0	1	1
1687	0x697	89F8	89 F8	0x3DF892	0	100	0		13	0	0	1
1688	0x698	89F9	89 F9	0x3DF934	0	81	0		1	0	0	1
1689	0x699	89FA	89 FA	0x3DF9D6	0	96	0		4	0	0	1
1690	0x69A	89FB	89 FB	0x3DFA78	0	96	0		0	0	1	1
1691	0x69B	89FC	89 FC	0x3DFB1A	0	91	0		5	0	0	1
1692	0x69C	8A40	8A 40	0x3DFBBC	0	93	0		0	1	0	0
1693	0x69D	8A41	8A 41	0x3DFC5E	0	81	0		2	0	0	1
1694	0x69E	8A42	8A 42	0x3DFD00	0	89	0		0	1	0	0
1695	0x69F	8A43	8A 43	0x3DFDA2	0	87	0		8	0	0	1
1696	0x6A0	8A44	8A 44	0x3DFE44	0	105	0		0	1	0	0
1697	0x6A1	8A45	8A 45	0x3DFEE6	0	90	0		2	2	0	0
1698	0x6A2	8A46	8A 46	0x3DFF88	0	77	0		2	1	0	0
1699	0x6A3	8A47	8A 47	0x3E002A	0	86	0		2	0	0	1
1700	0x6A4	8A48	8A 48	0x3E00CC	0	92	0		1	0	0	1
1701	0x6A5	8A49	8A 49	0x3E016E	0	95	0		0	0	1	1
1702	0x6A6	8A4A	8A 4A	0x3E0210	0	98	0		0	0	1	1
1703	0x6A7	8A4B	8A 4B	0x3E02B2	0	94	0		5	0	0	1
1704	0x6A8	8A4C	8A 4C	0x3E0354	0	98	0		1	0	0	1
1705	0x6A9	8A4D	8A 4D	0x3E03F6	0	97	0		4	1	0	0
1706	0x6AA	8A4E	8A 4E	0x3E0498	0	97	0		2	1	0	0
1707	0x6AB	8A4F	8A 4F	0x3E053A	0	79	0		0	0	1	1
1708	0x6AC	8A50	8A 50	0x3E05DC	0	100	0		3	0	0	1
1709	0x6AD	8A51	8A 51	0x3E067E	0	89	0		2	0	0	1
1710	0x6AE	8A52	8A 52	0x3E0720	0	109	0		2	0	0	1
1711	0x6AF	8A53	8A 53	0x3E07C2	0	65	0		5	0	0	1
1712	0x6B0	8A54	8A 54	0x3E0864	0	75	0		0	0	1	1
1713	0x6B1	8A55	8A 55	0x3E0906	0	74	0		1	0	0	1
1714	0x6B2	8A56	8A 56	0x3E09A8	0	46	0		1	0	0	1
1715	0x6B3	8A57	8A 57	0x3E0A4A	0	84	0		1	0	0	1
1716	0x6B4	8A58	8A 58	0x3E0AEC	0	73	0		1	0	0	1
1717	0x6B5	8A59	8A 59	0x3E0B8E	0	84	0		1	0	0	1
1718	0x6B6	8A5A	8A 5A	0x3E0C30	0	66	0		0	0	1	1
1719	0x6B7	8A5B	8A 5B	0x3E0CD2	0	86	0		0	0	1	1
1720	0x6B8	8A5C	8A 5C	0x3E0D74	0	98	0		1	0	0	1
1721	0x6B9	8A5D	8A 5D	0x3E0E16	0	99	0		2	0	0	1
1722	0x6BA	8A5E	8A 5E	0x3E0EB8	0	75	0		0	0	1	1
1723	0x6BB	8A5F	8A 5F	0x3E0F5A	0	95	0		1	0	0	1
1724	0x6BC	8A60	8A 60	0x3E0FFC	0	74	0		0	0	1	1
1725	0x6BD	8A61	8A 61	0x3E109E	0	78	0		0	0	1	1
1726	0x6BE	8A62	8A 62	0x3E1140	0	91	0		4	0	0	1
1727	0x6BF	8A63	8A 63	0x3E11E2	0	93	0		1	0	0	1
1728	0x6C0	8A64	8A 64	0x3E1284	0	88	0		0	0	1	1
1729	0x6C1	8A65	8A 65	0x3E1326	0	101	0		0	0	1	1
1730	0x6C2	8A66	8A 66	0x3E13C8	0	95	0		1	0	0	1
1731	0x6C3	8A67	8A 67	0x3E146A	0	96	0		0	1	0	0
1732	0x6C4	8A68	8A 68	0x3E150C	0	101	0		0	1	0	0
1733	0x6C5	8A69	8A 69	0x3E15AE	0	73	0		0	1	0	0
1734	0x6C6	8A6A	8A 6A	0x3E1650	0	94	0		0	3	0	0
1735	0x6C7	8A6B	8A 6B	0x3E16F2	0	84	0		1	0	0	1
1736	0x6C8	8A6C	8A 6C	0x3E1794	0	94	0		0	1	0	0
1737	0x6C9	8A6D	8A 6D	0x3E1836	0	91	0		1	1	0	0
1738	0x6CA	8A6E	8A 6E	0x3E18D8	0	79	0		0	0	1	1
1739	0x6CB	8A6F	8A 6F	0x3E197A	0	103	0		2	0	0	1
1740	0x6CC	8A70	8A 70	0x3E1A1C	0	86	0		1	0	0	1
1741	0x6CD	8A71	8A 71	0x3E1ABE	0	89	0		2	2	0	0
1742	0x6CE	8A72	8A 72	0x3E1B60	0	100	0		10	0	0	1
1743	0x6CF	8A73	8A 73	0x3E1C02	0	88	0		1	1	0	0
1744	0x6D0	8A74	8A 74	0x3E1CA4	0	99	0		3	0	0	1
1745	0x6D1	8A75	8A 75	0x3E1D46	0	66	0		2	0	0	1
1746	0x6D2	8A76	8A 76	0x3E1DE8	0	98	0		0	1	0	0
1747	0x6D3	8A77	8A 77	0x3E1E8A	0	93	0		0	2	0	0
1748	0x6D4	8A78	8A 78	0x3E1F2C	0	84	0		1	0	0	1
1749	0x6D5	8A79	8A 79	0x3E1FCE	0	81	0		0	0	1	1
1750	0x6D6	8A7A	8A 7A	0x3E2070	0	97	0		1	0	0	1
1751	0x6D7	8A7B	8A 7B	0x3E2112	0	85	0		0	0	1	1
1752	0x6D8	8A7C	8A 7C	0x3E21B4	0	95	0		1	0	0	1
1753	0x6D9	8A7D	8A 7D	0x3E2256	0	86	0		0	0	1	1
1754	0x6DA	8A7E	8A 7E	0x3E22F8	0	100	0		4	1	0	0
1755	0x6DB	8A80	8A 80	0x3E239A	0	97	0		3	100	0	0
1756	0x6DC	8A81	8A 81	0x3E243C	0	101	0		3	0	0	1
1757	0x6DD	8A82	8A 82	0x3E24DE	0	85	0		4	1	0	0
1758	0x6DE	8A83	8A 83	0x3E2580	0	84	0		1	2	0	0
1759	0x6DF	8A84	8A 84	0x3E2622	0	79	0		0	4	0	0
1760	0x6E0	8A85	8A 85	0x3E26C4	0	90	0		0	2	0	0
1761	0x6E1	8A86	8A 86	0x3E2766	0	105	0		2	1	0	0
1762	0x6E2	8A87	8A 87	0x3E2808	0	92	0		0	4	0	0
1763	0x6E3	8A88	8A 88	0x3E28AA	0	85	0		0	8	0	0
1764	0x6E4	8A89	8A 89	0x3E294C	0	108	0		2	4	0	0
1765	0x6E5	8A8A	8A 8A	0x3E29EE	0	88	0		0	3	0	0
1766	0x6E6	8A8B	8A 8B	0x3E2A90	0	85	0		2	8	0	0
1767	0x6E7	8A8C	8A 8C	0x3E2B32	0	95	0		1	4	0	0
1768	0x6E8	8A8D	8A 8D	0x3E2BD4	0	100	0		0	7	0	0
1769	0x6E9	8A8E	8A 8E	0x3E2C76	0	101	0		0	3	0	0
1770	0x6EA	8A8F	8A 8F	0x3E2D18	0	94	0		1	0	0	1
1771	0x6EB	8A90	8A 90	0x3E2DBA	0	84	0		6	1	0	0
1772	0x6EC	8A91	8A 91	0x3E2E5C	0	59	0		0	3	0	0
1773	0x6ED	8A92	8A 92	0x3E2EFE	0	76	0		1	2	0	0
1774	0x6EE	8A93	8A 93	0x3E2FA0	0	92	0		2	3	0	0
1775	0x6EF	8A94	8A 94	0x3E3042	0	88	0		1	2	0	0
1776	0x6F0	8A95	8A 95	0x3E30E4	0	104	0		0	0	1	1
1777	0x6F1	8A96	8A 96	0x3E3186	0	90	0		1	1	0	0
1778	0x6F2	8A97	8A 97	0x3E3228	0	100	0		0	0	1	1
1779	0x6F3	8A98	8A 98	0x3E32CA	0	94	0		1	1	0	0
1780	0x6F4	8A99	8A 99	0x3E336C	0	98	0		4	0	0	1
1781	0x6F5	8A9A	8A 9A	0x3E340E	0	82	0		0	0	1	1
1782	0x6F6	8A9B	8A 9B	0x3E34B0	0	70	0		2	1	0	0
1783	0x6F7	8A9C	8A 9C	0x3E3552	0	66	0		1	0	0	1
1784	0x6F8	8A9D	8A 9D	0x3E35F4	0	80	0		0	0	1	1
1785	0x6F9	8A9E	8A 9E	0x3E3696	0	85	0		0	2	0	0
1786	0x6FA	8A9F	8A 9F	0x3E3738	0	85	0		0	0	1	1
1787	0x6FB	8AA0	8A A0	0x3E37DA	0	89	0		0	2	0	0
1788	0x6FC	8AA1	8A A1	0x3E387C	0	96	0		1	1	0	0
1789	0x6FD	8AA2	8A A2	0x3E391E	0	72	0		1	1	0	0
1790	0x6FE	8AA3	8A A3	0x3E39C0	0	93	0		1	0	0	1
1791	0x6FF	8AA4	8A A4	0x3E3A62	0	83	0		1	1	0	0
1792	0x700	8AA5	8A A5	0x3E3B04	0	89	0		0	1	0	0
1793	0x701	8AA6	8A A6	0x3E3BA6	0	46	0		1	0	0	1
1794	0x702	8AA7	8A A7	0x3E3C48	0	61	0		0	0	1	1
1795	0x703	8AA8	8A A8	0x3E3CEA	0	82	0		0	2	0	0
1796	0x704	8AA9	8A A9	0x3E3D8C	0	70	0		0	0	1	1
1797	0x705	8AAA	8A AA	0x3E3E2E	0	79	0		0	0	1	1
1798	0x706	8AAB	8A AB	0x3E3ED0	0	95	0		0	0	1	1
1799	0x707	8AAC	8A AC	0x3E3F72	0	86	0		0	0	1	1
1800	0x708	8AAD	8A AD	0x3E4014	0	81	0		0	1	0	0
1801	0x709	8AAE	8A AE	0x3E40B6	0	88	0		1	0	0	1
1802	0x70A	8AAF	8A AF	0x3E4158	0	91	0		0	0	1	1
1803	0x70B	8AB0	8A B0	0x3E41FA	0	77	0		0	0	1	1
1804	0x70C	8AB1	8A B1	0x3E429C	0	94	0		2	0	0	1
1805	0x70D	8AB2	8A B2	0x3E433E	0	77	0		1	0	0	1
1806	0x70E	8AB3	8A B3	0x3E43E0	0	80	0		1	0	0	1
1807	0x70F	8AB4	8A B4	0x3E4482	0	87	0		1	0	0	1
1808	0x710	8AB5	8A B5	0x3E4524	0	83	0		1	0	0	1
1809	0x711	8AB6	8A B6	0x3E45C6	0	83	0		1	0	0	1
1810	0x712	8AB7	8A B7	0x3E4668	0	97	0		0	0	1	1
1811	0x713	8AB8	8A B8	0x3E470A	0	96	0		1	0	0	1
1812	0x714	8AB9	8A B9	0x3E47AC	0	99	0		0	1	0	0
1813	0x715	8ABA	8A BA	0x3E484E	0	87	0		3	0	0	1
1814	0x716	8ABB	8A BB	0x3E48F0	0	91	0		1	0	0	1
1815	0x717	8ABC	8A BC	0x3E4992	0	85	0		0	1	0	0
1816	0x718	8ABD	8A BD	0x3E4A34	0	99	0		0	0	1	1
1817	0x719	8ABE	8A BE	0x3E4AD6	0	91	0		2	0	0	1
1818	0x71A	8ABF	8A BF	0x3E4B78	0	83	0		0	0	1	1
1819	0x71B	8AC0	8A C0	0x3E4C1A	0	89	0		2	1	0	0
1820	0x71C	8AC1	8A C1	0x3E4CBC	0	82	0		1	0	0	1
1821	0x71D	8AC2	8A C2	0x3E4D5E	0	69	0		1	2	0	0
1822	0x71E	8AC3	8A C3	0x3E4E00	0	87	0		0	0	1	1
1823	0x71F	8AC4	8A C4	0x3E4EA2	0	89	0		0	0	1	1
1824	0x720	8AC5	8A C5	0x3E4F44	0	92	0		1	2	0	0
1825	0x721	8AC6	8A C6	0x3E4FE6	0	88	0		2	0	0	1
1826	0x722	8AC7	8A C7	0x3E5088	0	70	0		1	0	0	1
1827	0x723	8AC8	8A C8	0x3E512A	0	78	0		0	0	1	1
1828	0x724	8AC9	8A C9	0x3E51CC	0	88	0		0	0	1	1
1829	0x725	8ACA	8A CA	0x3E526E	0	95	0		0	0	1	1
1830	0x726	8ACB	8A CB	0x3E5310	0	74	0		0	0	1	1
1831	0x727	8ACC	8A CC	0x3E53B2	0	85	0		0	1	0	0
1832	0x728	8ACD	8A CD	0x3E5454	0	96	0		7	0	0	1
1833	0x729	8ACE	8A CE	0x3E54F6	0	88	0		1	0	0	1
1834	0x72A	8ACF	8A CF	0x3E5598	0	93	0		1	0	0	1
1835	0x72B	8AD0	8A D0	0x3E563A	0	84	0		0	0	1	1
1836	0x72C	8AD1	8A D1	0x3E56DC	0	84	0		1	0	0	1
1837	0x72D	8AD2	8A D2	0x3E577E	0	79	0		2	0	0	1
1838	0x72E	8AD3	8A D3	0x3E5820	0	92	0		1	0	0	1
1839	0x72F	8AD4	8A D4	0x3E58C2	0	89	0		2	0	0	1
1840	0x730	8AD5	8A D5	0x3E5964	0	79	0		0	0	1	1
1841	0x731	8AD6	8A D6	0x3E5A06	0	84	0		1	0	0	1
1842	0x732	8AD7	8A D7	0x3E5AA8	0	93	0		0	0	1	1
1843	0x733	8AD8	8A D8	0x3E5B4A	0	85	0		0	0	1	1
1844	0x734	8AD9	8A D9	0x3E5BEC	0	101	0		0	0	1	1
1845	0x735	8ADA	8A DA	0x3E5C8E	0	99	0		2	0	0	1
1846	0x736	8ADB	8A DB	0x3E5D30	0	84	0		2	0	0	1
1847	0x737	8ADC	8A DC	0x3E5DD2	0	98	0		0	0	1	1
1848	0x738	8ADD	8A DD	0x3E5E74	0	48	0		0	0	1	1
1849	0x739	8ADE	8A DE	0x3E5F16	0	57	0		1	0	0	1
1850	0x73A	8ADF	8A DF	0x3E5FB8	0	77	0		0	0	1	1
1851	0x73B	8AE0	8A E0	0x3E605A	0	89	0		1	0	0	1
1852	0x73C	8AE1	8A E1	0x3E60FC	0	67	0		0	0	1	1
1853	0x73D	8AE2	8A E2	0x3E619E	0	98	0		0	0	1	1
1854	0x73E	8AE3	8A E3	0x3E6240	0	88	0		0	0	1	1
1855	0x73F	8AE4	8A E4	0x3E62E2	0	95	0		1	0	0	1
1856	0x740	8AE5	8A E5	0x3E6384	0	90	0		0	0	1	1
1857	0x741	8AE6	8A E6	0x3E6426	0	96	0		0	0	1	1
1858	0x742	8AE7	8A E7	0x3E64C8	0	79	0		0	0	1	1
1859	0x743	8AE8	8A E8	0x3E656A	0	94	0		1	0	0	1
1860	0x744	8AE9	8A E9	0x3E660C	0	99	0		1	0	0	1
1861	0x745	8AEA	8A EA	0x3E66AE	0	79	0		0	0	1	1
1862	0x746	8AEB	8A EB	0x3E6750	0	84	0		1	0	0	1
1863	0x747	8AEC	8A EC	0x3E67F2	0	87	0		1	0	0	1
1864	0x748	8AED	8A ED	0x3E6894	0	82	0		0	0	1	1
1865	0x749	8AEE	8A EE	0x3E6936	0	87	0		0	0	1	1
1866	0x74A	8AEF	8A EF	0x3E69D8	0	99	0		0	0	1	1
1867	0x74B	8AF0	8A F0	0x3E6A7A	0	92	0		3	0	0	1
1868	0x74C	8AF1	8A F1	0x3E6B1C	0	95	0		0	1	0	0
1869	0x74D	8AF2	8A F2	0x3E6BBE	0	100	0		1	0	0	1
1870	0x74E	8AF3	8A F3	0x3E6C60	0	97	0		2	0	0	1
1871	0x74F	8AF4	8A F4	0x3E6D02	0	100	0		0	0	1	1
1872	0x750	8AF5	8A F5	0x3E6DA4	0	94	0		1	0	0	1
1873	0x751	8AF6	8A F6	0x3E6E46	0	97	0		0	0	1	1
1874	0x752	8AF7	8A F7	0x3E6EE8	0	89	0		1	0	0	1
1875	0x753	8AF8	8A F8	0x3E6F8A	0	98	0		1	0	0	1
1876	0x754	8AF9	8A F9	0x3E702C	0	102	0		1	0	0	1
1877	0x755	8AFA	8A FA	0x3E70CE	0	108	0		0	0	1	1
1878	0x756	8AFB	8A FB	0x3E7170	0	109	0		2	0	0	1
1879	0x757	8AFC	8A FC	0x3E7212	0	99	0		0	1	0	0
1880	0x758	8B40	8B 40	0x3E72B4	0	76	0		5	0	0	1
1881	0x759	8B41	8B 41	0x3E7356	0	96	0		4	0	0	1
1882	0x75A	8B42	8B 42	0x3E73F8	0	80	0		1	1	0	0
1883	0x75B	8B43	8B 43	0x3E749A	0	96	0		4	0	0	1
1884	0x75C	8B44	8B 44	0x3E753C	0	84	0		3	0	0	1
1885	0x75D	8B45	8B 45	0x3E75DE	0	79	0		0	0	1	1
1886	0x75E	8B46	8B 46	0x3E7680	0	82	0		1	0	0	1
1887	0x75F	8B47	8B 47	0x3E7722	0	81	0		2	0	0	1
1888	0x760	8B48	8B 48	0x3E77C4	0	101	0		0	0	1	1
1889	0x761	8B49	8B 49	0x3E7866	0	92	0		1	0	0	1
1890	0x762	8B4A	8B 4A	0x3E7908	0	94	0		3	0	0	1
1891	0x763	8B4B	8B 4B	0x3E79AA	0	90	0		1	0	0	1
1892	0x764	8B4C	8B 4C	0x3E7A4C	0	92	0		1	0	0	1
1893	0x765	8B4D	8B 4D	0x3E7AEE	0	53	0		2	0	0	1
1894	0x766	8B4E	8B 4E	0x3E7B90	0	110	0		1	0	0	1
1895	0x767	8B4F	8B 4F	0x3E7C32	0	90	0		0	1	0	0
1896	0x768	8B50	8B 50	0x3E7CD4	0	101	0		1	0	0	1
1897	0x769	8B51	8B 51	0x3E7D76	0	83	0		0	1	0	0
1898	0x76A	8B52	8B 52	0x3E7E18	0	85	0		3	0	0	1
1899	0x76B	8B53	8B 53	0x3E7EBA	0	100	0		0	1	0	0
1900	0x76C	8B54	8B 54	0x3E7F5C	0	94	0		0	0	1	1
1901	0x76D	8B55	8B 55	0x3E7FFE	0	96	0		0	0	1	1
1902	0x76E	8B56	8B 56	0x3E80A0	0	62	0		6	0	0	1
1903	0x76F	8B57	8B 57	0x3E8142	0	91	0		1	0	0	1
1904	0x770	8B58	8B 58	0x3E81E4	0	85	0		2	0	0	1
1905	0x771	8B59	8B 59	0x3E8286	0	90	0		0	0	1	1
1906	0x772	8B5A	8B 5A	0x3E8328	0	85	0		0	1	0	0
1907	0x773	8B5B	8B 5B	0x3E83CA	0	97	0		0	2	0	0
1908	0x774	8B5C	8B 5C	0x3E846C	0	71	0		2	0	0	1
1909	0x775	8B5D	8B 5D	0x3E850E	0	77	0		2	1	0	0
1910	0x776	8B5E	8B 5E	0x3E85B0	0	92	0		3	0	0	1
1911	0x777	8B5F	8B 5F	0x3E8652	0	98	0		5	1	0	0
1912	0x778	8B60	8B 60	0x3E86F4	0	88	0		2	0	0	1
1913	0x779	8B61	8B 61	0x3E8796	0	75	0		0	1	0	0
1914	0x77A	8B62	8B 62	0x3E8838	0	70	0		3	1	0	0
1915	0x77B	8B63	8B 63	0x3E88DA	0	89	0		3	0	0	1
1916	0x77C	8B64	8B 64	0x3E897C	0	77	0		0	0	1	1
1917	0x77D	8B65	8B 65	0x3E8A1E	0	91	0		0	1	0	0
1918	0x77E	8B66	8B 66	0x3E8AC0	0	42	0		0	2	0	0
1919	0x77F	8B67	8B 67	0x3E8B62	0	53	0		1	0	0	1
1920	0x780	8B68	8B 68	0x3E8C04	0	67	0		0	1	0	0
1921	0x781	8B69	8B 69	0x3E8CA6	0	103	0		1	0	0	1
1922	0x782	8B6A	8B 6A	0x3E8D48	0	61	0		0	0	1	1
1923	0x783	8B6B	8B 6B	0x3E8DEA	0	80	0		0	0	1	1
1924	0x784	8B6C	8B 6C	0x3E8E8C	0	85	0		0	0	1	1
1925	0x785	8B6D	8B 6D	0x3E8F2E	0	70	0		1	1	0	0
1926	0x786	8B6E	8B 6E	0x3E8FD0	0	94	0		0	1	0	0
1927	0x787	8B6F	8B 6F	0x3E9072	0	92	0		1	0	0	1
1928	0x788	8B70	8B 70	0x3E9114	0	83	0		3	2	0	0
1929	0x789	8B71	8B 71	0x3E91B6	0	88	0		0	4	0	0
1930	0x78A	8B72	8B 72	0x3E9258	0	98	0		1	0	0	1
1931	0x78B	8B73	8B 73	0x3E92FA	0	85	0		6	0	0	1
1932	0x78C	8B74	8B 74	0x3E939C	0	95	0		2	1	0	0
1933	0x78D	8B75	8B 75	0x3E943E	0	93	0		2	0	0	1
1934	0x78E	8B76	8B 76	0x3E94E0	0	90	0		5	0	0	1
1935	0x78F	8B77	8B 77	0x3E9582	0	94	0		1	1	0	0
1936	0x790	8B78	8B 78	0x3E9624	0	95	0		1	2	0	0
1937	0x791	8B79	8B 79	0x3E96C6	0	85	0		0	1	0	0
1938	0x792	8B7A	8B 7A	0x3E9768	0	79	0		1	0	0	1
1939	0x793	8B7B	8B 7B	0x3E980A	0	78	0		1	0	0	1
1940	0x794	8B7C	8B 7C	0x3E98AC	0	92	0		0	1	0	0
1941	0x795	8B7D	8B 7D	0x3E994E	0	94	0		2	1	0	0
1942	0x796	8B7E	8B 7E	0x3E99F0	0	73	0		0	1	0	0
1943	0x797	8B80	8B 80	0x3E9A92	0	87	0		0	114	0	0
1944	0x798	8B81	8B 81	0x3E9B34	0	97	0		0	3	0	0
1945	0x799	8B82	8B 82	0x3E9BD6	0	98	0		3	0	0	1
1946	0x79A	8B83	8B 83	0x3E9C78	0	79	0		0	0	1	1
1947	0x79B	8B84	8B 84	0x3E9D1A	0	90	0		0	0	1	1
1948	0x79C	8B85	8B 85	0x3E9DBC	0	95	0		0	1	0	0
1949	0x79D	8B86	8B 86	0x3E9E5E	0	102	0		0	2	0	0
1950	0x79E	8B87	8B 87	0x3E9F00	0	96	0		0	1	0	0
1951	0x79F	8B88	8B 88	0x3E9FA2	0	100	0		0	8	0	0
1952	0x7A0	8B89	8B 89	0x3EA044	0	97	0		1	5	0	0
1953	0x7A1	8B8A	8B 8A	0x3EA0E6	0	94	0		1	0	0	1
1954	0x7A2	8B8B	8B 8B	0x3EA188	0	104	0		1	7	0	0
1955	0x7A3	8B8C	8B 8C	0x3EA22A	0	90	0		0	4	0	0
1956	0x7A4	8B8D	8B 8D	0x3EA2CC	0	91	0		8	5	0	0
1957	0x7A5	8B8E	8B 8E	0x3EA36E	0	97	0		0	1	0	0
1958	0x7A6	8B8F	8B 8F	0x3EA410	0	97	0		0	1	0	0
1959	0x7A7	8B90	8B 90	0x3EA4B2	0	104	0		1	6	0	0
1960	0x7A8	8B91	8B 91	0x3EA554	0	105	0		0	2	0	0
1961	0x7A9	8B92	8B 92	0x3EA5F6	0	99	0		1	0	0	1
1962	0x7AA	8B93	8B 93	0x3EA698	0	86	0		1	2	0	0
1963	0x7AB	8B94	8B 94	0x3EA73A	0	96	0		0	1	0	0
1964	0x7AC	8B95	8B 95	0x3EA7DC	0	76	0		5	0	0	1
1965	0x7AD	8B96	8B 96	0x3EA87E	0	110	0		2	1	0	0
1966	0x7AE	8B97	8B 97	0x3EA920	0	83	0		0	0	1	1
1967	0x7AF	8B98	8B 98	0x3EA9C2	0	105	0		1	0	0	1
1968	0x7B0	8B99	8B 99	0x3EAA64	0	92	0		0	5	0	0
1969	0x7B1	8B9A	8B 9A	0x3EAB06	0	100	0		0	0	1	1
1970	0x7B2	8B9B	8B 9B	0x3EABA8	0	57	0		0	0	1	1
1971	0x7B3	8B9C	8B 9C	0x3EAC4A	0	83	0		0	0	1	1
1972	0x7B4	8B9D	8B 9D	0x3EACEC	0	110	0		0	0	1	1
1973	0x7B5	8B9E	8B 9E	0x3EAD8E	0	88	0		0	4	0	0
1974	0x7B6	8B9F	8B 9F	0x3EAE30	0	72	0		1	1	0	0
1975	0x7B7	8BA0	8B A0	0x3EAED2	0	94	0		1	0	0	1
1976	0x7B8	8BA1	8B A1	0x3EAF74	0	102	0		0	0	1	1
1977	0x7B9	8BA2	8B A2	0x3EB016	0	92	0		1	1	0	0
1978	0x7BA	8BA3	8B A3	0x3EB0B8	0	90	0		0	0	1	1
1979	0x7BB	8BA4	8B A4	0x3EB15A	0	80	0		2	0	0	1
1980	0x7BC	8BA5	8B A5	0x3EB1FC	0	84	0		0	0	1	1
1981	0x7BD	8BA6	8B A6	0x3EB29E	0	86	0		0	0	1	1
1982	0x7BE	8BA7	8B A7	0x3EB340	0	83	0		0	0	1	1
1983	0x7BF	8BA8	8B A8	0x3EB3E2	0	91	0		1	0	0	1
1984	0x7C0	8BA9	8B A9	0x3EB484	0	79	0		0	0	1	1
1985	0x7C1	8BAA	8B AA	0x3EB526	0	100	0		0	0	1	1
1986	0x7C2	8BAB	8B AB	0x3EB5C8	0	97	0		0	0	1	1
1987	0x7C3	8BAC	8B AC	0x3EB66A	0	93	0		0	0	1	1
1988	0x7C4	8BAD	8B AD	0x3EB70C	0	64	0		0	0	1	1
1989	0x7C5	8BAE	8B AE	0x3EB7AE	0	86	0		1	1	0	0
1990	0x7C6	8BAF	8B AF	0x3EB850	0	94	0		0	0	1	1
1991	0x7C7	8BB0	8B B0	0x3EB8F2	0	70	0		0	1	0	0
1992	0x7C8	8BB1	8B B1	0x3EB994	0	95	0		1	0	0	1
1993	0x7C9	8BB2	8B B2	0x3EBA36	0	102	0		2	2	0	0
1994	0x7CA	8BB3	8B B3	0x3EBAD8	0	84	0		0	0	1	1
1995	0x7CB	8BB4	8B B4	0x3EBB7A	0	65	0		1	0	0	1
1996	0x7CC	8BB5	8B B5	0x3EBC1C	0	93	0		1	0	0	1
1997	0x7CD	8BB6	8B B6	0x3EBCBE	0	79	0		1	0	0	1
1998	0x7CE	8BB7	8B B7	0x3EBD60	0	103	0		1	1	0	0
1999	0x7CF	8BB8	8B B8	0x3EBE02	0	85	0		0	0	1	1
2000	0x7D0	8BB9	8B B9	0x3EBEA4	0	99	0		1	2	0	0
2001	0x7D1	8BBA	8B BA	0x3EBF46	0	101	0		1	0	0	1
2002	0x7D2	8BBB	8B BB	0x3EBFE8	0	110	0		0	0	1	1
2003	0x7D3	8BBC	8B BC	0x3EC08A	0	79	0		0	0	1	1
2004	0x7D4	8BBD	8B BD	0x3EC12C	0	99	0		2	0	0	1
2005	0x7D5	8BBE	8B BE	0x3EC1CE	0	79	0		0	0	1	1
2006	0x7D6	8BBF	8B BF	0x3EC270	0	94	0		2	1	0	0
2007	0x7D7	8BC0	8B C0	0x3EC312	0	103	0		0	1	0	0
2008	0x7D8	8BC1	8B C1	0x3EC3B4	0	90	0		0	2	0	0
2009	0x7D9	8BC2	8B C2	0x3EC456	0	90	0		2	2	0	0
2010	0x7DA	8BC3	8B C3	0x3EC4F8	0	102	0		1	0	0	1
2011	0x7DB	8BC4	8B C4	0x3EC59A	0	89	0		0	0	1	1
2012	0x7DC	8BC5	8B C5	0x3EC63C	0	66	0		0	0	1	1
2013	0x7DD	8BC6	8B C6	0x3EC6DE	0	76	0		1	0	0	1
2014	0x7DE	8BC7	8B C7	0x3EC780	0	91	0		0	0	1	1
2015	0x7DF	8BC8	8B C8	0x3EC822	0	59	0		2	0	0	1
2016	0x7E0	8BC9	8B C9	0x3EC8C4	0	105	0		0	0	1	1
2017	0x7E1	8BCA	8B CA	0x3EC966	0	105	0		0	0	1	1
2018	0x7E2	8BCB	8B CB	0x3ECA08	0	102	0		0	0	1	1
2019	0x7E3	8BCC	8B CC	0x3ECAAA	0	81	0		1	0	0	1
2020	0x7E4	8BCD	8B CD	0x3ECB4C	0	78	0		2	0	0	1
2021	0x7E5	8BCE	8B CE	0x3ECBEE	0	79	0		1	0	0	1
2022	0x7E6	8BCF	8B CF	0x3ECC90	0	92	0		0	0	1	1
2023	0x7E7	8BD0	8B D0	0x3ECD32	0	97	0		0	0	1	1
2024	0x7E8	8BD1	8B D1	0x3ECDD4	0	87	0		0	0	1	1
2025	0x7E9	8BD2	8B D2	0x3ECE76	0	75	0		5	0	0	1
2026	0x7EA	8BD3	8B D3	0x3ECF18	0	96	0		5	0	0	1
2027	0x7EB	8BD4	8B D4	0x3ECFBA	0	91	0		1	0	0	1
2028	0x7EC	8BD5	8B D5	0x3ED05C	0	98	0		2	0	0	1
2029	0x7ED	8BD6	8B D6	0x3ED0FE	0	89	0		0	0	1	1
2030	0x7EE	8BD7	8B D7	0x3ED1A0	0	90	0		0	0	1	1
2031	0x7EF	8BD8	8B D8	0x3ED242	0	98	0		6	0	0	1
2032	0x7F0	8BD9	8B D9	0x3ED2E4	0	94	0		0	0	1	1
2033	0x7F1	8BDA	8B DA	0x3ED386	0	97	0		1	0	0	1
2034	0x7F2	8BDB	8B DB	0x3ED428	0	85	0		1	0	0	1
2035	0x7F3	8BDC	8B DC	0x3ED4CA	0	105	0		0	0	1	1
2036	0x7F4	8BDD	8B DD	0x3ED56C	0	67	0		1	0	0	1
2037	0x7F5	8BDE	8B DE	0x3ED60E	0	97	0		0	0	1	1
2038	0x7F6	8BDF	8B DF	0x3ED6B0	0	80	0		0	0	1	1
2039	0x7F7	8BE0	8B E0	0x3ED752	0	80	0		0	0	1	1
2040	0x7F8	8BE1	8B E1	0x3ED7F4	0	50	0		0	0	1	1
2041	0x7F9	8BE2	8B E2	0x3ED896	0	61	0		0	0	1	1
2042	0x7FA	8BE3	8B E3	0x3ED938	0	81	0		2	0	0	1
2043	0x7FB	8BE4	8B E4	0x3ED9DA	0	81	0		0	0	1	1
2044	0x7FC	8BE5	8B E5	0x3EDA7C	0	74	0		0	0	1	1
2045	0x7FD	8BE6	8B E6	0x3EDB1E	0	78	0		0	0	1	1
2046	0x7FE	8BE7	8B E7	0x3EDBC0	0	107	0		0	0	1	1
2047	0x7FF	8BE8	8B E8	0x3EDC62	0	90	0		1	0	0	1
2048	0x800	8BE9	8B E9	0x3EDD04	0	101	0		1	0	0	1
2049	0x801	8BEA	8B EA	0x3EDDA6	0	85	0		1	0	0	1
2050	0x802	8BEB	8B EB	0x3EDE48	0	98	0		0	0	1	1
2051	0x803	8BEC	8B EC	0x3EDEEA	0	85	0		0	0	1	1
2052	0x804	8BED	8B ED	0x3EDF8C	0	87	0		3	0	0	1
2053	0x805	8BEE	8B EE	0x3EE02E	0	92	0		1	0	0	1
2054	0x806	8BEF	8B EF	0x3EE0D0	0	95	0		0	0	1	1
2055	0x807	8BF0	8B F0	0x3EE172	0	98	0		2	0	0	1
2056	0x808	8BF1	8B F1	0x3EE214	0	94	0		2	0	0	1
2057	0x809	8BF2	8B F2	0x3EE2B6	0	110	0		0	0	1	1
2058	0x80A	8BF3	8B F3	0x3EE358	0	89	0		0	0	1	1
2059	0x80B	8BF4	8B F4	0x3EE3FA	0	83	0		0	0	1	1
2060	0x80C	8BF5	8B F5	0x3EE49C	0	99	0		0	0	1	1
2061	0x80D	8BF6	8B F6	0x3EE53E	0	100	0		1	0	0	1
2062	0x80E	8BF7	8B F7	0x3EE5E0	0	105	0		0	0	1	1
2063	0x80F	8BF8	8B F8	0x3EE682	0	85	0		2	0	0	1
2064	0x810	8BF9	8B F9	0x3EE724	0	100	0		0	0	1	1
2065	0x811	8BFA	8B FA	0x3EE7C6	0	80	0		2	0	0	1
2066	0x812	8BFB	8B FB	0x3EE868	0	99	0		0	0	1	1
2067	0x813	8BFC	8B FC	0x3EE90A	0	96	0		0	0	1	1
2068	0x814	8C40	8C 40	0x3EE9AC	0	87	0		2	1	0	0
2069	0x815	8C41	8C 41	0x3EEA4E	0	93	0		2	0	0	1
2070	0x816	8C42	8C 42	0x3EEAF0	0	95	0		2	0	0	1
2071	0x817	8C43	8C 43	0x3EEB92	0	100	0		0	0	1	1
2072	0x818	8C44	8C 44	0x3EEC34	0	99	0		0	0	1	1
2073	0x819	8C45	8C 45	0x3EECD6	0	100	0		3	0	0	1
2074	0x81A	8C46	8C 46	0x3EED78	0	106	0		0	0	1	1
2075	0x81B	8C47	8C 47	0x3EEE1A	0	86	0		1	0	0	1
2076	0x81C	8C48	8C 48	0x3EEEBC	0	95	0		1	0	0	1
2077	0x81D	8C49	8C 49	0x3EEF5E	0	88	0		2	0	0	1
2078	0x81E	8C4A	8C 4A	0x3EF000	0	81	0		1	0	0	1
2079	0x81F	8C4B	8C 4B	0x3EF0A2	0	98	0		2	0	0	1
2080	0x820	8C4C	8C 4C	0x3EF144	0	92	0		2	0	0	1
2081	0x821	8C4D	8C 4D	0x3EF1E6	0	65	0		0	0	1	1
2082	0x822	8C4E	8C 4E	0x3EF288	0	94	0		1	0	0	1
2083	0x823	8C4F	8C 4F	0x3EF32A	0	96	0		0	0	1	1
2084	0x824	8C50	8C 50	0x3EF3CC	0	101	0		4	0	0	1
2085	0x825	8C51	8C 51	0x3EF46E	0	98	0		3	0	0	1
2086	0x826	8C52	8C 52	0x3EF510	0	95	0		5	1	0	0
2087	0x827	8C53	8C 53	0x3EF5B2	0	90	0		2	0	0	1
2088	0x828	8C54	8C 54	0x3EF654	0	80	0		1	0	0	1
2089	0x829	8C55	8C 55	0x3EF6F6	0	104	0		4	0	0	1
2090	0x82A	8C56	8C 56	0x3EF798	0	88	0		0	0	1	1
2091	0x82B	8C57	8C 57	0x3EF83A	0	87	0		2	0	0	1
2092	0x82C	8C58	8C 58	0x3EF8DC	0	92	0		0	1	0	0
2093	0x82D	8C59	8C 59	0x3EF97E	0	85	0		1	0	0	1
2094	0x82E	8C5A	8C 5A	0x3EFA20	0	95	0		0	0	1	1
2095	0x82F	8C5B	8C 5B	0x3EFAC2	0	84	0		0	0	1	1
2096	0x830	8C5C	8C 5C	0x3EFB64	0	89	0		1	0	0	1
2097	0x831	8C5D	8C 5D	0x3EFC06	0	86	0		3	0	0	1
2098	0x832	8C5E	8C 5E	0x3EFCA8	0	92	0		0	0	1	1
2099	0x833	8C5F	8C 5F	0x3EFD4A	0	87	0		0	0	1	1
2100	0x834	8C60	8C 60	0x3EFDEC	0	81	0		1	1	0	0
2101	0x835	8C61	8C 61	0x3EFE8E	0	92	0		2	0	0	1
2102	0x836	8C62	8C 62	0x3EFF30	0	95	0		0	1	0	0
2103	0x837	8C63	8C 63	0x3EFFD2	0	94	0		2	0	0	1
2104	0x838	8C64	8C 64	0x3F0074	0	75	0		3	2	0	0
2105	0x839	8C65	8C 65	0x3F0116	0	99	0		0	1	0	0
2106	0x83A	8C66	8C 66	0x3F01B8	0	89	0		0	2	0	0
2107	0x83B	8C67	8C 67	0x3F025A	0	99	0		1	0	0	1
2108	0x83C	8C68	8C 68	0x3F02FC	0	90	0		1	0	0	1
2109	0x83D	8C69	8C 69	0x3F039E	0	70	0		0	2	0	0
2110	0x83E	8C6A	8C 6A	0x3F0440	0	90	0		0	3	0	0
2111	0x83F	8C6B	8C 6B	0x3F04E2	0	82	0		1	1	0	0
2112	0x840	8C6C	8C 6C	0x3F0584	0	83	0		1	2	0	0
2113	0x841	8C6D	8C 6D	0x3F0626	0	77	0		2	0	0	1
2114	0x842	8C6E	8C 6E	0x3F06C8	0	85	0		0	1	0	0
2115	0x843	8C6F	8C 6F	0x3F076A	0	82	0		2	0	0	1
2116	0x844	8C70	8C 70	0x3F080C	0	77	0		2	0	0	1
2117	0x845	8C71	8C 71	0x3F08AE	0	90	0		1	1	0	0
2118	0x846	8C72	8C 72	0x3F0950	0	86	0		7	1	0	0
2119	0x847	8C73	8C 73	0x3F09F2	0	98	0		5	6	0	0
2120	0x848	8C74	8C 74	0x3F0A94	0	96	0		2	1	0	0
2121	0x849	8C75	8C 75	0x3F0B36	0	94	0		0	1	0	0
2122	0x84A	8C76	8C 76	0x3F0BD8	0	96	0		0	0	1	1
2123	0x84B	8C77	8C 77	0x3F0C7A	0	88	0		1	0	0	1
2124	0x84C	8C78	8C 78	0x3F0D1C	0	100	0		0	4	0	0
2125	0x84D	8C79	8C 79	0x3F0DBE	0	103	0		0	4	0	0
2126	0x84E	8C7A	8C 7A	0x3F0E60	0	59	0		4	0	0	1
2127	0x84F	8C7B	8C 7B	0x3F0F02	0	88	0		3	0	0	1
2128	0x850	8C7C	8C 7C	0x3F0FA4	0	89	0		2	1	0	0
2129	0x851	8C7D	8C 7D	0x3F1046	0	92	0		2	5	0	0
2130	0x852	8C7E	8C 7E	0x3F10E8	0	104	0		0	0	1	1
2131	0x853	8C80	8C 80	0x3F118A	0	100	0		0	66	0	0
2132	0x854	8C81	8C 81	0x3F122C	0	103	0		0	4	0	0
2133	0x855	8C82	8C 82	0x3F12CE	0	70	0		5	1	0	0
2134	0x856	8C83	8C 83	0x3F1370	0	92	0		1	0	0	1
2135	0x857	8C84	8C 84	0x3F1412	0	95	0		4	6	0	0
2136	0x858	8C85	8C 85	0x3F14B4	0	89	0		2	2	0	0
2137	0x859	8C86	8C 86	0x3F1556	0	106	0		6	1	0	0
2138	0x85A	8C87	8C 87	0x3F15F8	0	109	0		0	2	0	0
2139	0x85B	8C88	8C 88	0x3F169A	0	106	0		1	7	0	0
2140	0x85C	8C89	8C 89	0x3F173C	0	103	0		0	1	0	0
2141	0x85D	8C8A	8C 8A	0x3F17DE	0	78	0		1	5	0	0
2142	0x85E	8C8B	8C 8B	0x3F1880	0	82	0		3	2	0	0
2143	0x85F	8C8C	8C 8C	0x3F1922	0	91	0		1	16	0	0
2144	0x860	8C8D	8C 8D	0x3F19C4	0	83	0		6	3	0	0
2145	0x861	8C8E	8C 8E	0x3F1A66	0	96	0		1	1	0	0
2146	0x862	8C8F	8C 8F	0x3F1B08	0	88	0		0	1	0	0
2147	0x863	8C90	8C 90	0x3F1BAA	0	67	0		1	1	0	0
2148	0x864	8C91	8C 91	0x3F1C4C	0	89	0		1	1	0	0
2149	0x865	8C92	8C 92	0x3F1CEE	0	94	0		1	7	0	0
2150	0x866	8C93	8C 93	0x3F1D90	0	99	0		2	0	0	1
2151	0x867	8C94	8C 94	0x3F1E32	0	96	0		1	2	0	0
2152	0x868	8C95	8C 95	0x3F1ED4	0	105	0		0	2	0	0
2153	0x869	8C96	8C 96	0x3F1F76	0	99	0		1	2	0	0
2154	0x86A	8C97	8C 97	0x3F2018	0	96	0		0	0	1	1
2155	0x86B	8C98	8C 98	0x3F20BA	0	104	0		0	2	0	0
2156	0x86C	8C99	8C 99	0x3F215C	0	111	0		0	1	0	0
2157	0x86D	8C9A	8C 9A	0x3F21FE	0	96	0		0	1	0	0
2158	0x86E	8C9B	8C 9B	0x3F22A0	0	107	0		1	0	0	1
2159	0x86F	8C9C	8C 9C	0x3F2342	0	90	0		2	0	0	1
2160	0x870	8C9D	8C 9D	0x3F23E4	0	85	0		6	0	0	1
2161	0x871	8C9E	8C 9E	0x3F2486	0	98	0		1	2	0	0
2162	0x872	8C9F	8C 9F	0x3F2528	0	92	0		0	1	0	0
2163	0x873	8CA0	8C A0	0x3F25CA	0	85	0		0	0	1	1
2164	0x874	8CA1	8C A1	0x3F266C	0	83	0		0	0	1	1
2165	0x875	8CA2	8C A2	0x3F270E	0	94	0		1	0	0	1
2166	0x876	8CA3	8C A3	0x3F27B0	0	77	0		3	0	0	1
2167	0x877	8CA4	8C A4	0x3F2852	0	98	0		0	0	1	1
2168	0x878	8CA5	8C A5	0x3F28F4	0	64	0		1	0	0	1
2169	0x879	8CA6	8C A6	0x3F2996	0	85	0		1	0	0	1
2170	0x87A	8CA7	8C A7	0x3F2A38	0	89	0		1	1	0	0
2171	0x87B	8CA8	8C A8	0x3F2ADA	0	92	0		1	0	0	1
2172	0x87C	8CA9	8C A9	0x3F2B7C	0	105	0		0	1	0	0
2173	0x87D	8CAA	8C AA	0x3F2C1E	0	91	0		1	0	0	1
2174	0x87E	8CAB	8C AB	0x3F2CC0	0	103	0		0	0	1	1
2175	0x87F	8CAC	8C AC	0x3F2D62	0	63	0		1	1	0	0
2176	0x880	8CAD	8C AD	0x3F2E04	0	91	0		2	0	0	1
2177	0x881	8CAE	8C AE	0x3F2EA6	0	77	0		2	0	0	1
2178	0x882	8CAF	8C AF	0x3F2F48	0	106	0		0	0	1	1
2179	0x883	8CB0	8C B0	0x3F2FEA	0	74	0		3	2	0	0
2180	0x884	8CB1	8C B1	0x3F308C	0	93	0		2	1	0	0
2181	0x885	8CB2	8C B2	0x3F312E	0	85	0		2	1	0	0
2182	0x886	8CB3	8C B3	0x3F31D0	0	99	0		2	0	0	1
2183	0x887	8CB4	8C B4	0x3F3272	0	87	0		2	1	0	0
2184	0x888	8CB5	8C B5	0x3F3314	0	99	0		0	0	1	1
2185	0x889	8CB6	8C B6	0x3F33B6	0	91	0		3	1	0	0
2186	0x88A	8CB7	8C B7	0x3F3458	0	62	0		0	0	1	1
2187	0x88B	8CB8	8C B8	0x3F34FA	0	61	0		0	0	1	1
2188	0x88C	8CB9	8C B9	0x3F359C	0	79	0		1	1	0	0
2189	0x88D	8CBA	8C BA	0x3F363E	0	92	0		0	0	1	1
2190	0x88E	8CBB	8C BB	0x3F36E0	0	85	0		0	0	1	1
2191	0x88F	8CBC	8C BC	0x3F3782	0	96	0		0	0	1	1
2192	0x890	8CBD	8C BD	0x3F3824	0	75	0		1	0	0	1
2193	0x891	8CBE	8C BE	0x3F38C6	0	107	0		1	0	0	1
2194	0x892	8CBF	8C BF	0x3F3968	0	72	0		0	0	1	1
2195	0x893	8CC0	8C C0	0x3F3A0A	0	91	0		3	0	0	1
2196	0x894	8CC1	8C C1	0x3F3AAC	0	104	0		1	2	0	0
2197	0x895	8CC2	8C C2	0x3F3B4E	0	102	0		4	0	0	1
2198	0x896	8CC3	8C C3	0x3F3BF0	0	90	0		2	0	0	1
2199	0x897	8CC4	8C C4	0x3F3C92	0	96	0		2	0	0	1
2200	0x898	8CC5	8C C5	0x3F3D34	0	107	0		0	0	1	1
2201	0x899	8CC6	8C C6	0x3F3DD6	0	84	0		0	0	1	1
2202	0x89A	8CC7	8C C7	0x3F3E78	0	88	0		0	0	1	1
2203	0x89B	8CC8	8C C8	0x3F3F1A	0	83	0		1	0	0	1
2204	0x89C	8CC9	8C C9	0x3F3FBC	0	86	0		0	0	1	1
2205	0x89D	8CCA	8C CA	0x3F405E	0	95	0		0	0	1	1
2206	0x89E	8CCB	8C CB	0x3F4100	0	89	0		1	0	0	1
2207	0x89F	8CCC	8C CC	0x3F41A2	0	86	0		0	0	1	1
2208	0x8A0	8CCD	8C CD	0x3F4244	0	83	0		4	0	0	1
2209	0x8A1	8CCE	8C CE	0x3F42E6	0	103	0		4	0	0	1
2210	0x8A2	8CCF	8C CF	0x3F4388	0	104	0		3	0	0	1
2211	0x8A3	8CD0	8C D0	0x3F442A	0	91	0		2	0	0	1
2212	0x8A4	8CD1	8C D1	0x3F44CC	0	83	0		1	0	0	1
2213	0x8A5	8CD2	8C D2	0x3F456E	0	98	0		1	0	0	1
2214	0x8A6	8CD3	8C D3	0x3F4610	0	95	0		2	0	0	1
2215	0x8A7	8CD4	8C D4	0x3F46B2	0	101	0		2	0	0	1
2216	0x8A8	8CD5	8C D5	0x3F4754	0	79	0		1	0	0	1
2217	0x8A9	8CD6	8C D6	0x3F47F6	0	92	0		1	0	0	1
2218	0x8AA	8CD7	8C D7	0x3F4898	0	86	0		0	0	1	1
2219	0x8AB	8CD8	8C D8	0x3F493A	0	94	0		1	0	0	1
2220	0x8AC	8CD9	8C D9	0x3F49DC	0	95	0		0	0	1	1
2221	0x8AD	8CDA	8C DA	0x3F4A7E	0	95	0		2	0	0	1
2222	0x8AE	8CDB	8C DB	0x3F4B20	0	93	0		1	0	0	1
2223	0x8AF	8CDC	8C DC	0x3F4BC2	0	110	0		2	0	0	1
2224	0x8B0	8CDD	8C DD	0x3F4C64	0	72	0		4	0	0	1
2225	0x8B1	8CDE	8C DE	0x3F4D06	0	67	0		0	0	1	1
2226	0x8B2	8CDF	8C DF	0x3F4DA8	0	54	0		1	0	0	1
2227	0x8B3	8CE0	8C E0	0x3F4E4A	0	81	0		4	0	0	1
2228	0x8B4	8CE1	8C E1	0x3F4EEC	0	103	0		1	0	0	1
2229	0x8B5	8CE2	8C E2	0x3F4F8E	0	101	0		7	0	0	1
2230	0x8B6	8CE3	8C E3	0x3F5030	0	92	0		7	0	0	1
2231	0x8B7	8CE4	8C E4	0x3F50D2	0	97	0		0	0	1	1
2232	0x8B8	8CE5	8C E5	0x3F5174	0	109	0		2	0	0	1
2233	0x8B9	8CE6	8C E6	0x3F5216	0	69	0		1	0	0	1
2234	0x8BA	8CE7	8C E7	0x3F52B8	0	89	0		1	0	0	1
2235	0x8BB	8CE8	8C E8	0x3F535A	0	70	0		1	0	0	1
2236	0x8BC	8CE9	8C E9	0x3F53FC	0	78	0		3	1	0	0
2237	0x8BD	8CEA	8C EA	0x3F549E	0	77	0		0	0	1	1
2238	0x8BE	8CEB	8C EB	0x3F5540	0	80	0		1	0	0	1
2239	0x8BF	8CEC	8C EC	0x3F55E2	0	79	0		1	1	0	0
2240	0x8C0	8CED	8C ED	0x3F5684	0	97	0		2	0	0	1
2241	0x8C1	8CEE	8C EE	0x3F5726	0	83	0		0	0	1	1
2242	0x8C2	8CEF	8C EF	0x3F57C8	0	88	0		2	0	0	1
2243	0x8C3	8CF0	8C F0	0x3F586A	0	100	0		1	0	0	1
2244	0x8C4	8CF1	8C F1	0x3F590C	0	99	0		0	0	1	1
2245	0x8C5	8CF2	8C F2	0x3F59AE	0	98	0		0	0	1	1
2246	0x8C6	8CF3	8C F3	0x3F5A50	0	74	0		0	0	1	1
2247	0x8C7	8CF4	8C F4	0x3F5AF2	0	89	0		1	0	0	1
2248	0x8C8	8CF5	8C F5	0x3F5B94	0	92	0		0	0	1	1
2249	0x8C9	8CF6	8C F6	0x3F5C36	0	57	0		1	0	0	1
2250	0x8CA	8CF7	8C F7	0x3F5CD8	0	71	0		0	0	1	1
2251	0x8CB	8CF8	8C F8	0x3F5D7A	0	71	0		0	0	1	1
2252	0x8CC	8CF9	8C F9	0x3F5E1C	0	91	0		0	0	1	1
2253	0x8CD	8CFA	8C FA	0x3F5EBE	0	83	0		0	0	1	1
2254	0x8CE	8CFB	8C FB	0x3F5F60	0	83	0		1	0	0	1
2255	0x8CF	8CFC	8C FC	0x3F6002	0	93	0		3	0	0	1
2256	0x8D0	8D40	8D 40	0x3F60A4	0	87	0		13	0	0	1
2257	0x8D1	8D41	8D 41	0x3F6146	0	88	0		14	0	0	1
2258	0x8D2	8D42	8D 42	0x3F61E8	0	85	0		30	0	0	1
2259	0x8D3	8D43	8D 43	0x3F628A	0	102	0		13	0	0	1
2260	0x8D4	8D44	8D 44	0x3F632C	0	72	0		2	0	0	1
2261	0x8D5	8D45	8D 45	0x3F63CE	0	96	0		3	0	0	1
2262	0x8D6	8D46	8D 46	0x3F6470	0	107	0		5	0	0	1
2263	0x8D7	8D47	8D 47	0x3F6512	0	103	0		11	0	0	1
2264	0x8D8	8D48	8D 48	0x3F65B4	0	89	0		6	0	0	1
2265	0x8D9	8D49	8D 49	0x3F6656	0	69	0		3	0	0	1
2266	0x8DA	8D4A	8D 4A	0x3F66F8	0	75	0		5	0	0	1
2267	0x8DB	8D4B	8D 4B	0x3F679A	0	96	0		7	0	0	1
2268	0x8DC	8D4C	8D 4C	0x3F683C	0	76	0		5	0	0	1
2269	0x8DD	8D4D	8D 4D	0x3F68DE	0	76	0		4	0	0	1
2270	0x8DE	8D4E	8D 4E	0x3F6980	0	94	0		7	2	0	0
2271	0x8DF	8D4F	8D 4F	0x3F6A22	0	63	0		46	0	0	1
2272	0x8E0	8D50	8D 50	0x3F6AC4	0	100	0		2	0	0	1
2273	0x8E1	8D51	8D 51	0x3F6B66	0	85	0		3	0	0	1
2274	0x8E2	8D52	8D 52	0x3F6C08	0	97	0		4	0	0	1
2275	0x8E3	8D53	8D 53	0x3F6CAA	0	84	0		5	0	0	1
2276	0x8E4	8D54	8D 54	0x3F6D4C	0	90	0		1	0	0	1
2277	0x8E5	8D55	8D 55	0x3F6DEE	0	98	0		2	0	0	1
2278	0x8E6	8D56	8D 56	0x3F6E90	0	79	0		3	0	0	1
2279	0x8E7	8D57	8D 57	0x3F6F32	0	96	0		0	0	1	1
2280	0x8E8	8D58	8D 58	0x3F6FD4	0	91	0		1	0	0	1
2281	0x8E9	8D59	8D 59	0x3F7076	0	84	0		0	1	0	0
2282	0x8EA	8D5A	8D 5A	0x3F7118	0	90	0		4	0	0	1
2283	0x8EB	8D5B	8D 5B	0x3F71BA	0	94	0		3	0	0	1
2284	0x8EC	8D5C	8D 5C	0x3F725C	0	94	0		2	0	0	1
2285	0x8ED	8D5D	8D 5D	0x3F72FE	0	90	0		2	0	0	1
2286	0x8EE	8D5E	8D 5E	0x3F73A0	0	97	0		54	0	0	1
2287	0x8EF	8D5F	8D 5F	0x3F7442	0	91	0		2	0	0	1
2288	0x8F0	8D60	8D 60	0x3F74E4	0	90	0		0	2	0	0
2289	0x8F1	8D61	8D 61	0x3F7586	0	96	0		4	0	0	1
2290	0x8F2	8D62	8D 62	0x3F7628	0	103	0		4	1	0	0
2291	0x8F3	8D63	8D 63	0x3F76CA	0	95	0		3	0	0	1
2292	0x8F4	8D64	8D 64	0x3F776C	0	74	0		5	0	0	1
2293	0x8F5	8D65	8D 65	0x3F780E	0	93	0		3	0	0	1
2294	0x8F6	8D66	8D 66	0x3F78B0	0	92	0		2	0	0	1
2295	0x8F7	8D67	8D 67	0x3F7952	0	77	0		2	1	0	0
2296	0x8F8	8D68	8D 68	0x3F79F4	0	87	0		2	0	0	1
2297	0x8F9	8D69	8D 69	0x3F7A96	0	93	0		2	0	0	1
2298	0x8FA	8D6A	8D 6A	0x3F7B38	0	80	0		0	1	0	0
2299	0x8FB	8D6B	8D 6B	0x3F7BDA	0	82	0		0	1	0	0
2300	0x8FC	8D6C	8D 6C	0x3F7C7C	0	87	0		2	0	0	1
2301	0x8FD	8D6D	8D 6D	0x3F7D1E	0	90	0		5	1	0	0
2302	0x8FE	8D6E	8D 6E	0x3F7DC0	0	98	0		4	0	0	1
2303	0x8FF	8D6F	8D 6F	0x3F7E62	0	86	0		3	0	0	1
2304	0x900	8D70	8D 70	0x3F7F04	0	86	0		3	1	0	0
2305	0x901	8D71	8D 71	0x3F7FA6	0	85	0		5	1	0	0
2306	0x902	8D72	8D 72	0x3F8048	0	89	0		16	0	0	1
2307	0x903	8D73	8D 73	0x3F80EA	0	100	0		4	2	0	0
2308	0x904	8D74	8D 74	0x3F818C	0	93	0		0	1	0	0
2309	0x905	8D75	8D 75	0x3F822E	0	82	0		5	2	0	0
2310	0x906	8D76	8D 76	0x3F82D0	0	78	0		3	2	0	0
2311	0x907	8D77	8D 77	0x3F8372	0	86	0		5	0	0	1
2312	0x908	8D78	8D 78	0x3F8414	0	89	0		50	0	0	1
2313	0x909	8D79	8D 79	0x3F84B6	0	91	0		1	0	0	1
2314	0x90A	8D7A	8D 7A	0x3F8558	0	89	0		1	0	0	1
2315	0x90B	8D7B	8D 7B	0x3F85FA	0	78	0		3	0	0	1
2316	0x90C	8D7C	8D 7C	0x3F869C	0	84	0		1	1	0	0
2317	0x90D	8D7D	8D 7D	0x3F873E	0	103	0		4	2	0	0
2318	0x90E	8D7E	8D 7E	0x3F87E0	0	86	0		1	1	0	0
2319	0x90F	8D80	8D 80	0x3F8882	0	52	0		2	100	0	0
2320	0x910	8D81	8D 81	0x3F8924	0	71	0		1	0	0	1
2321	0x911	8D82	8D 82	0x3F89C6	0	81	0		2	0	0	1
2322	0x912	8D83	8D 83	0x3F8A68	0	81	0		11	2	0	0
2323	0x913	8D84	8D 84	0x3F8B0A	0	85	0		39	4	0	0
2324	0x914	8D85	8D 85	0x3F8BAC	0	78	0		1	3	0	0
2325	0x915	8D86	8D 86	0x3F8C4E	0	82	0		1	3	0	0
2326	0x916	8D87	8D 87	0x3F8CF0	0	71	0		1	3	0	0
2327	0x917	8D88	8D 88	0x3F8D92	0	68	0		2	3	0	0
2328	0x918	8D89	8D 89	0x3F8E34	0	80	0		1	1	0	0
2329	0x919	8D8A	8D 8A	0x3F8ED6	0	82	0		3	3	0	0
2330	0x91A	8D8B	8D 8B	0x3F8F78	0	95	0		1	5	0	0
2331	0x91B	8D8C	8D 8C	0x3F901A	0	94	0		0	4	0	0
2332	0x91C	8D8D	8D 8D	0x3F90BC	0	90	0		1	12	0	0
2333	0x91D	8D8E	8D 8E	0x3F915E	0	97	0		1	13	0	0
2334	0x91E	8D8F	8D 8F	0x3F9200	0	96	0		2	6	0	0
2335	0x91F	8D90	8D 90	0x3F92A2	0	104	0		3	3	0	0
2336	0x920	8D91	8D 91	0x3F9344	0	71	0		1	9	0	0
2337	0x921	8D92	8D 92	0x3F93E6	0	90	0		4	0	0	1
2338	0x922	8D93	8D 93	0x3F9488	0	90	0		6	0	0	1
2339	0x923	8D94	8D 94	0x3F952A	0	35	0		2	3	0	0
2340	0x924	8D95	8D 95	0x3F95CC	0	83	0		0	0	1	1
2341	0x925	8D96	8D 96	0x3F966E	0	92	0		0	2	0	0
2342	0x926	8D97	8D 97	0x3F9710	0	100	0		3	0	0	1
2343	0x927	8D98	8D 98	0x3F97B2	0	94	0		3	1	0	0
2344	0x928	8D99	8D 99	0x3F9854	0	91	0		3	2	0	0
2345	0x929	8D9A	8D 9A	0x3F98F6	0	102	0		3	0	0	1
2346	0x92A	8D9B	8D 9B	0x3F9998	0	68	0		0	1	0	0
2347	0x92B	8D9C	8D 9C	0x3F9A3A	0	73	0		2	1	0	0
2348	0x92C	8D9D	8D 9D	0x3F9ADC	0	93	0		3	0	0	1
2349	0x92D	8D9E	8D 9E	0x3F9B7E	0	94	0		0	0	1	1
2350	0x92E	8D9F	8D 9F	0x3F9C20	0	104	0		1	0	0	1
2351	0x92F	8DA0	8D A0	0x3F9CC2	0	98	0		1	0	0	1
2352	0x930	8DA1	8D A1	0x3F9D64	0	92	0		2	0	0	1
2353	0x931	8DA2	8D A2	0x3F9E06	0	105	0		0	0	1	1
2354	0x932	8DA3	8D A3	0x3F9EA8	0	97	0		0	0	1	1
2355	0x933	8DA4	8D A4	0x3F9F4A	0	98	0		0	2	0	0
2356	0x934	8DA5	8D A5	0x3F9FEC	0	101	0		2	0	0	1
2357	0x935	8DA6	8D A6	0x3FA08E	0	64	0		5	0	0	1
2358	0x936	8DA7	8D A7	0x3FA130	0	103	0		2	0	0	1
2359	0x937	8DA8	8D A8	0x3FA1D2	0	99	0		0	2	0	0
2360	0x938	8DA9	8D A9	0x3FA274	0	100	0		1	0	0	1
2361	0x939	8DAA	8D AA	0x3FA316	0	104	0		0	1	0	0
2362	0x93A	8DAB	8D AB	0x3FA3B8	0	101	0		1	0	0	1
2363	0x93B	8DAC	8D AC	0x3FA45A	0	94	0		0	0	1	1
2364	0x93C	8DAD	8D AD	0x3FA4FC	0	96	0		3	0	0	1
2365	0x93D	8DAE	8D AE	0x3FA59E	0	94	0		2	0	0	1
2366	0x93E	8DAF	8D AF	0x3FA640	0	93	0		1	0	0	1
2367	0x93F	8DB0	8D B0	0x3FA6E2	0	101	0		3	0	0	1
2368	0x940	8DB1	8D B1	0x3FA784	0	74	0		0	0	1	1
2369	0x941	8DB2	8D B2	0x3FA826	0	98	0		1	0	0	1
2370	0x942	8DB3	8D B3	0x3FA8C8	0	80	0		3	1	0	0
2371	0x943	8DB4	8D B4	0x3FA96A	0	97	0		4	1	0	0
2372	0x944	8DB5	8D B5	0x3FAA0C	0	97	0		1	0	0	1
2373	0x945	8DB6	8D B6	0x3FAAAE	0	80	0		0	0	1	1
2374	0x946	8DB7	8D B7	0x3FAB50	0	90	0		3	0	0	1
2375	0x947	8DB8	8D B8	0x3FABF2	0	87	0		0	0	1	1
2376	0x948	8DB9	8D B9	0x3FAC94	0	80	0		3	2	0	0
2377	0x949	8DBA	8D BA	0x3FAD36	0	90	0		1	0	0	1
2378	0x94A	8DBB	8D BB	0x3FADD8	0	101	0		1	0	0	1
2379	0x94B	8DBC	8D BC	0x3FAE7A	0	91	0		2	0	0	1
2380	0x94C	8DBD	8D BD	0x3FAF1C	0	84	0		0	0	1	1
2381	0x94D	8DBE	8D BE	0x3FAFBE	0	90	0		7	1	0	0
2382	0x94E	8DBF	8D BF	0x3FB060	0	90	0		2	0	0	1
2383	0x94F	8DC0	8D C0	0x3FB102	0	94	0		2	0	0	1
2384	0x950	8DC1	8D C1	0x3FB1A4	0	86	0		3	0	0	1
2385	0x951	8DC2	8D C2	0x3FB246	0	98	0		1	1	0	0
2386	0x952	8DC3	8D C3	0x3FB2E8	0	93	0		4	1	0	0
2387	0x953	8DC4	8D C4	0x3FB38A	0	100	0		2	0	0	1
2388	0x954	8DC5	8D C5	0x3FB42C	0	94	0		1	0	0	1
2389	0x955	8DC6	8D C6	0x3FB4CE	0	97	0		0	0	1	1
2390	0x956	8DC7	8D C7	0x3FB570	0	99	0		1	0	0	1
2391	0x957	8DC8	8D C8	0x3FB612	0	109	0		0	0	1	1
2392	0x958	8DC9	8D C9	0x3FB6B4	0	86	0		0	0	1	1
2393	0x959	8DCA	8D CA	0x3FB756	0	96	0		1	0	0	1
2394	0x95A	8DCB	8D CB	0x3FB7F8	0	88	0		2	0	0	1
2395	0x95B	8DCC	8D CC	0x3FB89A	0	68	0		3	0	0	1
2396	0x95C	8DCD	8D CD	0x3FB93C	0	85	0		4	0	0	1
2397	0x95D	8DCE	8D CE	0x3FB9DE	0	100	0		2	0	0	1
2398	0x95E	8DCF	8D CF	0x3FBA80	0	95	0		3	0	0	1
2399	0x95F	8DD0	8D D0	0x3FBB22	0	94	0		3	0	0	1
2400	0x960	8DD1	8D D1	0x3FBBC4	0	96	0		3	0	0	1
2401	0x961	8DD2	8D D2	0x3FBC66	0	69	0		3	0	0	1
2402	0x962	8DD3	8D D3	0x3FBD08	0	83	0		7	0	0	1
2403	0x963	8DD4	8D D4	0x3FBDAA	0	101	0		2	0	0	1
2404	0x964	8DD5	8D D5	0x3FBE4C	0	96	0		2	0	0	1
2405	0x965	8DD6	8D D6	0x3FBEEE	0	66	0		2	0	0	1
2406	0x966	8DD7	8D D7	0x3FBF90	0	73	0		2	0	0	1
2407	0x967	8DD8	8D D8	0x3FC032	0	93	0		3	0	0	1
2408	0x968	8DD9	8D D9	0x3FC0D4	0	108	0		5	0	0	1
2409	0x969	8DDA	8D DA	0x3FC176	0	76	0		2	0	0	1
2410	0x96A	8DDB	8D DB	0x3FC218	0	96	0		4	0	0	1
2411	0x96B	8DDC	8D DC	0x3FC2BA	0	86	0		0	0	1	1
2412	0x96C	8DDD	8D DD	0x3FC35C	0	97	0		0	0	1	1
2413	0x96D	8DDE	8D DE	0x3FC3FE	0	99	0		1	0	0	1
2414	0x96E	8DDF	8D DF	0x3FC4A0	0	72	0		0	0	1	1
2415	0x96F	8DE0	8D E0	0x3FC542	0	60	0		4	0	0	1
2416	0x970	8DE1	8D E1	0x3FC5E4	0	94	0		10	0	0	1
2417	0x971	8DE2	8D E2	0x3FC686	0	73	0		16	0	0	1
2418	0x972	8DE3	8D E3	0x3FC728	0	81	0		9	0	0	1
2419	0x973	8DE4	8D E4	0x3FC7CA	0	81	0		16	0	0	1
2420	0x974	8DE5	8D E5	0x3FC86C	0	85	0		5	0	0	1
2421	0x975	8DE6	8D E6	0x3FC90E	0	75	0		6	0	0	1
2422	0x976	8DE7	8D E7	0x3FC9B0	0	83	0		9	0	0	1
2423	0x977	8DE8	8D E8	0x3FCA52	0	102	0		1	0	0	1
2424	0x978	8DE9	8D E9	0x3FCAF4	0	90	0		0	0	1	1
2425	0x979	8DEA	8D EA	0x3FCB96	0	91	0		0	0	1	1
2426	0x97A	8DEB	8D EB	0x3FCC38	0	94	0		0	0	1	1
2427	0x97B	8DEC	8D EC	0x3FCCDA	0	97	0		0	0	1	1
2428	0x97C	8DED	8D ED	0x3FCD7C	0	67	0		4	0	0	1
2429	0x97D	8DEE	8D EE	0x3FCE1E	0	86	0		2	0	0	1
2430	0x97E	8DEF	8D EF	0x3FCEC0	0	96	0		1	0	0	1
2431	0x97F	8DF0	8D F0	0x3FCF62	0	95	0		98	0	0	1
2432	0x980	8DF1	8D F1	0x3FD004	0	97	0		41	0	0	1
2433	0x981	8DF2	8D F2	0x3FD0A6	0	92	0		6	0	0	1
2434	0x982	8DF3	8D F3	0x3FD148	0	78	0		30	0	0	1
2435	0x983	8DF4	8D F4	0x3FD1EA	0	94	0		1	0	0	1
2436	0x984	8DF5	8D F5	0x3FD28C	0	95	0		1	0	0	1
2437	0x985	8DF6	8D F6	0x3FD32E	0	99	0		0	0	1	1
2438	0x986	8DF7	8D F7	0x3FD3D0	0	86	0		0	0	1	1
2439	0x987	8DF8	8D F8	0x3FD472	0	100	0		13	0	0	1
2440	0x988	8DF9	8D F9	0x3FD514	0	81	0		8	0	0	1
2441	0x989	8DFA	8D FA	0x3FD5B6	0	88	0		10	0	0	1
2442	0x98A	8DFB	8D FB	0x3FD658	0	92	0		11	0	0	1
2443	0x98B	8DFC	8D FC	0x3FD6FA	0	97	0		15	0	0	1
2444	0x98C	8E40	8E 40	0x3FD79C	0	104	0		1	0	0	1
2445	0x98D	8E41	8E 41	0x3FD83E	0	98	0		0	0	1	1
2446	0x98E	8E42	8E 42	0x3FD8E0	0	89	0		2	3	0	0
2447	0x98F	8E43	8E 43	0x3FD982	0	79	0		5	0	0	1
2448	0x990	8E44	8E 44	0x3FDA24	0	82	0		3	0	0	1
2449	0x991	8E45	8E 45	0x3FDAC6	0	96	0		2	0	0	1
2450	0x992	8E46	8E 46	0x3FDB68	0	103	0		2	0	0	1
2451	0x993	8E47	8E 47	0x3FDC0A	0	101	0		0	0	1	1
2452	0x994	8E48	8E 48	0x3FDCAC	0	85	0		3	0	0	1
2453	0x995	8E49	8E 49	0x3FDD4E	0	99	0		2	0	0	1
2454	0x996	8E4A	8E 4A	0x3FDDF0	0	101	0		3	0	0	1
2455	0x997	8E4B	8E 4B	0x3FDE92	0	109	0		1	1	0	0
2456	0x998	8E4C	8E 4C	0x3FDF34	0	90	0		1	0	0	1
2457	0x999	8E4D	8E 4D	0x3FDFD6	0	92	0		0	1	0	0
2458	0x99A	8E4E	8E 4E	0x3FE078	0	84	0		0	0	1	1
2459	0x99B	8E4F	8E 4F	0x3FE11A	0	97	0		1	4	0	0
2460	0x99C	8E50	8E 50	0x3FE1BC	0	56	0		1	0	0	1
2461	0x99D	8E51	8E 51	0x3FE25E	0	82	0		2	0	0	1
2462	0x99E	8E52	8E 52	0x3FE300	0	76	0		3	0	0	1
2463	0x99F	8E53	8E 53	0x3FE3A2	0	90	0		3	0	0	1
2464	0x9A0	8E54	8E 54	0x3FE444	0	107	0		1	0	0	1
2465	0x9A1	8E55	8E 55	0x3FE4E6	0	98	0		2	0	0	1
2466	0x9A2	8E56	8E 56	0x3FE588	0	95	0		0	1	0	0
2467	0x9A3	8E57	8E 57	0x3FE62A	0	93	0		0	0	1	1
2468	0x9A4	8E58	8E 58	0x3FE6CC	0	104	0		1	0	0	1
2469	0x9A5	8E59	8E 59	0x3FE76E	0	70	0		1	0	0	1
2470	0x9A6	8E5A	8E 5A	0x3FE810	0	75	0		1	0	0	1
2471	0x9A7	8E5B	8E 5B	0x3FE8B2	0	96	0		1	0	0	1
2472	0x9A8	8E5C	8E 5C	0x3FE954	0	95	0		0	0	1	1
2473	0x9A9	8E5D	8E 5D	0x3FE9F6	0	67	0		3	0	0	1
2474	0x9AA	8E5E	8E 5E	0x3FEA98	0	87	0		0	0	1	1
2475	0x9AB	8E5F	8E 5F	0x3FEB3A	0	78	0		1	2	0	0
2476	0x9AC	8E60	8E 60	0x3FEBDC	0	69	0		2	0	0	1
2477	0x9AD	8E61	8E 61	0x3FEC7E	0	93	0		0	1	0	0
2478	0x9AE	8E62	8E 62	0x3FED20	0	81	0		3	0	0	1
2479	0x9AF	8E63	8E 63	0x3FEDC2	0	83	0		2	3	0	0
2480	0x9B0	8E64	8E 64	0x3FEE64	0	82	0		1	1	0	0
2481	0x9B1	8E65	8E 65	0x3FEF06	0	88	0		0	0	1	1
2482	0x9B2	8E66	8E 66	0x3FEFA8	0	49	0		6	0	0	1
2483	0x9B3	8E67	8E 67	0x3FF04A	0	79	0		0	3	0	0
2484	0x9B4	8E68	8E 68	0x3FF0EC	0	90	0		1	0	0	1
2485	0x9B5	8E69	8E 69	0x3FF18E	0	83	0		1	1	0	0
2486	0x9B6	8E6A	8E 6A	0x3FF230	0	88	0		0	0	1	1
2487	0x9B7	8E6B	8E 6B	0x3FF2D2	0	99	0		0	0	1	1
2488	0x9B8	8E6C	8E 6C	0x3FF374	0	91	0		2	1	0	0
2489	0x9B9	8E6D	8E 6D	0x3FF416	0	99	0		6	1	0	0
2490	0x9BA	8E6E	8E 6E	0x3FF4B8	0	100	0		2	4	0	0
2491	0x9BB	8E6F	8E 6F	0x3FF55A	0	92	0		3	0	0	1
2492	0x9BC	8E70	8E 70	0x3FF5FC	0	90	0		1	0	0	1
2493	0x9BD	8E71	8E 71	0x3FF69E	0	80	0		0	0	1	1
2494	0x9BE	8E72	8E 72	0x3FF740	0	76	0		9	0	0	1
2495	0x9BF	8E73	8E 73	0x3FF7E2	0	47	0		3	0	0	1
2496	0x9C0	8E74	8E 74	0x3FF884	0	76	0		1	2	0	0
2497	0x9C1	8E75	8E 75	0x3FF926	0	93	0		0	3	0	0
2498	0x9C2	8E76	8E 76	0x3FF9C8	0	87	0		0	5	0	0
2499	0x9C3	8E77	8E 77	0x3FFA6A	0	88	0		1	0	0	1
2500	0x9C4	8E78	8E 78	0x3FFB0C	0	67	0		2	0	0	1
2501	0x9C5	8E79	8E 79	0x3FFBAE	0	83	0		1	5	0	0
2502	0x9C6	8E7A	8E 7A	0x3FFC50	0	57	0		1	1	0	0
2503	0x9C7	8E7B	8E 7B	0x3FFCF2	0	85	0		1	1	0	0
2504	0x9C8	8E7C	8E 7C	0x3FFD94	0	94	0		0	0	1	1
2505	0x9C9	8E7D	8E 7D	0x3FFE36	0	99	0		3	0	0	1
2506	0x9CA	8E7E	8E 7E	0x3FFED8	0	80	0		0	0	1	1
2507	0x9CB	8E80	8E 80	0x3FFF7A	0	71	0		1	100	0	0
2508	0x9CC	8E81	8E 81	0x40001C	0	84	0		1	3	0	0
2509	0x9CD	8E82	8E 82	0x4000BE	0	95	0		43	1	0	0
2510	0x9CE	8E83	8E 83	0x400160	0	87	0		1	2	0	0
2511	0x9CF	8E84	8E 84	0x400202	0	91	0		0	1	0	0
2512	0x9D0	8E85	8E 85	0x4002A4	0	95	0		1	1	0	0
2513	0x9D1	8E86	8E 86	0x400346	0	77	0		2	0	0	1
2514	0x9D2	8E87	8E 87	0x4003E8	0	96	0		0	2	0	0
2515	0x9D3	8E88	8E 88	0x40048A	0	104	0		1	3	0	0
2516	0x9D4	8E89	8E 89	0x40052C	0	91	0		0	2	0	0
2517	0x9D5	8E8A	8E 8A	0x4005CE	0	84	0		1	3	0	0
2518	0x9D6	8E8B	8E 8B	0x400670	0	89	0		0	3	0	0
2519	0x9D7	8E8C	8E 8C	0x400712	0	92	0		2	5	0	0
2520	0x9D8	8E8D	8E 8D	0x4007B4	0	90	0		4	4	0	0
2521	0x9D9	8E8E	8E 8E	0x400856	0	66	0		1	7	0	0
2522	0x9DA	8E8F	8E 8F	0x4008F8	0	95	0		2	6	0	0
2523	0x9DB	8E90	8E 90	0x40099A	0	72	0		0	5	0	0
2524	0x9DC	8E91	8E 91	0x400A3C	0	86	0		1	4	0	0
2525	0x9DD	8E92	8E 92	0x400ADE	0	96	0		1	3	0	0
2526	0x9DE	8E93	8E 93	0x400B80	0	82	0		2	0	0	1
2527	0x9DF	8E94	8E 94	0x400C22	0	81	0		4	0	0	1
2528	0x9E0	8E95	8E 95	0x400CC4	0	88	0		0	0	1	1
2529	0x9E1	8E96	8E 96	0x400D66	0	102	0		1	1	0	0
2530	0x9E2	8E97	8E 97	0x400E08	0	97	0		1	3	0	0
2531	0x9E3	8E98	8E 98	0x400EAA	0	87	0		0	1	0	0
2532	0x9E4	8E99	8E 99	0x400F4C	0	86	0		0	1	0	0
2533	0x9E5	8E9A	8E 9A	0x400FEE	0	97	0		0	0	1	1
2534	0x9E6	8E9B	8E 9B	0x401090	0	102	0		0	0	1	1
2535	0x9E7	8E9C	8E 9C	0x401132	0	92	0		1	1	0	0
2536	0x9E8	8E9D	8E 9D	0x4011D4	0	96	0		3	1	0	0
2537	0x9E9	8E9E	8E 9E	0x401276	0	64	0		0	1	0	0
2538	0x9EA	8E9F	8E 9F	0x401318	0	100	0		1	0	0	1
2539	0x9EB	8EA0	8E A0	0x4013BA	0	96	0		0	1	0	0
2540	0x9EC	8EA1	8E A1	0x40145C	0	99	0		3	0	0	1
2541	0x9ED	8EA2	8E A2	0x4014FE	0	96	0		2	0	0	1
2542	0x9EE	8EA3	8E A3	0x4015A0	0	93	0		2	0	0	1
2543	0x9EF	8EA4	8E A4	0x401642	0	91	0		0	0	1	1
2544	0x9F0	8EA5	8E A5	0x4016E4	0	102	0		0	0	1	1
2545	0x9F1	8EA6	8E A6	0x401786	0	105	0		3	0	0	1
2546	0x9F2	8EA7	8E A7	0x401828	0	111	0		2	0	0	1
2547	0x9F3	8EA8	8E A8	0x4018CA	0	98	0		0	0	1	1
2548	0x9F4	8EA9	8E A9	0x40196C	0	83	0		0	0	1	1
2549	0x9F5	8EAA	8E AA	0x401A0E	0	82	0		1	0	0	1
2550	0x9F6	8EAB	8E AB	0x401AB0	0	87	0		0	0	1	1
2551	0x9F7	8EAC	8E AC	0x401B52	0	96	0		0	1	0	0
2552	0x9F8	8EAD	8E AD	0x401BF4	0	93	0		0	0	1	1
2553	0x9F9	8EAE	8E AE	0x401C96	0	85	0		0	0	1	1
2554	0x9FA	8EAF	8E AF	0x401D38	0	99	0		0	0	1	1
2555	0x9FB	8EB0	8E B0	0x401DDA	0	73	0		0	0	1	1
2556	0x9FC	8EB1	8E B1	0x401E7C	0	94	0		2	0	0	1
2557	0x9FD	8EB2	8E B2	0x401F1E	0	90	0		2	1	0	0
2558	0x9FE	8EB3	8E B3	0x401FC0	0	88	0		2	0	0	1
2559	0x9FF	8EB4	8E B4	0x402062	0	99	0		0	0	1	1
2560	0xA00	8EB5	8E B5	0x402104	0	80	0		0	0	1	1
2561	0xA01	8EB6	8E B6	0x4021A6	0	99	0		0	0	1	1
2562	0xA02	8EB7	8E B7	0x402248	0	95	0		0	0	1	1
2563	0xA03	8EB8	8E B8	0x4022EA	0	93	0		1	0	0	1
2564	0xA04	8EB9	8E B9	0x40238C	0	94	0		0	0	1	1
2565	0xA05	8EBA	8E BA	0x40242E	0	96	0		2	0	0	1
2566	0xA06	8EBB	8E BB	0x4024D0	0	93	0		0	0	1	1
2567	0xA07	8EBC	8E BC	0x402572	0	90	0		1	0	0	1
2568	0xA08	8EBD	8E BD	0x402614	0	84	0		4	0	0	1
2569	0xA09	8EBE	8E BE	0x4026B6	0	89	0		0	1	0	0
2570	0xA0A	8EBF	8E BF	0x402758	0	83	0		2	0	0	1
2571	0xA0B	8EC0	8E C0	0x4027FA	0	86	0		1	0	0	1
2572	0xA0C	8EC1	8E C1	0x40289C	0	105	0		0	0	1	1
2573	0xA0D	8EC2	8E C2	0x40293E	0	99	0		5	0	0	1
2574	0xA0E	8EC3	8E C3	0x4029E0	0	97	0		3	0	0	1
2575	0xA0F	8EC4	8E C4	0x402A82	0	69	0		2	0	0	1
2576	0xA10	8EC5	8E C5	0x402B24	0	78	0		0	0	1	1
2577	0xA11	8EC6	8E C6	0x402BC6	0	102	0		1	0	0	1
2578	0xA12	8EC7	8E C7	0x402C68	0	85	0		1	0	0	1
2579	0xA13	8EC8	8E C8	0x402D0A	0	83	0		0	0	1	1
2580	0xA14	8EC9	8E C9	0x402DAC	0	73	0		1	0	0	1
2581	0xA15	8ECA	8E CA	0x402E4E	0	83	0		3	0	0	1
2582	0xA16	8ECB	8E CB	0x402EF0	0	77	0		1	1	0	0
2583	0xA17	8ECC	8E CC	0x402F92	0	106	0		0	0	1	1
2584	0xA18	8ECD	8E CD	0x403034	0	92	0		0	0	1	1
2585	0xA19	8ECE	8E CE	0x4030D6	0	71	0		0	0	1	1
2586	0xA1A	8ECF	8E CF	0x403178	0	94	0		1	0	0	1
2587	0xA1B	8ED0	8E D0	0x40321A	0	90	0		3	0	0	1
2588	0xA1C	8ED1	8E D1	0x4032BC	0	82	0		1	1	0	0
2589	0xA1D	8ED2	8E D2	0x40335E	0	96	0		2	0	0	1
2590	0xA1E	8ED3	8E D3	0x403400	0	109	0		3	0	0	1
2591	0xA1F	8ED4	8E D4	0x4034A2	0	95	0		0	0	1	1
2592	0xA20	8ED5	8E D5	0x403544	0	73	0		1	0	0	1
2593	0xA21	8ED6	8E D6	0x4035E6	0	95	0		0	0	1	1
2594	0xA22	8ED7	8E D7	0x403688	0	96	0		1	0	0	1
2595	0xA23	8ED8	8E D8	0x40372A	0	78	0		0	0	1	1
2596	0xA24	8ED9	8E D9	0x4037CC	0	94	0		0	0	1	1
2597	0xA25	8EDA	8E DA	0x40386E	0	75	0		3	0	0	1
2598	0xA26	8EDB	8E DB	0x403910	0	56	0		0	1	0	0
2599	0xA27	8EDC	8E DC	0x4039B2	0	79	0		0	0	1	1
2600	0xA28	8EDD	8E DD	0x403A54	0	102	0		2	0	0	1
2601	0xA29	8EDE	8E DE	0x403AF6	0	97	0		0	0	1	1
2602	0xA2A	8EDF	8E DF	0x403B98	0	101	0		0	0	1	1
2603	0xA2B	8EE0	8E E0	0x403C3A	0	94	0		1	0	0	1
2604	0xA2C	8EE1	8E E1	0x403CDC	0	105	0		0	0	1	1
2605	0xA2D	8EE2	8E E2	0x403D7E	0	107	0		3	0	0	1
2606	0xA2E	8EE3	8E E3	0x403E20	0	94	0		2	1	0	0
2607	0xA2F	8EE4	8E E4	0x403EC2	0	102	0		3	0	0	1
2608	0xA30	8EE5	8E E5	0x403F64	0	96	0		1	0	0	1
2609	0xA31	8EE6	8E E6	0x404006	0	86	0		0	0	1	1
2610	0xA32	8EE7	8E E7	0x4040A8	0	104	0		2	0	0	1
2611	0xA33	8EE8	8E E8	0x40414A	0	90	0		0	0	1	1
2612	0xA34	8EE9	8E E9	0x4041EC	0	106	0		2	0	0	1
2613	0xA35	8EEA	8E EA	0x40428E	0	80	0		1	0	0	1
2614	0xA36	8EEB	8E EB	0x404330	0	33	0		1	0	0	1
2615	0xA37	8EEC	8E EC	0x4043D2	0	78	0		1	0	0	1
2616	0xA38	8EED	8E ED	0x404474	0	73	0		1	0	0	1
2617	0xA39	8EEE	8E EE	0x404516	0	91	0		0	0	1	1
2618	0xA3A	8EEF	8E EF	0x4045B8	0	78	0		0	0	1	1
2619	0xA3B	8EF0	8E F0	0x40465A	0	98	0		6	0	0	1
2620	0xA3C	8EF1	8E F1	0x4046FC	0	82	0		2	0	0	1
2621	0xA3D	8EF2	8E F2	0x40479E	0	73	0		2	0	0	1
2622	0xA3E	8EF3	8E F3	0x404840	0	58	0		4	0	0	1
2623	0xA3F	8EF4	8E F4	0x4048E2	0	62	0		0	0	1	1
2624	0xA40	8EF5	8E F5	0x404984	0	82	0		1	0	0	1
2625	0xA41	8EF6	8E F6	0x404A26	0	43	0		1	0	0	1
2626	0xA42	8EF7	8E F7	0x404AC8	0	72	0		2	0	0	1
2627	0xA43	8EF8	8E F8	0x404B6A	0	79	0		1	0	0	1
2628	0xA44	8EF9	8E F9	0x404C0C	0	89	0		1	0	0	1
2629	0xA45	8EFA	8E FA	0x404CAE	0	72	0		0	0	1	1
2630	0xA46	8EFB	8E FB	0x404D50	0	79	0		2	0	0	1
2631	0xA47	8EFC	8E FC	0x404DF2	0	76	0		3	0	0	1
2632	0xA48	8F40	8F 40	0x404E94	0	96	0		3	0	0	1
2633	0xA49	8F41	8F 41	0x404F36	0	97	0		9	0	0	1
2634	0xA4A	8F42	8F 42	0x404FD8	0	94	0		1	2	0	0
2635	0xA4B	8F43	8F 43	0x40507A	0	89	0		9	0	0	1
2636	0xA4C	8F44	8F 44	0x40511C	0	78	0		1	1	0	0
2637	0xA4D	8F45	8F 45	0x4051BE	0	95	0		0	0	1	1
2638	0xA4E	8F46	8F 46	0x405260	0	104	0		1	0	0	1
2639	0xA4F	8F47	8F 47	0x405302	0	89	0		5	1	0	0
2640	0xA50	8F48	8F 48	0x4053A4	0	66	0		0	1	0	0
2641	0xA51	8F49	8F 49	0x405446	0	82	0		0	1	0	0
2642	0xA52	8F4A	8F 4A	0x4054E8	0	93	0		2	0	0	1
2643	0xA53	8F4B	8F 4B	0x40558A	0	105	0		0	0	1	1
2644	0xA54	8F4C	8F 4C	0x40562C	0	96	0		1	0	0	1
2645	0xA55	8F4D	8F 4D	0x4056CE	0	96	0		1	2	0	0
2646	0xA56	8F4E	8F 4E	0x405770	0	63	0		1	0	0	1
2647	0xA57	8F4F	8F 4F	0x405812	0	87	0		4	0	0	1
2648	0xA58	8F50	8F 50	0x4058B4	0	56	0		3	0	0	1
2649	0xA59	8F51	8F 51	0x405956	0	77	0		0	0	1	1
2650	0xA5A	8F52	8F 52	0x4059F8	0	89	0		0	1	0	0
2651	0xA5B	8F53	8F 53	0x405A9A	0	98	0		1	0	0	1
2652	0xA5C	8F54	8F 54	0x405B3C	0	99	0		0	0	1	1
2653	0xA5D	8F55	8F 55	0x405BDE	0	95	0		0	1	0	0
2654	0xA5E	8F56	8F 56	0x405C80	0	94	0		0	0	1	1
2655	0xA5F	8F57	8F 57	0x405D22	0	94	0		0	2	0	0
2656	0xA60	8F58	8F 58	0x405DC4	0	105	0		0	1	0	0
2657	0xA61	8F59	8F 59	0x405E66	0	86	0		0	0	1	1
2658	0xA62	8F5A	8F 5A	0x405F08	0	102	0		1	0	0	1
2659	0xA63	8F5B	8F 5B	0x405FAA	0	84	0		0	0	1	1
2660	0xA64	8F5C	8F 5C	0x40604C	0	65	0		0	0	1	1
2661	0xA65	8F5D	8F 5D	0x4060EE	0	84	0		1	0	0	1
2662	0xA66	8F5E	8F 5E	0x406190	0	106	0		4	1	0	0
2663	0xA67	8F5F	8F 5F	0x406232	0	94	0		0	0	1	1
2664	0xA68	8F60	8F 60	0x4062D4	0	82	0		0	1	0	0
2665	0xA69	8F61	8F 61	0x406376	0	88	0		0	1	0	0
2666	0xA6A	8F62	8F 62	0x406418	0	88	0		4	0	0	1
2667	0xA6B	8F63	8F 63	0x4064BA	0	87	0		0	2	0	0
2668	0xA6C	8F64	8F 64	0x40655C	0	88	0		1	0	0	1
2669	0xA6D	8F65	8F 65	0x4065FE	0	91	0		0	0	1	1
2670	0xA6E	8F66	8F 66	0x4066A0	0	88	0		1	1	0	0
2671	0xA6F	8F67	8F 67	0x406742	0	80	0		0	0	1	1
2672	0xA70	8F68	8F 68	0x4067E4	0	75	0		1	1	0	0
2673	0xA71	8F69	8F 69	0x406886	0	97	0		0	1	0	0
2674	0xA72	8F6A	8F 6A	0x406928	0	99	0		0	1	0	0
2675	0xA73	8F6B	8F 6B	0x4069CA	0	80	0		0	0	1	1
2676	0xA74	8F6C	8F 6C	0x406A6C	0	95	0		1	1	0	0
2677	0xA75	8F6D	8F 6D	0x406B0E	0	84	0		2	0	0	1
2678	0xA76	8F6E	8F 6E	0x406BB0	0	84	0		0	4	0	0
2679	0xA77	8F6F	8F 6F	0x406C52	0	82	0		0	1	0	0
2680	0xA78	8F70	8F 70	0x406CF4	0	98	0		1	1	0	0
2681	0xA79	8F71	8F 71	0x406D96	0	85	0		1	0	0	1
2682	0xA7A	8F72	8F 72	0x406E38	0	96	0		6	0	0	1
2683	0xA7B	8F73	8F 73	0x406EDA	0	80	0		4	1	0	0
2684	0xA7C	8F74	8F 74	0x406F7C	0	89	0		2	1	0	0
2685	0xA7D	8F75	8F 75	0x40701E	0	84	0		2	3	0	0
2686	0xA7E	8F76	8F 76	0x4070C0	0	80	0		1	2	0	0
2687	0xA7F	8F77	8F 77	0x407162	0	98	0		1	0	0	1
2688	0xA80	8F78	8F 78	0x407204	0	93	0		4	1	0	0
2689	0xA81	8F79	8F 79	0x4072A6	0	91	0		0	0	1	1
2690	0xA82	8F7A	8F 7A	0x407348	0	98	0		1	0	0	1
2691	0xA83	8F7B	8F 7B	0x4073EA	0	90	0		0	0	1	1
2692	0xA84	8F7C	8F 7C	0x40748C	0	76	0		1	0	0	1
2693	0xA85	8F7D	8F 7D	0x40752E	0	81	0		3	1	0	0
2694	0xA86	8F7E	8F 7E	0x4075D0	0	94	0		0	2	0	0
2695	0xA87	8F80	8F 80	0x407672	0	94	0		0	102	0	0
2696	0xA88	8F81	8F 81	0x407714	0	82	0		0	2	0	0
2697	0xA89	8F82	8F 82	0x4077B6	0	101	0		8	1	0	0
2698	0xA8A	8F83	8F 83	0x407858	0	88	0		2	0	0	1
2699	0xA8B	8F84	8F 84	0x4078FA	0	94	0		1	0	0	1
2700	0xA8C	8F85	8F 85	0x40799C	0	89	0		0	0	1	1
2701	0xA8D	8F86	8F 86	0x407A3E	0	79	0		0	1	0	0
2702	0xA8E	8F87	8F 87	0x407AE0	0	95	0		1	3	0	0
2703	0xA8F	8F88	8F 88	0x407B82	0	84	0		0	1	0	0
2704	0xA90	8F89	8F 89	0x407C24	0	84	0		0	0	1	1
2705	0xA91	8F8A	8F 8A	0x407CC6	0	88	0		1	0	0	1
2706	0xA92	8F8B	8F 8B	0x407D68	0	86	0		0	1	0	0
2707	0xA93	8F8C	8F 8C	0x407E0A	0	63	0		1	1	0	0
2708	0xA94	8F8D	8F 8D	0x407EAC	0	90	0		0	2	0	0
2709	0xA95	8F8E	8F 8E	0x407F4E	0	97	0		0	5	0	0
2710	0xA96	8F8F	8F 8F	0x407FF0	0	91	0		0	10	0	0
2711	0xA97	8F90	8F 90	0x408092	0	91	0		1	3	0	0
2712	0xA98	8F91	8F 91	0x408134	0	78	0		1	5	0	0
2713	0xA99	8F92	8F 92	0x4081D6	0	98	0		0	5	0	0
2714	0xA9A	8F93	8F 93	0x408278	0	93	0		2	0	0	1
2715	0xA9B	8F94	8F 94	0x40831A	0	94	0		1	2	0	0
2716	0xA9C	8F95	8F 95	0x4083BC	0	97	0		1	2	0	0
2717	0xA9D	8F96	8F 96	0x40845E	0	87	0		0	0	1	1
2718	0xA9E	8F97	8F 97	0x408500	0	96	0		0	0	1	1
2719	0xA9F	8F98	8F 98	0x4085A2	0	74	0		1	0	0	1
2720	0xAA0	8F99	8F 99	0x408644	0	86	0		0	1	0	0
2721	0xAA1	8F9A	8F 9A	0x4086E6	0	90	0		1	0	0	1
2722	0xAA2	8F9B	8F 9B	0x408788	0	84	0		1	1	0	0
2723	0xAA3	8F9C	8F 9C	0x40882A	0	87	0		0	0	1	1
2724	0xAA4	8F9D	8F 9D	0x4088CC	0	81	0		1	4	0	0
2725	0xAA5	8F9E	8F 9E	0x40896E	0	79	0		0	0	1	1
2726	0xAA6	8F9F	8F 9F	0x408A10	0	103	0		0	1	0	0
2727	0xAA7	8FA0	8F A0	0x408AB2	0	108	0		0	0	1	1
2728	0xAA8	8FA1	8F A1	0x408B54	0	88	0		0	1	0	0
2729	0xAA9	8FA2	8F A2	0x408BF6	0	84	0		2	0	0	1
2730	0xAAA	8FA3	8F A3	0x408C98	0	80	0		0	1	0	0
2731	0xAAB	8FA4	8F A4	0x408D3A	0	41	0		1	2	0	0
2732	0xAAC	8FA5	8F A5	0x408DDC	0	84	0		4	1	0	0
2733	0xAAD	8FA6	8F A6	0x408E7E	0	89	0		0	0	1	1
2734	0xAAE	8FA7	8F A7	0x408F20	0	87	0		1	1	0	0
2735	0xAAF	8FA8	8F A8	0x408FC2	0	106	0		1	0	0	1
2736	0xAB0	8FA9	8F A9	0x409064	0	91	0		0	0	1	1
2737	0xAB1	8FAA	8F AA	0x409106	0	83	0		1	0	0	1
2738	0xAB2	8FAB	8F AB	0x4091A8	0	86	0		0	0	1	1
2739	0xAB3	8FAC	8F AC	0x40924A	0	90	0		0	0	1	1
2740	0xAB4	8FAD	8F AD	0x4092EC	0	89	0		0	0	1	1
2741	0xAB5	8FAE	8F AE	0x40938E	0	96	0		0	0	1	1
2742	0xAB6	8FAF	8F AF	0x409430	0	97	0		1	0	0	1
2743	0xAB7	8FB0	8F B0	0x4094D2	0	95	0		0	0	1	1
2744	0xAB8	8FB1	8F B1	0x409574	0	90	0		0	0	1	1
2745	0xAB9	8FB2	8F B2	0x409616	0	83	0		0	0	1	1
2746	0xABA	8FB3	8F B3	0x4096B8	0	82	0		0	1	0	0
2747	0xABB	8FB4	8F B4	0x40975A	0	76	0		2	2	0	0
2748	0xABC	8FB5	8F B5	0x4097FC	0	89	0		1	0	0	1
2749	0xABD	8FB6	8F B6	0x40989E	0	64	0		0	0	1	1
2750	0xABE	8FB7	8F B7	0x409940	0	67	0		1	0	0	1
2751	0xABF	8FB8	8F B8	0x4099E2	0	92	0		0	0	1	1
2752	0xAC0	8FB9	8F B9	0x409A84	0	87	0		0	0	1	1
2753	0xAC1	8FBA	8F BA	0x409B26	0	102	0		0	0	1	1
2754	0xAC2	8FBB	8F BB	0x409BC8	0	87	0		0	0	1	1
2755	0xAC3	8FBC	8F BC	0x409C6A	0	83	0		1	0	0	1
2756	0xAC4	8FBD	8F BD	0x409D0C	0	77	0		1	1	0	0
2757	0xAC5	8FBE	8F BE	0x409DAE	0	74	0		2	1	0	0
2758	0xAC6	8FBF	8F BF	0x409E50	0	90	0		0	0	1	1
2759	0xAC7	8FC0	8F C0	0x409EF2	0	86	0		0	0	1	1
2760	0xAC8	8FC1	8F C1	0x409F94	0	83	0		2	2	0	0
2761	0xAC9	8FC2	8F C2	0x40A036	0	73	0		5	0	0	1
2762	0xACA	8FC3	8F C3	0x40A0D8	0	89	0		3	0	0	1
2763	0xACB	8FC4	8F C4	0x40A17A	0	96	0		0	0	1	1
2764	0xACC	8FC5	8F C5	0x40A21C	0	95	0		3	0	0	1
2765	0xACD	8FC6	8F C6	0x40A2BE	0	87	0		2	0	0	1
2766	0xACE	8FC7	8F C7	0x40A360	0	98	0		1	0	0	1
2767	0xACF	8FC8	8F C8	0x40A402	0	79	0		0	0	1	1
2768	0xAD0	8FC9	8F C9	0x40A4A4	0	89	0		0	0	1	1
2769	0xAD1	8FCA	8F CA	0x40A546	0	99	0		0	0	1	1
2770	0xAD2	8FCB	8F CB	0x40A5E8	0	95	0		0	0	1	1
2771	0xAD3	8FCC	8F CC	0x40A68A	0	98	0		0	0	1	1
2772	0xAD4	8FCD	8F CD	0x40A72C	0	96	0		0	0	1	1
2773	0xAD5	8FCE	8F CE	0x40A7CE	0	90	0		1	0	0	1
2774	0xAD6	8FCF	8F CF	0x40A870	0	92	0		1	0	0	1
2775	0xAD7	8FD0	8F D0	0x40A912	0	90	0		2	0	0	1
2776	0xAD8	8FD1	8F D1	0x40A9B4	0	88	0		0	0	1	1
2777	0xAD9	8FD2	8F D2	0x40AA56	0	86	0		0	0	1	1
2778	0xADA	8FD3	8F D3	0x40AAF8	0	90	0		0	0	1	1
2779	0xADB	8FD4	8F D4	0x40AB9A	0	74	0		0	0	1	1
2780	0xADC	8FD5	8F D5	0x40AC3C	0	69	0		1	0	0	1
2781	0xADD	8FD6	8F D6	0x40ACDE	0	80	0		1	0	0	1
2782	0xADE	8FD7	8F D7	0x40AD80	0	87	0		0	0	1	1
2783	0xADF	8FD8	8F D8	0x40AE22	0	95	0		1	0	0	1
2784	0xAE0	8FD9	8F D9	0x40AEC4	0	95	0		1	0	0	1
2785	0xAE1	8FDA	8F DA	0x40AF66	0	85	0		0	0	1	1
2786	0xAE2	8FDB	8F DB	0x40B008	0	86	0		1	0	0	1
2787	0xAE3	8FDC	8F DC	0x40B0AA	0	94	0		0	0	1	1
2788	0xAE4	8FDD	8F DD	0x40B14C	0	85	0		1	0	0	1
2789	0xAE5	8FDE	8F DE	0x40B1EE	0	73	0		0	0	1	1
2790	0xAE6	8FDF	8F DF	0x40B290	0	85	0		0	0	1	1
2791	0xAE7	8FE0	8F E0	0x40B332	0	88	0		1	0	0	1
2792	0xAE8	8FE1	8F E1	0x40B3D4	0	79	0		1	0	0	1
2793	0xAE9	8FE2	8F E2	0x40B476	0	78	0		0	0	1	1
2794	0xAEA	8FE3	8F E3	0x40B518	0	89	0		1	0	0	1
2795	0xAEB	8FE4	8F E4	0x40B5BA	0	95	0		0	0	1	1
2796	0xAEC	8FE5	8F E5	0x40B65C	0	93	0		2	0	0	1
2797	0xAED	8FE6	8F E6	0x40B6FE	0	90	0		0	0	1	1
2798	0xAEE	8FE7	8F E7	0x40B7A0	0	95	0		1	0	0	1
2799	0xAEF	8FE8	8F E8	0x40B842	0	97	0		0	0	1	1
2800	0xAF0	8FE9	8F E9	0x40B8E4	0	91	0		0	0	1	1
2801	0xAF1	8FEA	8F EA	0x40B986	0	94	0		0	0	1	1
2802	0xAF2	8FEB	8F EB	0x40BA28	0	80	0		0	0	1	1
2803	0xAF3	8FEC	8F EC	0x40BACA	0	96	0		1	0	0	1
2804	0xAF4	8FED	8F ED	0x40BB6C	0	106	0		2	0	0	1
2805	0xAF5	8FEE	8F EE	0x40BC0E	0	98	0		0	0	1	1
2806	0xAF6	8FEF	8F EF	0x40BCB0	0	108	0		0	0	1	1
2807	0xAF7	8FF0	8F F0	0x40BD52	0	79	0		2	0	0	1
2808	0xAF8	8FF1	8F F1	0x40BDF4	0	100	0		1	0	0	1
2809	0xAF9	8FF2	8F F2	0x40BE96	0	89	0		1	0	0	1
2810	0xAFA	8FF3	8F F3	0x40BF38	0	93	0		3	0	0	1
2811	0xAFB	8FF4	8F F4	0x40BFDA	0	86	0		0	0	1	1
2812	0xAFC	8FF5	8F F5	0x40C07C	0	86	0		0	0	1	1
2813	0xAFD	8FF6	8F F6	0x40C11E	0	73	0		3	0	0	1
2814	0xAFE	8FF7	8F F7	0x40C1C0	0	83	0		2	0	0	1
2815	0xAFF	8FF8	8F F8	0x40C262	0	90	0		0	0	1	1
2816	0xB00	8FF9	8F F9	0x40C304	0	94	0		1	0	0	1
2817	0xB01	8FFA	8F FA	0x40C3A6	0	76	0		0	0	1	1
2818	0xB02	8FFB	8F FB	0x40C448	0	67	0		1	0	0	1
2819	0xB03	8FFC	8F FC	0x40C4EA	0	97	0		1	0	0	1
2820	0xB04	9040	90 40	0x40C58C	0	78	0		3	1	0	0
2821	0xB05	9041	90 41	0x40C62E	0	99	0		2	0	0	1
2822	0xB06	9042	90 42	0x40C6D0	0	87	0		3	2	0	0
2823	0xB07	9043	90 43	0x40C772	0	90	0		2	0	0	1
2824	0xB08	9044	90 44	0x40C814	0	101	0		2	0	0	1
2825	0xB09	9045	90 45	0x40C8B6	0	77	0		1	0	0	1
2826	0xB0A	9046	90 46	0x40C958	0	81	0		2	0	0	1
2827	0xB0B	9047	90 47	0x40C9FA	0	89	0		5	0	0	1
2828	0xB0C	9048	90 48	0x40CA9C	0	92	0		1	0	0	1
2829	0xB0D	9049	90 49	0x40CB3E	0	97	0		0	2	0	0
2830	0xB0E	904A	90 4A	0x40CBE0	0	89	0		0	0	1	1
2831	0xB0F	904B	90 4B	0x40CC82	0	100	0		4	1	0	0
2832	0xB10	904C	90 4C	0x40CD24	0	94	0		1	0	0	1
2833	0xB11	904D	90 4D	0x40CDC6	0	68	0		1	1	0	0
2834	0xB12	904E	90 4E	0x40CE68	0	97	0		2	0	0	1
2835	0xB13	904F	90 4F	0x40CF0A	0	95	0		3	0	0	1
2836	0xB14	9050	90 50	0x40CFAC	0	98	0		3	0	0	1
2837	0xB15	9051	90 51	0x40D04E	0	108	0		0	0	1	1
2838	0xB16	9052	90 52	0x40D0F0	0	78	0		4	0	0	1
2839	0xB17	9053	90 53	0x40D192	0	103	0		2	0	0	1
2840	0xB18	9054	90 54	0x40D234	0	100	0		1	0	0	1
2841	0xB19	9055	90 55	0x40D2D6	0	86	0		0	2	0	0
2842	0xB1A	9056	90 56	0x40D378	0	74	0		0	1	0	0
2843	0xB1B	9057	90 57	0x40D41A	0	88	0		2	0	0	1
2844	0xB1C	9058	90 58	0x40D4BC	0	98	0		1	0	0	1
2845	0xB1D	9059	90 59	0x40D55E	0	101	0		2	0	0	1
2846	0xB1E	905A	90 5A	0x40D600	0	103	0		0	0	1	1
2847	0xB1F	905B	90 5B	0x40D6A2	0	85	0		0	0	1	1
2848	0xB20	905C	90 5C	0x40D744	0	87	0		0	0	1	1
2849	0xB21	905D	90 5D	0x40D7E6	0	86	0		2	0	0	1
2850	0xB22	905E	90 5E	0x40D888	0	107	0		1	0	0	1
2851	0xB23	905F	90 5F	0x40D92A	0	101	0		3	1	0	0
2852	0xB24	9060	90 60	0x40D9CC	0	94	0		1	1	0	0
2853	0xB25	9061	90 61	0x40DA6E	0	93	0		1	0	0	1
2854	0xB26	9062	90 62	0x40DB10	0	105	0		2	0	0	1
2855	0xB27	9063	90 63	0x40DBB2	0	71	0		3	0	0	1
2856	0xB28	9064	90 64	0x40DC54	0	98	0		2	1	0	0
2857	0xB29	9065	90 65	0x40DCF6	0	92	0		0	1	0	0
2858	0xB2A	9066	90 66	0x40DD98	0	87	0		2	0	0	1
2859	0xB2B	9067	90 67	0x40DE3A	0	104	0		1	0	0	1
2860	0xB2C	9068	90 68	0x40DEDC	0	74	0		0	4	0	0
2861	0xB2D	9069	90 69	0x40DF7E	0	85	0		2	0	0	1
2862	0xB2E	906A	90 6A	0x40E020	0	109	0		1	0	0	1
2863	0xB2F	906B	90 6B	0x40E0C2	0	96	0		0	1	0	0
2864	0xB30	906C	90 6C	0x40E164	0	95	0		2	2	0	0
2865	0xB31	906D	90 6D	0x40E206	0	57	0		2	0	0	1
2866	0xB32	906E	90 6E	0x40E2A8	0	81	0		0	2	0	0
2867	0xB33	906F	90 6F	0x40E34A	0	86	0		1	1	0	0
2868	0xB34	9070	90 70	0x40E3EC	0	63	0		3	0	0	1
2869	0xB35	9071	90 71	0x40E48E	0	95	0		2	0	0	1
2870	0xB36	9072	90 72	0x40E530	0	82	0		11	1	0	0
2871	0xB37	9073	90 73	0x40E5D2	0	82	0		6	0	0	1
2872	0xB38	9074	90 74	0x40E674	0	80	0		2	0	0	1
2873	0xB39	9075	90 75	0x40E716	0	83	0		4	0	0	1
2874	0xB3A	9076	90 76	0x40E7B8	0	94	0		4	1	0	0
2875	0xB3B	9077	90 77	0x40E85A	0	81	0		1	2	0	0
2876	0xB3C	9078	90 78	0x40E8FC	0	99	0		2	0	0	1
2877	0xB3D	9079	90 79	0x40E99E	0	78	0		0	1	0	0
2878	0xB3E	907A	90 7A	0x40EA40	0	91	0		0	1	0	0
2879	0xB3F	907B	90 7B	0x40EAE2	0	82	0		1	1	0	0
2880	0xB40	907C	90 7C	0x40EB84	0	64	0		1	0	0	1
2881	0xB41	907D	90 7D	0x40EC26	0	87	0		3	0	0	1
2882	0xB42	907E	90 7E	0x40ECC8	0	93	0		0	0	1	1
2883	0xB43	9080	90 80	0x40ED6A	0	92	0		2	105	0	0
2884	0xB44	9081	90 81	0x40EE0C	0	77	0		4	1	0	0
2885	0xB45	9082	90 82	0x40EEAE	0	100	0		3	2	0	0
2886	0xB46	9083	90 83	0x40EF50	0	80	0		4	2	0	0
2887	0xB47	9084	90 84	0x40EFF2	0	95	0		0	1	0	0
2888	0xB48	9085	90 85	0x40F094	0	89	0		1	0	0	1
2889	0xB49	9086	90 86	0x40F136	0	71	0		2	0	0	1
2890	0xB4A	9087	90 87	0x40F1D8	0	97	0		0	4	0	0
2891	0xB4B	9088	90 88	0x40F27A	0	101	0		0	2	0	0
2892	0xB4C	9089	90 89	0x40F31C	0	106	0		0	1	0	0
2893	0xB4D	908A	90 8A	0x40F3BE	0	83	0		0	2	0	0
2894	0xB4E	908B	90 8B	0x40F460	0	90	0		1	2	0	0
2895	0xB4F	908C	90 8C	0x40F502	0	96	0		3	3	0	0
2896	0xB50	908D	90 8D	0x40F5A4	0	95	0		2	3	0	0
2897	0xB51	908E	90 8E	0x40F646	0	88	0		1	1	0	0
2898	0xB52	908F	90 8F	0x40F6E8	0	77	0		0	3	0	0
2899	0xB53	9090	90 90	0x40F78A	0	95	0		2	5	0	0
2900	0xB54	9091	90 91	0x40F82C	0	86	0		2	8	0	0
2901	0xB55	9092	90 92	0x40F8CE	0	73	0		1	7	0	0
2902	0xB56	9093	90 93	0x40F970	0	90	0		4	3	0	0
2903	0xB57	9094	90 94	0x40FA12	0	84	0		2	3	0	0
2904	0xB58	9095	90 95	0x40FAB4	0	94	0		1	4	0	0
2905	0xB59	9096	90 96	0x40FB56	0	91	0		0	2	0	0
2906	0xB5A	9097	90 97	0x40FBF8	0	97	0		1	2	0	0
2907	0xB5B	9098	90 98	0x40FC9A	0	91	0		0	0	1	1
2908	0xB5C	9099	90 99	0x40FD3C	0	93	0		2	0	0	1
2909	0xB5D	909A	90 9A	0x40FDDE	0	99	0		0	1	0	0
2910	0xB5E	909B	90 9B	0x40FE80	0	95	0		1	0	0	1
2911	0xB5F	909C	90 9C	0x40FF22	0	92	0		4	1	0	0
2912	0xB60	909D	90 9D	0x40FFC4	0	95	0		3	0	0	1
2913	0xB61	909E	90 9E	0x410066	0	84	0		1	1	0	0
2914	0xB62	909F	90 9F	0x410108	0	81	0		1	0	0	1
2915	0xB63	90A0	90 A0	0x4101AA	0	95	0		0	0	1	1
2916	0xB64	90A1	90 A1	0x41024C	0	72	0		2	0	0	1
2917	0xB65	90A2	90 A2	0x4102EE	0	98	0		1	2	0	0
2918	0xB66	90A3	90 A3	0x410390	0	103	0		4	0	0	1
2919	0xB67	90A4	90 A4	0x410432	0	69	0		0	1	0	0
2920	0xB68	90A5	90 A5	0x4104D4	0	85	0		2	0	0	1
2921	0xB69	90A6	90 A6	0x410576	0	85	0		4	0	0	1
2922	0xB6A	90A7	90 A7	0x410618	0	98	0		2	0	0	1
2923	0xB6B	90A8	90 A8	0x4106BA	0	98	0		0	1	0	0
2924	0xB6C	90A9	90 A9	0x41075C	0	90	0		0	0	1	1
2925	0xB6D	90AA	90 AA	0x4107FE	0	80	0		4	0	0	1
2926	0xB6E	90AB	90 AB	0x4108A0	0	82	0		0	0	1	1
2927	0xB6F	90AC	90 AC	0x410942	0	91	0		1	0	0	1
2928	0xB70	90AD	90 AD	0x4109E4	0	88	0		1	0	0	1
2929	0xB71	90AE	90 AE	0x410A86	0	90	0		1	1	0	0
2930	0xB72	90AF	90 AF	0x410B28	0	85	0		0	0	1	1
2931	0xB73	90B0	90 B0	0x410BCA	0	60	0		0	0	1	1
2932	0xB74	90B1	90 B1	0x410C6C	0	98	0		3	1	0	0
2933	0xB75	90B2	90 B2	0x410D0E	0	72	0		1	0	0	1
2934	0xB76	90B3	90 B3	0x410DB0	0	90	0		4	1	0	0
2935	0xB77	90B4	90 B4	0x410E52	0	68	0		5	0	0	1
2936	0xB78	90B5	90 B5	0x410EF4	0	95	0		0	0	1	1
2937	0xB79	90B6	90 B6	0x410F96	0	88	0		2	1	0	0
2938	0xB7A	90B7	90 B7	0x411038	0	58	0		1	0	0	1
2939	0xB7B	90B8	90 B8	0x4110DA	0	95	0		0	0	1	1
2940	0xB7C	90B9	90 B9	0x41117C	0	91	0		1	0	0	1
2941	0xB7D	90BA	90 BA	0x41121E	0	76	0		0	0	1	1
2942	0xB7E	90BB	90 BB	0x4112C0	0	97	0		0	1	0	0
2943	0xB7F	90BC	90 BC	0x411362	0	90	0		1	0	0	1
2944	0xB80	90BD	90 BD	0x411404	0	93	0		2	0	0	1
2945	0xB81	90BE	90 BE	0x4114A6	0	75	0		1	0	0	1
2946	0xB82	90BF	90 BF	0x411548	0	71	0		1	0	0	1
2947	0xB83	90C0	90 C0	0x4115EA	0	94	0		2	0	0	1
2948	0xB84	90C1	90 C1	0x41168C	0	86	0		1	3	0	0
2949	0xB85	90C2	90 C2	0x41172E	0	86	0		0	1	0	0
2950	0xB86	90C3	90 C3	0x4117D0	0	84	0		1	0	0	1
2951	0xB87	90C4	90 C4	0x411872	0	87	0		0	0	1	1
2952	0xB88	90C5	90 C5	0x411914	0	97	0		2	0	0	1
2953	0xB89	90C6	90 C6	0x4119B6	0	90	0		1	0	0	1
2954	0xB8A	90C7	90 C7	0x411A58	0	93	0		0	0	1	1
2955	0xB8B	90C8	90 C8	0x411AFA	0	98	0		2	1	0	0
2956	0xB8C	90C9	90 C9	0x411B9C	0	83	0		3	0	0	1
2957	0xB8D	90CA	90 CA	0x411C3E	0	66	0		3	0	0	1
2958	0xB8E	90CB	90 CB	0x411CE0	0	92	0		0	0	1	1
2959	0xB8F	90CC	90 CC	0x411D82	0	101	0		1	0	0	1
2960	0xB90	90CD	90 CD	0x411E24	0	82	0		1	0	0	1
2961	0xB91	90CE	90 CE	0x411EC6	0	89	0		0	0	1	1
2962	0xB92	90CF	90 CF	0x411F68	0	95	0		5	0	0	1
2963	0xB93	90D0	90 D0	0x41200A	0	90	0		1	0	0	1
2964	0xB94	90D1	90 D1	0x4120AC	0	104	0		1	1	0	0
2965	0xB95	90D2	90 D2	0x41214E	0	100	0		1	0	0	1
2966	0xB96	90D3	90 D3	0x4121F0	0	65	0		1	0	0	1
2967	0xB97	90D4	90 D4	0x412292	0	106	0		1	0	0	1
2968	0xB98	90D5	90 D5	0x412334	0	85	0		1	0	0	1
2969	0xB99	90D6	90 D6	0x4123D6	0	105	0		1	0	0	1
2970	0xB9A	90D7	90 D7	0x412478	0	103	0		2	0	0	1
2971	0xB9B	90D8	90 D8	0x41251A	0	97	0		2	0	0	1
2972	0xB9C	90D9	90 D9	0x4125BC	0	98	0		2	0	0	1
2973	0xB9D	90DA	90 DA	0x41265E	0	75	0		1	0	0	1
2974	0xB9E	90DB	90 DB	0x412700	0	82	0		1	0	0	1
2975	0xB9F	90DC	90 DC	0x4127A2	0	98	0		0	0	1	1
2976	0xBA0	90DD	90 DD	0x412844	0	104	0		1	0	0	1
2977	0xBA1	90DE	90 DE	0x4128E6	0	103	0		1	0	0	1
2978	0xBA2	90DF	90 DF	0x412988	0	90	0		2	0	0	1
2979	0xBA3	90E0	90 E0	0x412A2A	0	84	0		2	0	0	1
2980	0xBA4	90E1	90 E1	0x412ACC	0	88	0		3	0	0	1
2981	0xBA5	90E2	90 E2	0x412B6E	0	79	0		2	0	0	1
2982	0xBA6	90E3	90 E3	0x412C10	0	90	0		12	0	0	1
2983	0xBA7	90E4	90 E4	0x412CB2	0	79	0		1	0	0	1
2984	0xBA8	90E5	90 E5	0x412D54	0	94	0		4	0	0	1
2985	0xBA9	90E6	90 E6	0x412DF6	0	77	0		0	0	1	1
2986	0xBAA	90E7	90 E7	0x412E98	0	97	0		3	0	0	1
2987	0xBAB	90E8	90 E8	0x412F3A	0	91	0		0	0	1	1
2988	0xBAC	90E9	90 E9	0x412FDC	0	80	0		0	1	0	0
2989	0xBAD	90EA	90 EA	0x41307E	0	76	0		1	0	0	1
2990	0xBAE	90EB	90 EB	0x413120	0	96	0		1	0	0	1
2991	0xBAF	90EC	90 EC	0x4131C2	0	78	0		1	0	0	1
2992	0xBB0	90ED	90 ED	0x413264	0	69	0		3	0	0	1
2993	0xBB1	90EE	90 EE	0x413306	0	89	0		0	0	1	1
2994	0xBB2	90EF	90 EF	0x4133A8	0	75	0		1	0	0	1
2995	0xBB3	90F0	90 F0	0x41344A	0	97	0		14	0	0	1
2996	0xBB4	90F1	90 F1	0x4134EC	0	87	0		0	0	1	1
2997	0xBB5	90F2	90 F2	0x41358E	0	96	0		6	0	0	1
2998	0xBB6	90F3	90 F3	0x413630	0	90	0		4	0	0	1
2999	0xBB7	90F4	90 F4	0x4136D2	0	84	0		0	0	1	1
3000	0xBB8	90F5	90 F5	0x413774	0	68	0		2	0	0	1
3001	0xBB9	90F6	90 F6	0x413816	0	91	0		2	0	0	1
3002	0xBBA	90F7	90 F7	0x4138B8	0	86	0		2	0	0	1
3003	0xBBB	90F8	90 F8	0x41395A	0	93	0		5	0	0	1
3004	0xBBC	90F9	90 F9	0x4139FC	0	69	0		3	0	0	1
3005	0xBBD	90FA	90 FA	0x413A9E	0	92	0		2	0	0	1
3006	0xBBE	90FB	90 FB	0x413B40	0	96	0		2	0	0	1
3007	0xBBF	90FC	90 FC	0x413BE2	0	102	0		1	1	0	0
3008	0xBC0	9140	91 40	0x413C84	0	69	0		3	0	0	1
3009	0xBC1	9141	91 41	0x413D26	0	89	0		3	0	0	1
3010	0xBC2	9142	91 42	0x413DC8	0	88	0		0	0	1	1
3011	0xBC3	9143	91 43	0x413E6A	0	88	0		5	0	0	1
3012	0xBC4	9144	91 44	0x413F0C	0	87	0		2	0	0	1
3013	0xBC5	9145	91 45	0x413FAE	0	83	0		2	0	0	1
3014	0xBC6	9146	91 46	0x414050	0	76	0		1	0	0	1
3015	0xBC7	9147	91 47	0x4140F2	0	73	0		6	0	0	1
3016	0xBC8	9148	91 48	0x414194	0	100	0		1	0	0	1
3017	0xBC9	9149	91 49	0x414236	0	100	0		1	0	0	1
3018	0xBCA	914A	91 4A	0x4142D8	0	94	0		1	0	0	1
3019	0xBCB	914B	91 4B	0x41437A	0	102	0		0	0	1	1
3020	0xBCC	914C	91 4C	0x41441C	0	59	0		2	0	0	1
3021	0xBCD	914D	91 4D	0x4144BE	0	48	0		2	0	0	1
3022	0xBCE	914E	91 4E	0x414560	0	84	0		2	0	0	1
3023	0xBCF	914F	91 4F	0x414602	0	86	0		0	0	1	1
3024	0xBD0	9150	91 50	0x4146A4	0	78	0		0	0	1	1
3025	0xBD1	9151	91 51	0x414746	0	81	0		3	0	0	1
3026	0xBD2	9152	91 52	0x4147E8	0	97	0		7	0	0	1
3027	0xBD3	9153	91 53	0x41488A	0	74	0		3	0	0	1
3028	0xBD4	9154	91 54	0x41492C	0	67	0		0	4	0	0
3029	0xBD5	9155	91 55	0x4149CE	0	78	0		2	0	0	1
3030	0xBD6	9156	91 56	0x414A70	0	92	0		0	1	0	0
3031	0xBD7	9157	91 57	0x414B12	0	78	0		0	0	1	1
3032	0xBD8	9158	91 58	0x414BB4	0	82	0		0	0	1	1
3033	0xBD9	9159	91 59	0x414C56	0	92	0		0	2	0	0
3034	0xBDA	915A	91 5A	0x414CF8	0	77	0		0	0	1	1
3035	0xBDB	915B	91 5B	0x414D9A	0	90	0		1	0	0	1
3036	0xBDC	915C	91 5C	0x414E3C	0	89	0		1	0	0	1
3037	0xBDD	915D	91 5D	0x414EDE	0	101	0		3	0	0	1
3038	0xBDE	915E	91 5E	0x414F80	0	94	0		0	1	0	0
3039	0xBDF	915F	91 5F	0x415022	0	99	0		0	0	1	1
3040	0xBE0	9160	91 60	0x4150C4	0	82	0		1	0	0	1
3041	0xBE1	9161	91 61	0x415166	0	94	0		3	1	0	0
3042	0xBE2	9162	91 62	0x415208	0	84	0		4	1	0	0
3043	0xBE3	9163	91 63	0x4152AA	0	77	0		3	0	0	1
3044	0xBE4	9164	91 64	0x41534C	0	101	0		0	2	0	0
3045	0xBE5	9165	91 65	0x4153EE	0	80	0		0	0	1	1
3046	0xBE6	9166	91 66	0x415490	0	93	0		2	0	0	1
3047	0xBE7	9167	91 67	0x415532	0	44	0		1	1	0	0
3048	0xBE8	9168	91 68	0x4155D4	0	79	0		1	0	0	1
3049	0xBE9	9169	91 69	0x415676	0	101	0		0	2	0	0
3050	0xBEA	916A	91 6A	0x415718	0	82	0		1	0	0	1
3051	0xBEB	916B	91 6B	0x4157BA	0	92	0		1	1	0	0
3052	0xBEC	916C	91 6C	0x41585C	0	94	0		0	1	0	0
3053	0xBED	916D	91 6D	0x4158FE	0	97	0		2	2	0	0
3054	0xBEE	916E	91 6E	0x4159A0	0	82	0		0	1	0	0
3055	0xBEF	916F	91 6F	0x415A42	0	94	0		0	0	1	1
3056	0xBF0	9170	91 70	0x415AE4	0	88	0		0	2	0	0
3057	0xBF1	9171	91 71	0x415B86	0	87	0		2	0	0	1
3058	0xBF2	9172	91 72	0x415C28	0	97	0		4	0	0	1
3059	0xBF3	9173	91 73	0x415CCA	0	99	0		1	0	0	1
3060	0xBF4	9174	91 74	0x415D6C	0	76	0		2	1	0	0
3061	0xBF5	9175	91 75	0x415E0E	0	65	0		0	0	1	1
3062	0xBF6	9176	91 76	0x415EB0	0	98	0		4	1	0	0
3063	0xBF7	9177	91 77	0x415F52	0	66	0		1	4	0	0
3064	0xBF8	9178	91 78	0x415FF4	0	84	0		0	7	0	0
3065	0xBF9	9179	91 79	0x416096	0	91	0		0	0	1	1
3066	0xBFA	917A	91 7A	0x416138	0	94	0		0	1	0	0
3067	0xBFB	917B	91 7B	0x4161DA	0	94	0		1	3	0	0
3068	0xBFC	917C	91 7C	0x41627C	0	88	0		1	1	0	0
3069	0xBFD	917D	91 7D	0x41631E	0	89	0		1	0	0	1
3070	0xBFE	917E	91 7E	0x4163C0	0	89	0		5	3	0	0
3071	0xBFF	9180	91 80	0x416462	0	93	0		0	85	0	0
3072	0xC00	9181	91 81	0x416504	0	81	0		0	0	1	1
3073	0xC01	9182	91 82	0x4165A6	0	84	0		0	0	1	1
3074	0xC02	9183	91 83	0x416648	0	84	0		1	0	0	1
3075	0xC03	9184	91 84	0x4166EA	0	98	0		2	0	0	1
3076	0xC04	9185	91 85	0x41678C	0	92	0		1	0	0	1
3077	0xC05	9186	91 86	0x41682E	0	104	0		1	0	0	1
3078	0xC06	9187	91 87	0x4168D0	0	93	0		0	2	0	0
3079	0xC07	9188	91 88	0x416972	0	106	0		0	2	0	0
3080	0xC08	9189	91 89	0x416A14	0	80	0		2	1	0	0
3081	0xC09	918A	91 8A	0x416AB6	0	100	0		0	0	1	1
3082	0xC0A	918B	91 8B	0x416B58	0	97	0		0	5	0	0
3083	0xC0B	918C	91 8C	0x416BFA	0	77	0		0	0	1	1
3084	0xC0C	918D	91 8D	0x416C9C	0	90	0		5	5	0	0
3085	0xC0D	918E	91 8E	0x416D3E	0	54	0		1	3	0	0
3086	0xC0E	918F	91 8F	0x416DE0	0	82	0		0	1	0	0
3087	0xC0F	9190	91 90	0x416E82	0	68	0		2	2	0	0
3088	0xC10	9191	91 91	0x416F24	0	79	0		1	18	0	0
3089	0xC11	9192	91 92	0x416FC6	0	87	0		3	5	0	0
3090	0xC12	9193	91 93	0x417068	0	82	0		4	6	0	0
3091	0xC13	9194	91 94	0x41710A	0	102	0		0	10	0	0
3092	0xC14	9195	91 95	0x4171AC	0	86	0		1	1	0	0
3093	0xC15	9196	91 96	0x41724E	0	61	0		1	0	0	1
3094	0xC16	9197	91 97	0x4172F0	0	103	0		1	1	0	0
3095	0xC17	9198	91 98	0x417392	0	98	0		0	1	0	0
3096	0xC18	9199	91 99	0x417434	0	91	0		1	1	0	0
3097	0xC19	919A	91 9A	0x4174D6	0	83	0		1	0	0	1
3098	0xC1A	919B	91 9B	0x417578	0	81	0		2	0	0	1
3099	0xC1B	919C	91 9C	0x41761A	0	69	0		1	1	0	0
3100	0xC1C	919D	91 9D	0x4176BC	0	104	0		2	2	0	0
3101	0xC1D	919E	91 9E	0x41775E	0	64	0		0	0	1	1
3102	0xC1E	919F	91 9F	0x417800	0	78	0		1	0	0	1
3103	0xC1F	91A0	91 A0	0x4178A2	0	89	0		0	0	1	1
3104	0xC20	91A1	91 A1	0x417944	0	88	0		0	0	1	1
3105	0xC21	91A2	91 A2	0x4179E6	0	91	0		1	1	0	0
3106	0xC22	91A3	91 A3	0x417A88	0	87	0		1	1	0	0
3107	0xC23	91A4	91 A4	0x417B2A	0	88	0		3	0	0	1
3108	0xC24	91A5	91 A5	0x417BCC	0	98	0		0	1	0	0
3109	0xC25	91A6	91 A6	0x417C6E	0	91	0		0	0	1	1
3110	0xC26	91A7	91 A7	0x417D10	0	83	0		0	0	1	1
3111	0xC27	91A8	91 A8	0x417DB2	0	91	0		0	1	0	0
3112	0xC28	91A9	91 A9	0x417E54	0	76	0		0	1	0	0
3113	0xC29	91AA	91 AA	0x417EF6	0	103	0		0	0	1	1
3114	0xC2A	91AB	91 AB	0x417F98	0	96	0		0	0	1	1
3115	0xC2B	91AC	91 AC	0x41803A	0	89	0		0	0	1	1
3116	0xC2C	91AD	91 AD	0x4180DC	0	90	0		1	0	0	1
3117	0xC2D	91AE	91 AE	0x41817E	0	62	0		0	0	1	1
3118	0xC2E	91AF	91 AF	0x418220	0	68	0		0	0	1	1
3119	0xC2F	91B0	91 B0	0x4182C2	0	96	0		1	1	0	0
3120	0xC30	91B1	91 B1	0x418364	0	98	0		0	0	1	1
3121	0xC31	91B2	91 B2	0x418406	0	92	0		0	0	1	1
3122	0xC32	91B3	91 B3	0x4184A8	0	96	0		1	1	0	0
3123	0xC33	91B4	91 B4	0x41854A	0	89	0		2	0	0	1
3124	0xC34	91B5	91 B5	0x4185EC	0	82	0		0	1	0	0
3125	0xC35	91B6	91 B6	0x41868E	0	69	0		0	3	0	0
3126	0xC36	91B7	91 B7	0x418730	0	71	0		0	0	1	1
3127	0xC37	91B8	91 B8	0x4187D2	0	84	0		2	0	0	1
3128	0xC38	91B9	91 B9	0x418874	0	97	0		0	0	1	1
3129	0xC39	91BA	91 BA	0x418916	0	88	0		1	0	0	1
3130	0xC3A	91BB	91 BB	0x4189B8	0	96	0		0	0	1	1
3131	0xC3B	91BC	91 BC	0x418A5A	0	83	0		0	0	1	1
3132	0xC3C	91BD	91 BD	0x418AFC	0	81	0		0	0	1	1
3133	0xC3D	91BE	91 BE	0x418B9E	0	91	0		0	0	1	1
3134	0xC3E	91BF	91 BF	0x418C40	0	92	0		0	6	0	0
3135	0xC3F	91C0	91 C0	0x418CE2	0	77	0		1	4	0	0
3136	0xC40	91C1	91 C1	0x418D84	0	97	0		1	0	0	1
3137	0xC41	91C2	91 C2	0x418E26	0	96	0		2	2	0	0
3138	0xC42	91C3	91 C3	0x418EC8	0	95	0		0	0	1	1
3139	0xC43	91C4	91 C4	0x418F6A	0	80	0		0	0	1	1
3140	0xC44	91C5	91 C5	0x41900C	0	102	0		0	1	0	0
3141	0xC45	91C6	91 C6	0x4190AE	0	97	0		0	0	1	1
3142	0xC46	91C7	91 C7	0x419150	0	105	0		0	0	1	1
3143	0xC47	91C8	91 C8	0x4191F2	0	81	0		1	0	0	1
3144	0xC48	91C9	91 C9	0x419294	0	67	0		3	0	0	1
3145	0xC49	91CA	91 CA	0x419336	0	81	0		0	0	1	1
3146	0xC4A	91CB	91 CB	0x4193D8	0	66	0		0	0	1	1
3147	0xC4B	91CC	91 CC	0x41947A	0	99	0		1	0	0	1
3148	0xC4C	91CD	91 CD	0x41951C	0	72	0		0	0	1	1
3149	0xC4D	91CE	91 CE	0x4195BE	0	100	0		1	0	0	1
3150	0xC4E	91CF	91 CF	0x419660	0	89	0		1	0	0	1
3151	0xC4F	91D0	91 D0	0x419702	0	98	0		0	0	1	1
3152	0xC50	91D1	91 D1	0x4197A4	0	97	0		0	0	1	1
3153	0xC51	91D2	91 D2	0x419846	0	68	0		0	0	1	1
3154	0xC52	91D3	91 D3	0x4198E8	0	94	0		1	0	0	1
3155	0xC53	91D4	91 D4	0x41998A	0	66	0		0	0	1	1
3156	0xC54	91D5	91 D5	0x419A2C	0	73	0		1	0	0	1
3157	0xC55	91D6	91 D6	0x419ACE	0	77	0		0	0	1	1
3158	0xC56	91D7	91 D7	0x419B70	0	94	0		0	0	1	1
3159	0xC57	91D8	91 D8	0x419C12	0	69	0		1	0	0	1
3160	0xC58	91D9	91 D9	0x419CB4	0	77	0		1	0	0	1
3161	0xC59	91DA	91 DA	0x419D56	0	94	0		0	0	1	1
3162	0xC5A	91DB	91 DB	0x419DF8	0	89	0		5	0	0	1
3163	0xC5B	91DC	91 DC	0x419E9A	0	84	0		1	0	0	1
3164	0xC5C	91DD	91 DD	0x419F3C	0	92	0		1	0	0	1
3165	0xC5D	91DE	91 DE	0x419FDE	0	86	0		0	0	1	1
3166	0xC5E	91DF	91 DF	0x41A080	0	79	0		1	0	0	1
3167	0xC5F	91E0	91 E0	0x41A122	0	78	0		0	0	1	1
3168	0xC60	91E1	91 E1	0x41A1C4	0	81	0		1	0	0	1
3169	0xC61	91E2	91 E2	0x41A266	0	76	0		2	0	0	1
3170	0xC62	91E3	91 E3	0x41A308	0	82	0		1	0	0	1
3171	0xC63	91E4	91 E4	0x41A3AA	0	85	0		1	0	0	1
3172	0xC64	91E5	91 E5	0x41A44C	0	89	0		1	0	0	1
3173	0xC65	91E6	91 E6	0x41A4EE	0	84	0		6	0	0	1
3174	0xC66	91E7	91 E7	0x41A590	0	94	0		6	0	0	1
3175	0xC67	91E8	91 E8	0x41A632	0	68	0		0	0	1	1
3176	0xC68	91E9	91 E9	0x41A6D4	0	76	0		1	0	0	1
3177	0xC69	91EA	91 EA	0x41A776	0	82	0		1	0	0	1
3178	0xC6A	91EB	91 EB	0x41A818	0	85	0		0	0	1	1
3179	0xC6B	91EC	91 EC	0x41A8BA	0	94	0		0	0	1	1
3180	0xC6C	91ED	91 ED	0x41A95C	0	87	0		1	0	0	1
3181	0xC6D	91EE	91 EE	0x41A9FE	0	93	0		1	0	0	1
3182	0xC6E	91EF	91 EF	0x41AAA0	0	94	0		1	1	0	0
3183	0xC6F	91F0	91 F0	0x41AB42	0	94	0		15	0	0	1
3184	0xC70	91F1	91 F1	0x41ABE4	0	95	0		1	0	0	1
3185	0xC71	91F2	91 F2	0x41AC86	0	103	0		0	0	1	1
3186	0xC72	91F3	91 F3	0x41AD28	0	106	0		14	0	0	1
3187	0xC73	91F4	91 F4	0x41ADCA	0	92	0		0	0	1	1
3188	0xC74	91F5	91 F5	0x41AE6C	0	80	0		1	0	0	1
3189	0xC75	91F6	91 F6	0x41AF0E	0	99	0		1	0	0	1
3190	0xC76	91F7	91 F7	0x41AFB0	0	100	0		0	0	1	1
3191	0xC77	91F8	91 F8	0x41B052	0	99	0		2	0	0	1
3192	0xC78	91F9	91 F9	0x41B0F4	0	83	0		2	0	0	1
3193	0xC79	91FA	91 FA	0x41B196	0	83	0		3	0	0	1
3194	0xC7A	91FB	91 FB	0x41B238	0	99	0		3	0	0	1
3195	0xC7B	91FC	91 FC	0x41B2DA	0	73	0		7	0	0	1
3196	0xC7C	9240	92 40	0x41B37C	0	67	0		3	0	0	1
3197	0xC7D	9241	92 41	0x41B41E	0	80	0		3	0	0	1
3198	0xC7E	9242	92 42	0x41B4C0	0	87	0		6	0	0	1
3199	0xC7F	9243	92 43	0x41B562	0	91	0		4	1	0	0
3200	0xC80	9244	92 44	0x41B604	0	85	0		2	1	0	0
3201	0xC81	9245	92 45	0x41B6A6	0	96	0		1	0	0	1
3202	0xC82	9246	92 46	0x41B748	0	73	0		4	0	0	1
3203	0xC83	9247	92 47	0x41B7EA	0	90	0		4	0	0	1
3204	0xC84	9248	92 48	0x41B88C	0	95	0		0	0	1	1
3205	0xC85	9249	92 49	0x41B92E	0	95	0		1	0	0	1
3206	0xC86	924A	92 4A	0x41B9D0	0	105	0		5	0	0	1
3207	0xC87	924B	92 4B	0x41BA72	0	92	0		2	0	0	1
3208	0xC88	924C	92 4C	0x41BB14	0	71	0		1	0	0	1
3209	0xC89	924D	92 4D	0x41BBB6	0	88	0		4	2	0	0
3210	0xC8A	924E	92 4E	0x41BC58	0	89	0		1	0	0	1
3211	0xC8B	924F	92 4F	0x41BCFA	0	95	0		1	0	0	1
3212	0xC8C	9250	92 50	0x41BD9C	0	95	0		6	0	0	1
3213	0xC8D	9251	92 51	0x41BE3E	0	71	0		5	0	0	1
3214	0xC8E	9252	92 52	0x41BEE0	0	93	0		13	0	0	1
3215	0xC8F	9253	92 53	0x41BF82	0	88	0		1	0	0	1
3216	0xC90	9254	92 54	0x41C024	0	109	0		2	2	0	0
3217	0xC91	9255	92 55	0x41C0C6	0	52	0		2	0	0	1
3218	0xC92	9256	92 56	0x41C168	0	54	0		3	0	0	1
3219	0xC93	9257	92 57	0x41C20A	0	74	0		3	1	0	0
3220	0xC94	9258	92 58	0x41C2AC	0	65	0		1	0	0	1
3221	0xC95	9259	92 59	0x41C34E	0	82	0		1	0	0	1
3222	0xC96	925A	92 5A	0x41C3F0	0	91	0		1	0	0	1
3223	0xC97	925B	92 5B	0x41C492	0	98	0		1	1	0	0
3224	0xC98	925C	92 5C	0x41C534	0	97	0		1	0	0	1
3225	0xC99	925D	92 5D	0x41C5D6	0	85	0		2	0	0	1
3226	0xC9A	925E	92 5E	0x41C678	0	85	0		3	0	0	1
3227	0xC9B	925F	92 5F	0x41C71A	0	83	0		3	0	0	1
3228	0xC9C	9260	92 60	0x41C7BC	0	94	0		1	0	0	1
3229	0xC9D	9261	92 61	0x41C85E	0	99	0		5	0	0	1
3230	0xC9E	9262	92 62	0x41C900	0	95	0		8	1	0	0
3231	0xC9F	9263	92 63	0x41C9A2	0	99	0		1	0	0	1
3232	0xCA0	9264	92 64	0x41CA44	0	99	0		4	0	0	1
3233	0xCA1	9265	92 65	0x41CAE6	0	99	0		0	1	0	0
3234	0xCA2	9266	92 66	0x41CB88	0	94	0		0	0	1	1
3235	0xCA3	9267	92 67	0x41CC2A	0	81	0		0	0	1	1
3236	0xCA4	9268	92 68	0x41CCCC	0	90	0		0	2	0	0
3237	0xCA5	9269	92 69	0x41CD6E	0	93	0		1	0	0	1
3238	0xCA6	926A	92 6A	0x41CE10	0	80	0		0	0	1	1
3239	0xCA7	926B	92 6B	0x41CEB2	0	83	0		2	0	0	1
3240	0xCA8	926C	92 6C	0x41CF54	0	63	0		0	2	0	0
3241	0xCA9	926D	92 6D	0x41CFF6	0	101	0		5	3	0	0
3242	0xCAA	926E	92 6E	0x41D098	0	92	0		0	1	0	0
3243	0xCAB	926F	92 6F	0x41D13A	0	90	0		3	0	0	1
3244	0xCAC	9270	92 70	0x41D1DC	0	79	0		3	1	0	0
3245	0xCAD	9271	92 71	0x41D27E	0	94	0		5	1	0	0
3246	0xCAE	9272	92 72	0x41D320	0	96	0		13	1	0	0
3247	0xCAF	9273	92 73	0x41D3C2	0	90	0		1	0	0	1
3248	0xCB0	9274	92 74	0x41D464	0	91	0		1	0	0	1
3249	0xCB1	9275	92 75	0x41D506	0	86	0		4	0	0	1
3250	0xCB2	9276	92 76	0x41D5A8	0	95	0		2	1	0	0
3251	0xCB3	9277	92 77	0x41D64A	0	92	0		2	1	0	0
3252	0xCB4	9278	92 78	0x41D6EC	0	88	0		1	0	0	1
3253	0xCB5	9279	92 79	0x41D78E	0	78	0		1	2	0	0
3254	0xCB6	927A	92 7A	0x41D830	0	85	0		5	8	0	0
3255	0xCB7	927B	92 7B	0x41D8D2	0	78	0		0	3	0	0
3256	0xCB8	927C	92 7C	0x41D974	0	91	0		1	0	0	1
3257	0xCB9	927D	92 7D	0x41DA16	0	87	0		3	3	0	0
3258	0xCBA	927E	92 7E	0x41DAB8	0	90	0		0	2	0	0
3259	0xCBB	9280	92 80	0x41DB5A	0	102	0		0	80	0	0
3260	0xCBC	9281	92 81	0x41DBFC	0	95	0		0	0	1	1
3261	0xCBD	9282	92 82	0x41DC9E	0	73	0		7	2	0	0
3262	0xCBE	9283	92 83	0x41DD40	0	85	0		4	0	0	1
3263	0xCBF	9284	92 84	0x41DDE2	0	99	0		3	3	0	0
3264	0xCC0	9285	92 85	0x41DE84	0	87	0		0	0	1	1
3265	0xCC1	9286	92 86	0x41DF26	0	86	0		0	1	0	0
3266	0xCC2	9287	92 87	0x41DFC8	0	95	0		0	1	0	0
3267	0xCC3	9288	92 88	0x41E06A	0	88	0		2	2	0	0
3268	0xCC4	9289	92 89	0x41E10C	0	100	0		3	1	0	0
3269	0xCC5	928A	92 8A	0x41E1AE	0	75	0		3	0	0	1
3270	0xCC6	928B	92 8B	0x41E250	0	86	0		1	1	0	0
3271	0xCC7	928C	92 8C	0x41E2F2	0	96	0		3	6	0	0
3272	0xCC8	928D	92 8D	0x41E394	0	109	0		2	2	0	0
3273	0xCC9	928E	92 8E	0x41E436	0	98	0		2	1	0	0
3274	0xCCA	928F	92 8F	0x41E4D8	0	85	0		0	3	0	0
3275	0xCCB	9290	92 90	0x41E57A	0	105	0		4	0	0	1
3276	0xCCC	9291	92 91	0x41E61C	0	86	0		2	3	0	0
3277	0xCCD	9292	92 92	0x41E6BE	0	77	0		3	15	0	0
3278	0xCCE	9293	92 93	0x41E760	0	67	0		2	7	0	0
3279	0xCCF	9294	92 94	0x41E802	0	95	0		3	11	0	0
3280	0xCD0	9295	92 95	0x41E8A4	0	71	0		3	5	0	0
3281	0xCD1	9296	92 96	0x41E946	0	90	0		0	1	0	0
3282	0xCD2	9297	92 97	0x41E9E8	0	93	0		2	0	0	1
3283	0xCD3	9298	92 98	0x41EA8A	0	94	0		4	4	0	0
3284	0xCD4	9299	92 99	0x41EB2C	0	99	0		2	3	0	0
3285	0xCD5	929A	92 9A	0x41EBCE	0	85	0		2	0	0	1
3286	0xCD6	929B	92 9B	0x41EC70	0	94	0		3	1	0	0
3287	0xCD7	929C	92 9C	0x41ED12	0	72	0		1	0	0	1
3288	0xCD8	929D	92 9D	0x41EDB4	0	104	0		2	0	0	1
3289	0xCD9	929E	92 9E	0x41EE56	0	89	0		1	0	0	1
3290	0xCDA	929F	92 9F	0x41EEF8	0	85	0		1	1	0	0
3291	0xCDB	92A0	92 A0	0x41EF9A	0	78	0		1	1	0	0
3292	0xCDC	92A1	92 A1	0x41F03C	0	54	0		3	2	0	0
3293	0xCDD	92A2	92 A2	0x41F0DE	0	86	0		2	1	0	0
3294	0xCDE	92A3	92 A3	0x41F180	0	93	0		1	1	0	0
3295	0xCDF	92A4	92 A4	0x41F222	0	87	0		6	0	0	1
3296	0xCE0	92A5	92 A5	0x41F2C4	0	93	0		0	0	1	1
3297	0xCE1	92A6	92 A6	0x41F366	0	86	0		1	0	0	1
3298	0xCE2	92A7	92 A7	0x41F408	0	89	0		0	0	1	1
3299	0xCE3	92A8	92 A8	0x41F4AA	0	86	0		2	1	0	0
3300	0xCE4	92A9	92 A9	0x41F54C	0	86	0		2	1	0	0
3301	0xCE5	92AA	92 AA	0x41F5EE	0	89	0		0	2	0	0
3302	0xCE6	92AB	92 AB	0x41F690	0	85	0		0	0	1	1
3303	0xCE7	92AC	92 AC	0x41F732	0	90	0		2	1	0	0
3304	0xCE8	92AD	92 AD	0x41F7D4	0	84	0		3	2	0	0
3305	0xCE9	92AE	92 AE	0x41F876	0	102	0		3	0	0	1
3306	0xCEA	92AF	92 AF	0x41F918	0	81	0		3	1	0	0
3307	0xCEB	92B0	92 B0	0x41F9BA	0	93	0		3	0	0	1
3308	0xCEC	92B1	92 B1	0x41FA5C	0	88	0		2	1	0	0
3309	0xCED	92B2	92 B2	0x41FAFE	0	89	0		1	0	0	1
3310	0xCEE	92B3	92 B3	0x41FBA0	0	45	0		1	0	0	1
3311	0xCEF	92B4	92 B4	0x41FC42	0	90	0		1	0	0	1
3312	0xCF0	92B5	92 B5	0x41FCE4	0	102	0		1	0	0	1
3313	0xCF1	92B6	92 B6	0x41FD86	0	75	0		2	7	0	0
3314	0xCF2	92B7	92 B7	0x41FE28	0	86	0		1	0	0	1
3315	0xCF3	92B8	92 B8	0x41FECA	0	89	0		1	0	0	1
3316	0xCF4	92B9	92 B9	0x41FF6C	0	80	0		1	1	0	0
3317	0xCF5	92BA	92 BA	0x42000E	0	92	0		3	0	0	1
3318	0xCF6	92BB	92 BB	0x4200B0	0	81	0		1	0	0	1
3319	0xCF7	92BC	92 BC	0x420152	0	102	0		1	1	0	0
3320	0xCF8	92BD	92 BD	0x4201F4	0	94	0		0	0	1	1
3321	0xCF9	92BE	92 BE	0x420296	0	98	0		2	0	0	1
3322	0xCFA	92BF	92 BF	0x420338	0	91	0		5	0	0	1
3323	0xCFB	92C0	92 C0	0x4203DA	0	98	0		3	0	0	1
3324	0xCFC	92C1	92 C1	0x42047C	0	64	0		4	0	0	1
3325	0xCFD	92C2	92 C2	0x42051E	0	94	0		1	2	0	0
3326	0xCFE	92C3	92 C3	0x4205C0	0	96	0		2	0	0	1
3327	0xCFF	92C4	92 C4	0x420662	0	77	0		7	0	0	1
3328	0xD00	92C5	92 C5	0x420704	0	88	0		2	0	0	1
3329	0xD01	92C6	92 C6	0x4207A6	0	100	0		0	0	1	1
3330	0xD02	92C7	92 C7	0x420848	0	59	0		2	0	0	1
3331	0xD03	92C8	92 C8	0x4208EA	0	98	0		2	0	0	1
3332	0xD04	92C9	92 C9	0x42098C	0	97	0		3	0	0	1
3333	0xD05	92CA	92 CA	0x420A2E	0	81	0		1	0	0	1
3334	0xD06	92CB	92 CB	0x420AD0	0	83	0		3	0	0	1
3335	0xD07	92CC	92 CC	0x420B72	0	93	0		4	0	0	1
3336	0xD08	92CD	92 CD	0x420C14	0	97	0		2	0	0	1
3337	0xD09	92CE	92 CE	0x420CB6	0	92	0		4	0	0	1
3338	0xD0A	92CF	92 CF	0x420D58	0	91	0		4	0	0	1
3339	0xD0B	92D0	92 D0	0x420DFA	0	100	0		9	0	0	1
3340	0xD0C	92D1	92 D1	0x420E9C	0	103	0		2	0	0	1
3341	0xD0D	92D2	92 D2	0x420F3E	0	98	0		1	0	0	1
3342	0xD0E	92D3	92 D3	0x420FE0	0	106	0		2	0	0	1
3343	0xD0F	92D4	92 D4	0x421082	0	99	0		3	0	0	1
3344	0xD10	92D5	92 D5	0x421124	0	78	0		0	0	1	1
3345	0xD11	92D6	92 D6	0x4211C6	0	84	0		4	0	0	1
3346	0xD12	92D7	92 D7	0x421268	0	83	0		1	0	0	1
3347	0xD13	92D8	92 D8	0x42130A	0	102	0		3	0	0	1
3348	0xD14	92D9	92 D9	0x4213AC	0	65	0		1	0	0	1
3349	0xD15	92DA	92 DA	0x42144E	0	84	0		3	0	0	1
3350	0xD16	92DB	92 DB	0x4214F0	0	100	0		1	0	0	1
3351	0xD17	92DC	92 DC	0x421592	0	78	0		2	0	0	1
3352	0xD18	92DD	92 DD	0x421634	0	92	0		4	0	0	1
3353	0xD19	92DE	92 DE	0x4216D6	0	98	0		0	0	1	1
3354	0xD1A	92DF	92 DF	0x421778	0	86	0		2	0	0	1
3355	0xD1B	92E0	92 E0	0x42181A	0	77	0		5	0	0	1
3356	0xD1C	92E1	92 E1	0x4218BC	0	77	0		2	0	0	1
3357	0xD1D	92E2	92 E2	0x42195E	0	77	0		5	0	0	1
3358	0xD1E	92E3	92 E3	0x421A00	0	90	0		2	0	0	1
3359	0xD1F	92E4	92 E4	0x421AA2	0	93	0		6	0	0	1
3360	0xD20	92E5	92 E5	0x421B44	0	76	0		3	0	0	1
3361	0xD21	92E6	92 E6	0x421BE6	0	84	0		2	0	0	1
3362	0xD22	92E7	92 E7	0x421C88	0	102	0		7	0	0	1
3363	0xD23	92E8	92 E8	0x421D2A	0	97	0		3	0	0	1
3364	0xD24	92E9	92 E9	0x421DCC	0	88	0		2	1	0	0
3365	0xD25	92EA	92 EA	0x421E6E	0	95	0		2	1	0	0
3366	0xD26	92EB	92 EB	0x421F10	0	75	0		2	0	0	1
3367	0xD27	92EC	92 EC	0x421FB2	0	74	0		2	0	0	1
3368	0xD28	92ED	92 ED	0x422054	0	90	0		3	0	0	1
3369	0xD29	92EE	92 EE	0x4220F6	0	88	0		0	0	1	1
3370	0xD2A	92EF	92 EF	0x422198	0	92	0		1	0	0	1
3371	0xD2B	92F0	92 F0	0x42223A	0	90	0		20	0	0	1
3372	0xD2C	92F1	92 F1	0x4222DC	0	97	0		4	0	0	1
3373	0xD2D	92F2	92 F2	0x42237E	0	92	0		3	0	0	1
3374	0xD2E	92F3	92 F3	0x422420	0	100	0		11	0	0	1
3375	0xD2F	92F4	92 F4	0x4224C2	0	96	0		0	0	1	1
3376	0xD30	92F5	92 F5	0x422564	0	96	0		0	0	1	1
3377	0xD31	92F6	92 F6	0x422606	0	97	0		2	0	0	1
3378	0xD32	92F7	92 F7	0x4226A8	0	93	0		1	0	0	1
3379	0xD33	92F8	92 F8	0x42274A	0	84	0		3	0	0	1
3380	0xD34	92F9	92 F9	0x4227EC	0	91	0		5	0	0	1
3381	0xD35	92FA	92 FA	0x42288E	0	62	0		2	1	0	0
3382	0xD36	92FB	92 FB	0x422930	0	81	0		1	0	0	1
3383	0xD37	92FC	92 FC	0x4229D2	0	98	0		5	0	0	1
3384	0xD38	9340	93 40	0x422A74	0	69	0		15	1	0	0
3385	0xD39	9341	93 41	0x422B16	0	88	0		4	0	0	1
3386	0xD3A	9342	93 42	0x422BB8	0	90	0		6	1	0	0
3387	0xD3B	9343	93 43	0x422C5A	0	95	0		5	1	0	0
3388	0xD3C	9344	93 44	0x422CFC	0	83	0		3	0	0	1
3389	0xD3D	9345	93 45	0x422D9E	0	83	0		6	0	0	1
3390	0xD3E	9346	93 46	0x422E40	0	90	0		0	1	0	0
3391	0xD3F	9347	93 47	0x422EE2	0	65	0		8	0	0	1
3392	0xD40	9348	93 48	0x422F84	0	94	0		4	0	0	1
3393	0xD41	9349	93 49	0x423026	0	96	0		5	0	0	1
3394	0xD42	934A	93 4A	0x4230C8	0	92	0		5	0	0	1
3395	0xD43	934B	93 4B	0x42316A	0	83	0		4	0	0	1
3396	0xD44	934C	93 4C	0x42320C	0	99	0		3	0	0	1
3397	0xD45	934D	93 4D	0x4232AE	0	74	0		6	0	0	1
3398	0xD46	934E	93 4E	0x423350	0	98	0		1	0	0	1
3399	0xD47	934F	93 4F	0x4233F2	0	92	0		1	1	0	0
3400	0xD48	9350	93 50	0x423494	0	81	0		2	0	0	1
3401	0xD49	9351	93 51	0x423536	0	82	0		1	0	0	1
3402	0xD4A	9352	93 52	0x4235D8	0	95	0		3	0	0	1
3403	0xD4B	9353	93 53	0x42367A	0	89	0		5	0	0	1
3404	0xD4C	9354	93 54	0x42371C	0	60	0		0	1	0	0
3405	0xD4D	9355	93 55	0x4237BE	0	101	0		1	0	0	1
3406	0xD4E	9356	93 56	0x423860	0	90	0		1	2	0	0
3407	0xD4F	9357	93 57	0x423902	0	89	0		0	0	1	1
3408	0xD50	9358	93 58	0x4239A4	0	95	0		2	4	0	0
3409	0xD51	9359	93 59	0x423A46	0	96	0		2	1	0	0
3410	0xD52	935A	93 5A	0x423AE8	0	91	0		0	0	1	1
3411	0xD53	935B	93 5B	0x423B8A	0	75	0		1	0	0	1
3412	0xD54	935C	93 5C	0x423C2C	0	89	0		0	0	1	1
3413	0xD55	935D	93 5D	0x423CCE	0	77	0		5	0	0	1
3414	0xD56	935E	93 5E	0x423D70	0	99	0		4	0	0	1
3415	0xD57	935F	93 5F	0x423E12	0	99	0		2	0	0	1
3416	0xD58	9360	93 60	0x423EB4	0	90	0		1	2	0	0
3417	0xD59	9361	93 61	0x423F56	0	94	0		1	3	0	0
3418	0xD5A	9362	93 62	0x423FF8	0	86	0		5	0	0	1
3419	0xD5B	9363	93 63	0x42409A	0	63	0		1	1	0	0
3420	0xD5C	9364	93 64	0x42413C	0	66	0		0	1	0	0
3421	0xD5D	9365	93 65	0x4241DE	0	101	0		0	1	0	0
3422	0xD5E	9366	93 66	0x424280	0	92	0		0	0	1	1
3423	0xD5F	9367	93 67	0x424322	0	94	0		1	1	0	0
3424	0xD60	9368	93 68	0x4243C4	0	100	0		1	0	0	1
3425	0xD61	9369	93 69	0x424466	0	101	0		0	1	0	0
3426	0xD62	936A	93 6A	0x424508	0	87	0		1	0	0	1
3427	0xD63	936B	93 6B	0x4245AA	0	91	0		0	1	0	0
3428	0xD64	936C	93 6C	0x42464C	0	100	0		1	4	0	0
3429	0xD65	936D	93 6D	0x4246EE	0	77	0		2	1	0	0
3430	0xD66	936E	93 6E	0x424790	0	89	0		0	1	0	0
3431	0xD67	936F	93 6F	0x424832	0	89	0		3	1	0	0
3432	0xD68	9370	93 70	0x4248D4	0	98	0		5	1	0	0
3433	0xD69	9371	93 71	0x424976	0	90	0		2	0	0	1
3434	0xD6A	9372	93 72	0x424A18	0	85	0		23	0	0	1
3435	0xD6B	9373	93 73	0x424ABA	0	88	0		2	0	0	1
3436	0xD6C	9374	93 74	0x424B5C	0	86	0		4	8	0	0
3437	0xD6D	9375	93 75	0x424BFE	0	89	0		2	1	0	0
3438	0xD6E	9376	93 76	0x424CA0	0	88	0		4	3	0	0
3439	0xD6F	9377	93 77	0x424D42	0	105	0		1	1	0	0
3440	0xD70	9378	93 78	0x424DE4	0	84	0		3	1	0	0
3441	0xD71	9379	93 79	0x424E86	0	94	0		0	0	1	1
3442	0xD72	937A	93 7A	0x424F28	0	86	0		15	1	0	0
3443	0xD73	937B	93 7B	0x424FCA	0	102	0		5	6	0	0
3444	0xD74	937C	93 7C	0x42506C	0	98	0		4	4	0	0
3445	0xD75	937D	93 7D	0x42510E	0	66	0		2	1	0	0
3446	0xD76	937E	93 7E	0x4251B0	0	76	0		5	2	0	0
3447	0xD77	9380	93 80	0x425252	0	84	0		3	86	0	0
3448	0xD78	9381	93 81	0x4252F4	0	95	0		3	0	0	1
3449	0xD79	9382	93 82	0x425396	0	85	0		4	0	0	1
3450	0xD7A	9383	93 83	0x425438	0	93	0		4	12	0	0
3451	0xD7B	9384	93 84	0x4254DA	0	79	0		1	0	0	1
3452	0xD7C	9385	93 85	0x42557C	0	85	0		10	1	0	0
3453	0xD7D	9386	93 86	0x42561E	0	96	0		0	2	0	0
3454	0xD7E	9387	93 87	0x4256C0	0	94	0		2	4	0	0
3455	0xD7F	9388	93 88	0x425762	0	97	0		3	1	0	0
3456	0xD80	9389	93 89	0x425804	0	98	0		2	10	0	0
3457	0xD81	938A	93 8A	0x4258A6	0	97	0		4	2	0	0
3458	0xD82	938B	93 8B	0x425948	0	100	0		3	2	0	0
3459	0xD83	938C	93 8C	0x4259EA	0	99	0		3	1	0	0
3460	0xD84	938D	93 8D	0x425A8C	0	91	0		6	2	0	0
3461	0xD85	938E	93 8E	0x425B2E	0	88	0		2	1	0	0
3462	0xD86	938F	93 8F	0x425BD0	0	99	0		1	5	0	0
3463	0xD87	9390	93 90	0x425C72	0	107	0		3	17	0	0
3464	0xD88	9391	93 91	0x425D14	0	58	0		0	0	1	1
3465	0xD89	9392	93 92	0x425DB6	0	94	0		7	2	0	0
3466	0xD8A	9393	93 93	0x425E58	0	90	0		2	20	0	0
3467	0xD8B	9394	93 94	0x425EFA	0	90	0		1	6	0	0
3468	0xD8C	9395	93 95	0x425F9C	0	95	0		0	95	0	0
3469	0xD8D	9396	93 96	0x42603E	0	96	0		4	6	0	0
3470	0xD8E	9397	93 97	0x4260E0	0	82	0		3	1	0	0
3471	0xD8F	9398	93 98	0x426182	0	105	0		0	4	0	0
3472	0xD90	9399	93 99	0x426224	0	92	0		4	2	0	0
3473	0xD91	939A	93 9A	0x4262C6	0	95	0		2	2	0	0
3474	0xD92	939B	93 9B	0x426368	0	99	0		4	3	0	0
3475	0xD93	939C	93 9C	0x42640A	0	108	0		0	2	0	0
3476	0xD94	939D	93 9D	0x4264AC	0	91	0		8	1	0	0
3477	0xD95	939E	93 9E	0x42654E	0	77	0		3	0	0	1
3478	0xD96	939F	93 9F	0x4265F0	0	96	0		2	0	0	1
3479	0xD97	93A0	93 A0	0x426692	0	105	0		1	7	0	0
3480	0xD98	93A1	93 A1	0x426734	0	89	0		2	1	0	0
3481	0xD99	93A2	93 A2	0x4267D6	0	91	0		2	3	0	0
3482	0xD9A	93A3	93 A3	0x426878	0	86	0		1	0	0	1
3483	0xD9B	93A4	93 A4	0x42691A	0	85	0		1	0	0	1
3484	0xD9C	93A5	93 A5	0x4269BC	0	95	0		2	2	0	0
3485	0xD9D	93A6	93 A6	0x426A5E	0	99	0		2	1	0	0
3486	0xD9E	93A7	93 A7	0x426B00	0	105	0		2	1	0	0
3487	0xD9F	93A8	93 A8	0x426BA2	0	92	0		3	1	0	0
3488	0xDA0	93A9	93 A9	0x426C44	0	101	0		1	1	0	0
3489	0xDA1	93AA	93 AA	0x426CE6	0	97	0		2	1	0	0
3490	0xDA2	93AB	93 AB	0x426D88	0	92	0		2	0	0	1
3491	0xDA3	93AC	93 AC	0x426E2A	0	91	0		1	0	0	1
3492	0xDA4	93AD	93 AD	0x426ECC	0	79	0		5	2	0	0
3493	0xDA5	93AE	93 AE	0x426F6E	0	96	0		1	2	0	0
3494	0xDA6	93AF	93 AF	0x427010	0	100	0		3	1	0	0
3495	0xDA7	93B0	93 B0	0x4270B2	0	94	0		4	3	0	0
3496	0xDA8	93B1	93 B1	0x427154	0	88	0		2	0	0	1
3497	0xDA9	93B2	93 B2	0x4271F6	0	88	0		2	3	0	0
3498	0xDAA	93B3	93 B3	0x427298	0	87	0		6	1	0	0
3499	0xDAB	93B4	93 B4	0x42733A	0	81	0		2	0	0	1
3500	0xDAC	93B5	93 B5	0x4273DC	0	100	0		2	0	0	1
3501	0xDAD	93B6	93 B6	0x42747E	0	96	0		6	4	0	0
3502	0xDAE	93B7	93 B7	0x427520	0	85	0		1	0	0	1
3503	0xDAF	93B8	93 B8	0x4275C2	0	99	0		3	0	0	1
3504	0xDB0	93B9	93 B9	0x427664	0	99	0		5	0	0	1
3505	0xDB1	93BA	93 BA	0x427706	0	85	0		2	1	0	0
3506	0xDB2	93BB	93 BB	0x4277A8	0	84	0		2	1	0	0
3507	0xDB3	93BC	93 BC	0x42784A	0	87	0		2	0	0	1
3508	0xDB4	93BD	93 BD	0x4278EC	0	103	0		0	2	0	0
3509	0xDB5	93BE	93 BE	0x42798E	0	100	0		4	1	0	0
3510	0xDB6	93BF	93 BF	0x427A30	0	83	0		2	15	0	0
3511	0xDB7	93C0	93 C0	0x427AD2	0	43	0		5	1	0	0
3512	0xDB8	93C1	93 C1	0x427B74	0	99	0		0	1	0	0
3513	0xDB9	93C2	93 C2	0x427C16	0	98	0		5	0	0	1
3514	0xDBA	93C3	93 C3	0x427CB8	0	68	0		6	1	0	0
3515	0xDBB	93C4	93 C4	0x427D5A	0	95	0		1	0	0	1
3516	0xDBC	93C5	93 C5	0x427DFC	0	91	0		11	0	0	1
3517	0xDBD	93C6	93 C6	0x427E9E	0	78	0		1	0	0	1
3518	0xDBE	93C7	93 C7	0x427F40	0	86	0		7	0	0	1
3519	0xDBF	93C8	93 C8	0x427FE2	0	110	0		1	0	0	1
3520	0xDC0	93C9	93 C9	0x428084	0	88	0		3	1	0	0
3521	0xDC1	93CA	93 CA	0x428126	0	102	0		3	0	0	1
3522	0xDC2	93CB	93 CB	0x4281C8	0	86	0		0	1	0	0
3523	0xDC3	93CC	93 CC	0x42826A	0	88	0		0	3	0	0
3524	0xDC4	93CD	93 CD	0x42830C	0	80	0		2	1	0	0
3525	0xDC5	93CE	93 CE	0x4283AE	0	108	0		7	0	0	1
3526	0xDC6	93CF	93 CF	0x428450	0	81	0		4	0	0	1
3527	0xDC7	93D0	93 D0	0x4284F2	0	97	0		4	0	0	1
3528	0xDC8	93D1	93 D1	0x428594	0	96	0		0	0	1	1
3529	0xDC9	93D2	93 D2	0x428636	0	93	0		5	2	0	0
3530	0xDCA	93D3	93 D3	0x4286D8	0	78	0		1	0	0	1
3531	0xDCB	93D4	93 D4	0x42877A	0	97	0		3	0	0	1
3532	0xDCC	93D5	93 D5	0x42881C	0	60	0		2	0	0	1
3533	0xDCD	93D6	93 D6	0x4288BE	0	83	0		2	1	0	0
3534	0xDCE	93D7	93 D7	0x428960	0	101	0		2	0	0	1
3535	0xDCF	93D8	93 D8	0x428A02	0	103	0		5	0	0	1
3536	0xDD0	93D9	93 D9	0x428AA4	0	94	0		0	1	0	0
3537	0xDD1	93DA	93 DA	0x428B46	0	94	0		12	3	0	0
3538	0xDD2	93DB	93 DB	0x428BE8	0	94	0		1	0	0	1
3539	0xDD3	93DC	93 DC	0x428C8A	0	80	0		2	0	0	1
3540	0xDD4	93DD	93 DD	0x428D2C	0	61	0		2	1	0	0
3541	0xDD5	93DE	93 DE	0x428DCE	0	98	0		2	0	0	1
3542	0xDD6	93DF	93 DF	0x428E70	0	91	0		3	0	0	1
3543	0xDD7	93E0	93 E0	0x428F12	0	78	0		2	0	0	1
3544	0xDD8	93E1	93 E1	0x428FB4	0	93	0		9	0	0	1
3545	0xDD9	93E2	93 E2	0x429056	0	91	0		4	0	0	1
3546	0xDDA	93E3	93 E3	0x4290F8	0	87	0		2	0	0	1
3547	0xDDB	93E4	93 E4	0x42919A	0	106	0		5	4	0	0
3548	0xDDC	93E5	93 E5	0x42923C	0	87	0		5	2	0	0
3549	0xDDD	93E6	93 E6	0x4292DE	0	95	0		7	0	0	1
3550	0xDDE	93E7	93 E7	0x429380	0	87	0		3	1	0	0
3551	0xDDF	93E8	93 E8	0x429422	0	64	0		3	3	0	0
3552	0xDE0	93E9	93 E9	0x4294C4	0	94	0		1	0	0	1
3553	0xDE1	93EA	93 EA	0x429566	0	102	0		0	0	1	1
3554	0xDE2	93EB	93 EB	0x429608	0	84	0		2	1	0	0
3555	0xDE3	93EC	93 EC	0x4296AA	0	101	0		3	1	0	0
3556	0xDE4	93ED	93 ED	0x42974C	0	99	0		2	0	0	1
3557	0xDE5	93EE	93 EE	0x4297EE	0	73	0		2	0	0	1
3558	0xDE6	93EF	93 EF	0x429890	0	94	0		2	1	0	0
3559	0xDE7	93F0	93 F0	0x429932	0	92	0		15	7	0	0
3560	0xDE8	93F1	93 F1	0x4299D4	0	78	0		3	0	0	1
3561	0xDE9	93F2	93 F2	0x429A76	0	96	0		4	6	0	0
3562	0xDEA	93F3	93 F3	0x429B18	0	88	0		6	0	0	1
3563	0xDEB	93F4	93 F4	0x429BBA	0	114	0		5	0	0	1
3564	0xDEC	93F5	93 F5	0x429C5C	0	101	0		3	2	0	0
3565	0xDED	93F6	93 F6	0x429CFE	0	63	0		2	0	0	1
3566	0xDEE	93F7	93 F7	0x429DA0	0	97	0		0	387	0	0
3567	0xDEF	93F8	93 F8	0x429E42	0	83	0		1	0	0	1
3568	0xDF0	93F9	93 F9	0x429EE4	0	101	0		2	1	0	0
3569	0xDF1	93FA	93 FA	0x429F86	0	100	0		2	0	0	1
3570	0xDF2	93FB	93 FB	0x42A028	0	99	0		12	3	0	0
3571	0xDF3	93FC	93 FC	0x42A0CA	0	86	0		0	1	0	0
3572	0xDF4	9440	94 40	0x42A16C	0	97	0		33	0	0	1
3573	0xDF5	9441	94 41	0x42A20E	0	101	0		1	0	0	1
3574	0xDF6	9442	94 42	0x42A2B0	0	96	0		2	3	0	0
3575	0xDF7	9443	94 43	0x42A352	0	97	0		7	0	0	1
3576	0xDF8	9444	94 44	0x42A3F4	0	103	0		4	0	0	1
3577	0xDF9	9445	94 45	0x42A496	0	100	0		7	0	0	1
3578	0xDFA	9446	94 46	0x42A538	0	90	0		6	0	0	1
3579	0xDFB	9447	94 47	0x42A5DA	0	97	0		2	0	0	1
3580	0xDFC	9448	94 48	0x42A67C	0	82	0		1	0	0	1
3581	0xDFD	9449	94 49	0x42A71E	0	97	0		0	0	1	1
3582	0xDFE	944A	94 4A	0x42A7C0	0	98	0		3	1	0	0
3583	0xDFF	944B	94 4B	0x42A862	0	93	0		21	0	0	1
3584	0xE00	944C	94 4C	0x42A904	0	94	0		1	1	0	0
3585	0xE01	944D	94 4D	0x42A9A6	0	72	0		1	2	0	0
3586	0xE02	944E	94 4E	0x42AA48	0	87	0		4	0	0	1
3587	0xE03	944F	94 4F	0x42AAEA	0	91	0		10	2	0	0
3588	0xE04	9450	94 50	0x42AB8C	0	98	0		1	3	0	0
3589	0xE05	9451	94 51	0x42AC2E	0	84	0		7	0	0	1
3590	0xE06	9452	94 52	0x42ACD0	0	92	0		5	0	0	1
3591	0xE07	9453	94 53	0x42AD72	0	98	0		5	0	0	1
3592	0xE08	9454	94 54	0x42AE14	1	0	0		2	0	0	1
3593	0xE09	9455	94 55	0x42AEB6	1	0	0		0	0	1	1
3594	0xE0A	9456	94 56	0x42AF58	1	0	0		2	0	0	1
3595	0xE0B	9457	94 57	0x42AFFA	1	0	0		0	0	1	1
3596	0xE0C	9458	94 58	0x42B09C	1	0	0		1	0	0	1
3597	0xE0D	9459	94 59	0x42B13E	1	0	0		1	0	0	1
3598	0xE0E	945A	94 5A	0x42B1E0	1	0	0		0	1	0	0
3599	0xE0F	945B	94 5B	0x42B282	1	0	0		2	1	0	0
