review_index	game_global_dialogue_index	game_key	event_file	event_display_index	command	speaker_code	voice_id	topology_status	sub09_sequences	japanese	final_korean	original_control_sequence
1	1	event000.tbl#001	event000.tbl	1	MSG	SIK	s_a01_000	STABLE_1G1S	19	ふぁ～あ…疲れたぜ～…。	후아아~ 피곤하다…	
2	2	event000.tbl#002	event000.tbl	2	MSG	SKR	s_a01_001	STABLE_1G1S	20	うー…もうクタクタァ…。	으… 완전 지쳤어…	
3	3	event000.tbl#003	event000.tbl	3	MSG	NRT	s_a01_002	STABLE_1G1S	21	んだよ、んだよ！　<br>サクラちゃんもシカマルも！	뭐야, 뭐야!<br>사쿠라짱도 시카마루도!	<br>
4	4	event000.tbl#004	event000.tbl	4	MSG	NRT	s_a01_003	STABLE_1G1S	22	ひっさびさの任務、<br>面白くなかったのか！？	오랜만의 임무인데,<br>재미없었던 거야!?	<br>
5	5	event000.tbl#005	event000.tbl	5	MSG	SIK	s_a01_004	STABLE_1G1S	23	はぁ…。<br>任務に面白れーもくそもあるかよ。	하아…<br>임무에 재밌고 자시고가 어딨냐.	<br>
6	6	event000.tbl#006	event000.tbl	6	MSG	SKR	s_a01_005	STABLE_1G1S	24	まったく…アンタのその体力だけは<br>ホント、尊敬するわ。	정말… 너 그 체력 하나만큼은<br>진짜 존경스럽다.	<br>
7	7	event000.tbl#007	event000.tbl	7	MSG	NRT	s_a01_006	STABLE_1G1S	25	へっへ～ん、オレってば毎日鍛えてっからな！<br>体力にはすげー自信があるんだってばよ！	헤헤~ 난 매일 단련하거든!<br>체력엔 꽤 자신 있다니깐!	<br>
8	8	event000.tbl#008	event000.tbl	8	MSG	SIK	s_a01_007	STABLE_1G1S	26	<KOFF>（<KON>サクラの皮肉も…このバカには通じねーな<KOFF>）<KON>	<KOFF>（<KON>사쿠라의 비아냥도… 이<br>바보한텐 안 통하네<KOFF>）<KON>	<KOFF> <KON> <KOFF> <KON>
9	9	event000.tbl#009	event000.tbl	9	MSG	SKR	s_a01_008	STABLE_1G1S	27	はぁ…。<br>早く帰ってゆっくり休みた～い。	하아…<br>빨리 돌아가서 느긋하게 쉬고 싶어~	<br>
10	10	event000.tbl#010	event000.tbl	10	MSG	NRT	s_a01_009	STABLE_1G1S	28	へへ！　<br>オレってば一楽のラーメンをたらふく…。	헤헤!<br>난 일락 라면을 배 터지게…	<br>
11	11	event000.tbl#011	event000.tbl	11	MSG	SKR	s_a01_010	SPLIT_1S_TO_2G	29	――！！？	……!!?	
12	12	event000.tbl#012	event000.tbl	12	MSG	SKR	s_a01_011	SPLIT_1S_TO_2G	29	何あれ！！？	저게 뭐야!!?	
13	13	event000.tbl#013	event000.tbl	13	MSG	NRT	s_a01_012	STABLE_1G1S	30	サ、サクラちゃん？　<br>どーしたんだってばよ！？	사, 사쿠라짱?<br>왜 그러냐니깐!?	<br>
14	14	event000.tbl#014	event000.tbl	14	MSG	SIK	s_a01_013	EXCEPTION_1G1S	31	な、何だ…あれ…！？	저, 저게… 뭐야…!?	
15	15	event000.tbl#015	event000.tbl	15	MSG	NRT	s_a01_014	EXCEPTION_1G1S	32	サ、サクラちゃん！　シカマル！！　<br>とにかく、急いで帰るぜ！！	사, 사쿠라짱! 시카마루!!<br>일단 빨리 돌아가자!!	<br>
16	16	event000.tbl#016	event000.tbl	16	MSG	TND		EXCEPTION_UNVOICED_1G1S	33	…………。	…………	
17	17	event000.tbl#017	event000.tbl	17	MSG	SZN	s_a02_000	STABLE_1G1S	34	綱手様！　新たに５０名が意識を失い<br>倒れたという情報が入りました。	츠나데 님! 새로 50명이 의식을 잃고<br>쓰러졌다는 보고가 들어왔습니다.	<br>
18	18	event000.tbl#018	event000.tbl	18	MSG	TND	s_a02_001	EXCEPTION_1G1S	35	ふう……。<br>まずいね…これは…。	후우……<br>이거… 심각하군…	<br>
19	19	event000.tbl#019	event000.tbl	19	MSG	TND	s_a02_002	DIRECT_TRANSLATE		ん？	응?	
20	20	event000.tbl#020	event000.tbl	20	MSG	NRT	s_a02_003	STABLE_1G1S	36	バアちゃーん！！	할망구~!!	
21	21	event000.tbl#021	event000.tbl	21	MSG	TND	s_a02_004	DIRECT_TRANSLATE		ナルト…？	나루토…?	
22	22	event000.tbl#022	event000.tbl	22	MSG	NRT	s_a02_005	EXCEPTION_1G1S	37	ななな…なんだってばよ！？　<br>あのバカでかい城は！！？	뭐, 뭐냐니깐!?<br>저 커다란 성은!!?	<br>
23	23	event000.tbl#023	event000.tbl	23	MSG	TND	s_a02_006	MERGE_SUBTITLE_PARTS_TO_1G	38 39	ああ…そうか、お前たちは任務で<br>木ノ葉の外に出ていたから知らないのか…。	아아… 그렇군. 너희는 임무 때문에<br>마을 밖에 나가 있어서 몰랐겠군…	<br>
24	24	event000.tbl#024	event000.tbl	24	MSG	SKR	s_a02_007	STABLE_1G1S	40	師匠、あの城は…一体里に何が起こったんです？<br>教えてください…！	스승님, 저 성은… 대체 마을에 무슨<br>일이 생긴 거죠? 말씀해 주세요…!	<br>
25	25	event000.tbl#025	event000.tbl	25	MSG	TND		DIRECT_TRANSLATE		………。	………	
26	26	event000.tbl#026	event000.tbl	26	MSG	TND	s_a02_008	STABLE_1G1S	41	お前たち“無幻城”というものを<br>聞いたことがあるかい？	너희, '무환성'이라는 걸<br>들어본 적 있나?	<br>
27	27	event000.tbl#027	event000.tbl	27	MSG	NRT	s_a02_009	STABLE_1G1S	42	むげん…じょう…？	무환… 성…?	
28	28	event000.tbl#028	event000.tbl	28	MSG	TND	s_a02_010	STABLE_1G1S	43	ああ…霧のように突然現れ、<br>その土地に甚大な被害を与えたあげく…、	아아… 안개처럼 갑자기 나타나,<br>그 지역에 막대한 피해를 주고는…	<br>
29	29	event000.tbl#029	event000.tbl	29	MSG	TND	s_a02_011	SPLIT_1S_TO_2G	44	静かに…霧のように消える…。	조용히… 안개처럼 사라진다…	
30	30	event000.tbl#030	event000.tbl	30	MSG	TND	s_a02_012	SPLIT_1S_TO_2G	44	それが“無幻城”だ。	그게 '무환성'이다.	
31	31	event000.tbl#031	event000.tbl	31	MSG	SKR	s_a02_013	STABLE_1G1S	45	霧の……無幻城…。	안개의…… 무환성…	
32	32	event000.tbl#032	event000.tbl	32	MSG	SIK	s_a02_014	STABLE_1G1S	46	で、そんなもんが<br>何で木ノ葉に建ってんスか？	그런데 그런 게<br>왜 나뭇잎 마을에 서 있는 겁니까?	<br>
33	33	event000.tbl#033	event000.tbl	33	MSG	TND	s_a02_015	STABLE_1G1S	47	それは分からない…が、おそらくは<br>何者かの仕業だということは予想できる。	그건 모르지만… 아마<br>누군가의 짓이라고 볼 수 있겠지.	<br>
34	34	event000.tbl#034	event000.tbl	34	MSG	SKR	s_a02_016	STABLE_1G1S	48	何者かの…って、あんな大きな建物を<br>どうやったら建てることができるんですか？	누군가의 짓이라니… 저렇게 큰 건물을<br>어떻게 세울 수가 있죠?	<br>
35	35	event000.tbl#035	event000.tbl	35	MSG	SIK	s_a02_017	STABLE_1G1S	49	もしかして…、<br>“口寄せ”…を使ってるんスか？	혹시…<br>'소환술'을 쓴 겁니까?	<br>
36	36	event000.tbl#036	event000.tbl	36	MSG	TND	s_a02_018	STABLE_1G1S	50	さすがだな。　そう、シカマルの言うとおり、<br>あの城は“口寄せ”された城だ。	역시군. 그래, 시카마루 말대로<br>저 성은 '소환'된 성이다.	<br>
37	37	event000.tbl#037	event000.tbl	37	MSG	NRT	s_a02_019	STABLE_1G1S	51	口寄せェ！！？	'소환'!!?	
38	38	event000.tbl#038	event000.tbl	38	MSG	SKR	s_a02_020	STABLE_1G1S	52	でも…あんなに大きなものを口寄せするなんて<br>どうやっても無理なんじゃ…。	하지만… 저렇게 거대한 걸 소환한다니<br>아무리 해도 무리 아닌가요…	<br>
39	39	event000.tbl#039	event000.tbl	39	MSG	TND	s_a02_021	STABLE_1G1S	53	無理じゃあない。	불가능한 건 아니야.	
40	40	event000.tbl#040	event000.tbl	40	MSG	NRT	s_a02_022	STABLE_1G1S	54	ん？　<br>それってば…ただの札…だよな？	응?<br>그건… 그냥 부적… 맞지?	<br>
41	41	event000.tbl#041	event000.tbl	41	MSG	TND	s_a02_023	STABLE_1G1S	55	そう…確かにこれはただの札にすぎないが、<br>この札に口寄せの術式を書き……、	그래… 분명 평범한 부적에 불과하지만,<br>이 부적에 소환 술식을 적고……	<br>
42	42	event000.tbl#042	event000.tbl	42	MSG	TND	s_a02_024	STABLE_1G1S	56	それらを八枚用いることで、巨大な建造物を<br>口寄せすることは…理論上可能だ。	그걸 여덟 장 사용하면 거대한 건축물을<br>소환하는 것도… 이론상 가능해.	<br>
43	43	event000.tbl#043	event000.tbl	43	MSG	SKR	s_a02_025	STABLE_1G1S	57	八枚の札…？　それって、<br>八象封印<KOFF>（<KON>はっしょうふういん<KOFF>）<KON>のことですか？	여덟 장의 부적…? 그건,<br>팔상봉인<KOFF>（<KON>팔상봉인<KOFF>）<KON> 말인가요?	<br> <KOFF> <KON> <KOFF> <KON>
44	44	event000.tbl#044	event000.tbl	44	MSG	TND	s_a02_026	SPLIT_1S_TO_2G	58	ああ、そうだ。	그래, 맞아.	
45	45	event000.tbl#045	event000.tbl	45	MSG	TND	s_a02_027	SPLIT_1S_TO_2G	58	それを用いればある程度のものなら封印し、<br>口寄せとして呼び出すことが可能だ。	그걸 쓰면 어느 정도 크기의 물체는<br>봉인해서, 소환으로 불러낼 수 있어.	<br>
46	46	event000.tbl#046	event000.tbl	46	MSG	NRT	s_a02_028	SPLIT_1S_TO_2G	59	じゃあさ！　じゃあさ！<br>その八枚の札を全部はがせば…、	그럼 말야! 그럼 말야!<br>그 여덟 장의 부적을 전부 떼면…	<br>
47	47	event000.tbl#047	event000.tbl	47	MSG	NRT	s_a02_029	SPLIT_1S_TO_2G	59	あの…無幻城ってやつを<br>消すことができるんだな！？	저… 무환성이라는 걸<br>없앨 수 있는 거지!?	<br>
48	48	event000.tbl#048	event000.tbl	48	MSG	TND	s_a02_030	STABLE_1G1S	60	まあ…理論的にはそうだが…。	뭐… 이론상으론 그렇지만…	
49	49	event000.tbl#049	event000.tbl	49	MSG	NRT	s_a02_031	STABLE_1G1S	61	んだよ！　<br>簡単じゃねーか！	뭐야!<br>간단하잖아!	<br>
50	50	event000.tbl#050	event000.tbl	50	MSG	NRT	s_a02_032	STABLE_1G1S	62	よっしゃ、その役目、このうずまきナルト様が<br>引き受けたってばよ！！	좋아, 그 역할은 이 우즈마키 나루토 님이<br>맡아주겠다니깐!!	<br>
51	51	event000.tbl#051	event000.tbl	51	MSG	TND	s_a02_033	STABLE_1G1S	63	まあ、そう焦るな。	뭐, 그렇게 서두르지 마.	
52	52	event000.tbl#052	event000.tbl	52	MSG	TND	s_a02_034	STABLE_1G1S	64	すでに先行部隊として上忍たちを向かわせている。　<br>奴らが帰ってくるまで…、	이미 선발대로 상급 닌자들을 보냈어.<br>그 녀석들이 돌아올 때까지…	<br>
53	53	event000.tbl#053	event000.tbl	53	MSG	NRT	s_a02_035	STABLE_1G1S	65	そんなの待ってらんねーってばよ！　<br>オレがぜーんぶ解決してやらぁ！	그런 걸 어떻게 기다리냐니깐!<br>내가 전부 해결해 주겠어!	<br>
54	54	event000.tbl#054	event000.tbl	54	MSG	TND	s_a02_036	STABLE_1G1S	66	あ…コラ！！<br>事はそんな簡単じゃないんだ…って。	야… 잠깐!!<br>일은 그렇게 간단하지 않다니까…	<br>
55	55	event000.tbl#055	event000.tbl	55	MSG	SIK	s_a02_037	STABLE_1G1S	67	はぁ…行っちまいやがった…。	하아… 가버렸네…	
56	56	event000.tbl#056	event000.tbl	56	MSG	TND	s_a02_038	STABLE_1G1S	68	ったく…あのバカ…。	정말이지… 저 바보…	
57	57	event000.tbl#057	event000.tbl	57	MSG	SKR	s_a02_039	STABLE_1G1S	69	あの、師匠…事はそんな簡単じゃないって<br>どういうことなんです？	저기, 스승님… 그렇게 간단하지 않다니<br>무슨 말씀이세요?	<br>
58	58	event000.tbl#058	event000.tbl	58	MSG	TND	s_a02_040	SPLIT_1S_TO_2G	70	ふぅ……。	후우……	
59	59	event000.tbl#059	event000.tbl	59	MSG	TND	s_a02_041	SPLIT_1S_TO_2G	70	今まで…あの城が現れた里は…、<br>全て壊滅したという噂だ…。	지금까지… 저 성이 나타난 마을은…<br>전부 괴멸했다는 소문이야…	<br>
60	60	event000.tbl#060	event000.tbl	60	MSG	SKR	s_a02_042	STABLE_1G1S	71	す…全て！？	저… 전부!?	
61	61	event000.tbl#061	event000.tbl	61	MSG	TND	s_a02_043	STABLE_1G1S	72	そう…全てだ…。	그래… 전부 말이지…	
62	62	event000.tbl#062	event000.tbl	62	MSG	SZN	s_a02_044	STABLE_1G1S	73	すでに１０００名近い里の者が倒れていて、<br>今も被害者はどんどん増えていってます。	이미 1,000명 가까이 쓰러졌고,<br>지금도 피해자가 계속 늘고 있습니다.	<br>
63	63	event000.tbl#063	event000.tbl	63	MSG	SZN	s_a02_045	STABLE_1G1S	74	このままでは…いずれこの里も…。	이대로라면… 이 마을도 결국…	
64	64	event000.tbl#064	event000.tbl	64	MSG	TND		DIRECT_TRANSLATE		………。	………	
65	65	event000.tbl#065	event000.tbl	65	MSG	TND	s_a02_046	STABLE_1G1S	75	まったく…妙なもんに目をつけられたもんだね。<br>木ノ葉は…。	정말이지… 나뭇잎도 이상한 것한테<br>찍혔나 보네…	<br>
66	66	event000.tbl#066	event000.tbl	66	MSG	NRT	s_a03_000	STABLE_1G1S	76	よーし、行くぜ！	좋아, 간다!	
67	67	event000.tbl#067	event000.tbl	67	MSG	NRT	s_a03_001	STABLE_1G1S	77	って、あれ？　ヒナタ…。<br>お前ってばこんなトコで何やってんだ？	어, 잠깐? 히나타…<br>너 이런 데서 뭐 하는 거야?	<br>
68	68	event000.tbl#068	event000.tbl	68	MSG	HNT	s_a03_002	STABLE_1G1S	78	あ…ナルトくん…。	아… 나루토 군…	
69	69	event000.tbl#069	event000.tbl	69	MSG	NRT	s_a03_003	STABLE_1G1S	79	この城ってば危険らしーぜ。<br>お前は近寄んない方がいいんじゃねーの？	이 성, 위험한 모양이야.<br>넌 가까이 안 가는 게 낫지 않아?	<br>
70	70	event000.tbl#070	event000.tbl	70	MSG	HNT	s_a03_004	STABLE_1G1S	80	あの…赤丸が勝手に城の中に入っちゃって、<br>それを追いかけてキバくんも城に入っちゃったの。	저기… 아카마루가 멋대로 들어가서,<br>쫓아간 키바 군도 성에 들어갔어.	<br>
71	71	event000.tbl#071	event000.tbl	71	MSG	HNT	s_a03_005	STABLE_1G1S	81	それで…私…心配で…。	그래서… 나… 걱정돼서…	
72	72	event000.tbl#072	event000.tbl	72	MSG	NRT	s_a03_006	STABLE_1G1S	82	えー！？　あのバカ、<br>一人でこん中に入っちまったのかよ！	뭐어!? 그 바보,<br>혼자 이 안에 들어간 거야!?	<br>
73	73	event000.tbl#073	event000.tbl	73	MSG	NRT	s_a03_007	STABLE_1G1S	83	<KOFF>（<KON>って…オレが言えたことじゃねーけど…<KOFF>）<KON>	<KOFF>（<KON>뭐… 내가 할 말은 아니지만…<KOFF>）<KON>	<KOFF> <KON> <KOFF> <KON>
74	74	event000.tbl#074	event000.tbl	74	MSG	HNT	s_a03_008	STABLE_1G1S	84	？	?	
75	75	event000.tbl#075	event000.tbl	75	MSG	NRT	s_a03_009	STABLE_1G1S	85	とにかく、オレは中に入るぜ。<br>そのついでにキバも見つけてきてやるよ！	아무튼 난 안에 들어갈 거야.<br>가는 김에 키바도 찾아줄게!	<br>
76	76	event000.tbl#076	event000.tbl	76	MSG	NRT	s_a03_010	STABLE_1G1S	86	ヒナタはそこで待ってろよー！	히나타는 여기서 기다려!	
77	77	event000.tbl#077	event000.tbl	77	MSG	HNT	s_a03_011	STABLE_1G1S	87	あ…。	아…	
78	78	event001.tbl#001	event001.tbl	1	MSG	NRT	s_a04_000	STABLE_1G1S	89	何だ…ここ…。<br>すげー不気味な場所だってばよぉ…。	뭐야… 여기…<br>무지 으스스한 곳이라니깐…	<br>
79	79	event001.tbl#002	event001.tbl	2	MSG	NRT	s_a04_001	STABLE_1G1S	90	ぅわぁ！	으앗!	
80	80	event001.tbl#003	event001.tbl	3	MSG	NRT	s_a04_002	STABLE_1G1S	91	んだよ…風かよ…。<br>びっくりさせんじゃねーってばよ。	뭐야… 바람이잖아…<br>사람 놀라게 하지 말라니깐.	<br>
81	81	event001.tbl#004	event001.tbl	4	MSG_FORCED		s_a04_003	DIRECT_TRANSLATE		許さない…。	용서 못 해…	
82	82	event001.tbl#005	event001.tbl	5	MSG	NRT	s_a04_004	STABLE_1G1S	92	うわぁ！　<br>ここ…今度は何だってばよ！？	으앗!<br>여긴… 이번엔 또 뭐냐니깐!?	<br>
83	83	event001.tbl#006	event001.tbl	6	MSG_FORCED		s_a04_005	DIRECT_TRANSLATE		許しはしない…絶対に……。	용서하지 않겠어… 절대로……	
84	84	event001.tbl#007	event001.tbl	7	MSG	NRT	s_a04_006	STABLE_1G1S	94	で…でで…出てきやがれ！！　<br>こ、このうずまきナルト様が相手になるぞ！！	나… 나, 나와라!!<br>이 우즈마키 나루토 님이 상대해 주마!!	<br>
85	85	event001.tbl#008	event001.tbl	8	MSG_FORCED		s_a04_007	DIRECT_TRANSLATE		フフフ…。	후후후…	
86	86	event001.tbl#009	event001.tbl	9	MSG	NRT	s_a04_008	EXCEPTION_1G1S	96	な…何なんだよ……ここは…。	뭐… 뭐냐고…… 여긴…	
87	87	event002.tbl#001	event002.tbl	1	MSG	NRT	s_a05_000	STABLE_1G1S	97	う～ん、口寄せの札ってば<br>どこにあんだよ…？	음~ 소환 부적은<br>어디 있는 거야…?	<br>
88	88	event002.tbl#002	event002.tbl	2	MSG	NRT	s_a05_001	STABLE_1G1S	98	ん？　あれってば…サクラちゃん！？　<br>何でここにいんだ？	응? 저건… 사쿠라짱!?<br>왜 여기 있는 거지?	<br>
89	89	event002.tbl#003	event002.tbl	3	MSG	NRT	s_a05_002	STABLE_1G1S	99	はっはーん、やっぱ何だかんだで<br>オレのことが心配だったんだな、ニシシシシ！	아하~ 역시 이래저래 말해도<br>내가 걱정돼서 온 거구만, 히히히!	<br>
90	90	event002.tbl#004	event002.tbl	4	MSG	NRT	s_a05_003	STABLE_1G1S	100	おーい！　<br>サックラちゃーん！！	어이~!<br>사쿠라짱~!!	<br>
91	91	event002.tbl#005	event002.tbl	5	MSG		s_a05_006	DIRECT_TRANSLATE		ナルトくん、気をつけて！　<br>目の前にいるのは人じゃない！	나루토 군, 조심해!<br>눈앞에 있는 건 사람이 아니야!	<br>
92	92	event002.tbl#006	event002.tbl	6	MSG	NRT	s_a05_007	EXCEPTION_1G1S	102	え！！？	뭐!!?	
93	93	event002.tbl#007	event002.tbl	7	MSG	NRT	s_a05_008	STABLE_1G1S	103	き…消えた…！？	사… 사라졌다…!?	
94	94	event002.tbl#008	event002.tbl	8	MSG	HNT	s_a05_009	STABLE_1G1S	104	だ、大丈夫…ナルトくん？	괜… 괜찮아, 나루토 군?	
95	95	event002.tbl#009	event002.tbl	9	MSG	NRT	s_a05_010	STABLE_1G1S	105	お…おう。<br>でも…今の何だったんだ…。	어… 어.<br>그런데… 방금 그건 뭐였지…	<br>
96	96	event002.tbl#010	event002.tbl	10	MSG	HNT	s_a05_011	STABLE_1G1S	106	分からない…、ただ…様子が変だったから<br>白眼で調べてみたんだけど…、	모르겠어… 그냥… 상태가 이상해서<br>백안으로 봤는데…	<br>
97	97	event002.tbl#011	event002.tbl	11	MSG	HNT	s_a05_012	STABLE_1G1S	107	そしたら…チャクラがまったくなくて…。	그랬더니… 차크라가 전혀 없었어…	
98	98	event002.tbl#012	event002.tbl	12	MSG	NRT	s_a05_013	STABLE_1G1S	108	チャクラがないって…どういうことだよ？	차크라가 없다니… 무슨 뜻이야?	
99	99	event002.tbl#013	event002.tbl	13	MSG	HNT	s_a05_014	STABLE_1G1S	109	たぶん…人じゃない…。<br>この城の幻影とか…そういうものだと思う。	아마… 사람이 아닐 거야…<br>이 성이 만든 환영 같은 거라고 생각해.	<br>
100	100	event002.tbl#014	event002.tbl	14	MSG	NRT	s_a05_015	STABLE_1G1S	110	げ…幻影って！？　<br>なんつー城だよ…ここは！	화… 환영이라고!?<br>대체 무슨 성이냐고… 여긴!	<br>
101	101	event002.tbl#015	event002.tbl	15	MSG	HNT	s_a05_016	STABLE_1G1S	111	こ…こわいね…。	무… 무섭네…	
102	102	event002.tbl#016	event002.tbl	16	MSG	NRT	s_a05_017	STABLE_1G1S	112	ん？　<br>ていうかさ、何でここにお前がいるんだよ？	응?<br>그보다 너는 왜 여기 있는 거야?	<br>
103	103	event002.tbl#017	event002.tbl	17	MSG	NRT	s_a05_018	STABLE_1G1S	113	入り口で待ってろって言っただろ？	입구에서 기다리라고 했잖아?	
104	104	event002.tbl#018	event002.tbl	18	MSG	HNT	s_a05_019	STABLE_1G1S	114	え…と…その…。<br>ナ…ナルトくんのことが…心配で…。	저… 그게…<br>나… 나루토 군이… 걱정돼서…	<br>
105	105	event002.tbl#019	event002.tbl	19	MSG	NRT	s_a05_020	STABLE_1G1S	115	へ？　<br>何だって？	응?<br>뭐라고?	<br>
106	106	event002.tbl#020	event002.tbl	20	MSG	HNT	s_a05_021	STABLE_1G1S	116	ううん、何も…。	아니, 아무것도…	
107	107	event002.tbl#021	event002.tbl	21	MSG	NRT	s_a05_022	STABLE_1G1S	117	はぁ…。<br>ったく、しょうがねぇってばよ…。	하아…<br>정말, 어쩔 수 없다니깐…	<br>
108	108	event002.tbl#022	event002.tbl	22	MSG	NRT	s_a05_023	STABLE_1G1S	118	こんな危険なトコで<br>お前を一人にするわけにはいかねーし…、	이렇게 위험한 곳에<br>널 혼자 둘 수도 없고…	<br>
109	109	event002.tbl#023	event002.tbl	23	MSG	NRT	s_a05_024	STABLE_1G1S	119	ヒナタ、お前…オレと一緒に行くか？	히나타, 너… 나랑 같이 갈래?	
110	110	event002.tbl#024	event002.tbl	24	MSG	HNT	s_a05_025	EXCEPTION_1G1S	120	う…うん…！	으… 응…!	
111	111	event002.tbl#025	event002.tbl	25	MSG	NRT	s_a05_026	STABLE_1G1S	121	<KOFF>（<KON>妙に元気だってばよ…変なヤツ<KOFF>）<KON>	<KOFF>（<KON>갑자기 기운이 넘치네… 이상한 녀석<KOFF>）<KON>	<KOFF> <KON> <KOFF> <KON>
112	112	event003.tbl#001	event003.tbl	1	MSG	NRT	s_a06_000	EXCEPTION_1G1S	122	しっかし…さっきのサクラちゃんの幻影と言い、<br>不気味すぎだってばよ…この城…。	그나저나… 아까 사쿠라짱 환영도 그렇고,<br>이 성은 너무 으스스하다니깐…	<br>
113	113	event003.tbl#002	event003.tbl	2	MSG	HNT	s_a06_001	EXCEPTION_1G1S	123	あ……。	아……	
114	114	event003.tbl#003	event003.tbl	3	MSG	NRT	s_a06_002	STABLE_1G1S	124	ん？　<br>どーしたヒナタ？	응?<br>왜 그래, 히나타?	<br>
115	115	event003.tbl#004	event003.tbl	4	MSG	HNT	s_a06_003	STABLE_1G1S	125	あそこにいる人って…。	저기 있는 사람…	
116	116	event003.tbl#005	event003.tbl	5	MSG	SIK		DIRECT_TRANSLATE		…………。	…………	
117	117	event003.tbl#006	event003.tbl	6	MSG	NRT	s_a06_004	STABLE_1G1S	126	シカマル…？　	시카마루…?	
118	118	event003.tbl#007	event003.tbl	7	MSG	NRT	s_a06_005	STABLE_1G1S	127	いや、その前に…、<br>ヒナタ、アイツってば本物か？	아니, 그 전에…<br>히나타, 저 녀석 진짜야?	<br>
119	119	event003.tbl#008	event003.tbl	8	MSG_FORCED	HNT	s_a06_006	STABLE_1G1S	128	白眼…！	백안…!	
120	120	event003.tbl#009	event003.tbl	9	MSG	HNT	s_a06_007	STABLE_1G1S	129	チャクラがない…。<br>あの人も幻影みたいだよ。	차크라가 없어…<br>저 사람도 환영인 것 같아.	<br>
121	121	event003.tbl#010	event003.tbl	10	MSG	NRT	s_a06_008	STABLE_1G1S	130	そうと分かれば、<br>手加減なしで行くってばよ！！	그렇다면,<br>사정 봐주지 않고 간다니깐!!	<br>
122	122	event003.tbl#011	event003.tbl	11	MSG	SIK		DIRECT_TRANSLATE		…………！	…………!	
123	123	event003.tbl#012	event003.tbl	12	MSG	SIK		DIRECT_TRANSLATE		…………。	…………	
124	124	event003.tbl#013	event003.tbl	13	MSG	NRT	s_a06_009	STABLE_1G1S	131	へっ、どーだ！	흥, 어떠냐!	
125	125	event003.tbl#014	event003.tbl	14	MSG	NRT	s_a06_010	STABLE_1G1S	132	ん？	응?	
126	126	event003.tbl#015	event003.tbl	15	MSG		s_a06_011	DIRECT_TRANSLATE		あ、いたいた！	아, 저기 있다!	
127	127	event003.tbl#016	event003.tbl	16	MSG		s_a06_012	DIRECT_TRANSLATE		ふー、やっと追いついたぜ…。	후우, 겨우 따라잡았네…	
128	128	event003.tbl#017	event003.tbl	17	MSG	NRT	s_a06_013	EXCEPTION_1G1S	135	ま、またでやがったな！　<br>この幻影め！	또, 또 나타났구나!<br>이 환영 녀석!	<br>
129	129	event003.tbl#018	event003.tbl	18	MSG	HNT	s_a06_014	EXCEPTION_1G1S	136	ま、待って！！　<br>ナルトくん！！	기, 기다려!!<br>나루토 군!!	<br>
130	130	event003.tbl#019	event003.tbl	19	MSG	NRT	s_a06_015	STABLE_1G1S	137	ん！？　<br>何で止めんだよ！？	응!?<br>왜 막는 건데!?	<br>
131	131	event003.tbl#020	event003.tbl	20	MSG	HNT	s_a06_016	STABLE_1G1S	138	この二人は本物だよ…。	이 두 사람은 진짜야…	
132	132	event003.tbl#021	event003.tbl	21	MSG	NRT	s_a06_017	DIRECT_TRANSLATE		え…。	어…?	
133	133	event003.tbl#022	event003.tbl	22	MSG	SIK	s_a06_018	STABLE_1G1S	139	なるほどな…。	그렇군…	
134	134	event003.tbl#023	event003.tbl	23	MSG	SKR	s_a06_019	STABLE_1G1S	140	で、アンタは私たちを幻影と間違えて<br>襲おうとしたわけね、まったく！	그래서 넌 우릴 환영으로 착각해서<br>공격하려고 한 거네, 정말!	<br>
135	135	event003.tbl#024	event003.tbl	24	MSG	NRT	s_a06_020	STABLE_1G1S	141	ご…ごめんなさい…。	죄… 죄송합니다…	
136	136	event003.tbl#025	event003.tbl	25	MSG	HNT	s_a06_021	STABLE_1G1S	142	あ…あの…、<br>何で二人がここに来たの…？	저… 저기…<br>두 사람은 왜 여기 온 거야…?	<br>
137	137	event003.tbl#026	event003.tbl	26	MSG	SIK	s_a06_022	STABLE_1G1S	143	ああ、どっかのバカが勝手な行動を取ったんで、<br>五代目からフォローに向かえって言われたんだよ。	아아, 어떤 바보가 멋대로 행동해서,<br>5대 호카게가 지원하러 가랬거든.	<br>
138	138	event003.tbl#027	event003.tbl	27	MSG	NRT	s_a06_023	STABLE_1G1S	144	うう…。　<br>視線が痛いってばよ…。	으으…<br>시선이 따갑다니깐…	<br>
139	139	event003.tbl#028	event003.tbl	28	MSG	SKR	s_a06_024	STABLE_1G1S	145	それにしても、師匠が言った通り、<br>とんでもない城のようね…ここは。	그건 그렇고, 스승님 말대로<br>여긴 정말 보통 성이 아니네…	<br>
140	140	event003.tbl#029	event003.tbl	29	MSG	NRT	s_a06_025	STABLE_1G1S	146	え…バアちゃんが何か言ってたの？	어… 할망구가 뭐라고 했는데?	
141	141	event003.tbl#030	event003.tbl	30	MSG	SKR	s_a06_026	STABLE_1G1S	147	アンタが一人で城に向かった後、<br>師匠が教えてくれたのよ。	네가 혼자 성으로 간 뒤,<br>스승님이 알려 주셨어.	<br>
142	142	event003.tbl#031	event003.tbl	31	MSG	SKR	s_a06_027	STABLE_1G1S	148	この城は“霧姫<KOFF>（<KON>きりひめ<KOFF>）<KON>”と呼ばれる<br>悪霊が支配する城で、	이 성은 '키리히메<KOFF>（<KON>키리히메<KOFF>）<KON>'라는<br>악령이 지배하는 성이고,	<KOFF> <KON> <KOFF> <KON> <br>
143	143	event003.tbl#032	event003.tbl	32	MSG	SKR	s_a06_028	STABLE_1G1S	149	侵入した者の記憶を読み取って、<br>それを幻影として生み出す力があるんだって…。	침입자의 기억을 읽어서,<br>그걸 환영으로 만들어 내는 힘이 있대…	<br>
144	144	event003.tbl#033	event003.tbl	33	MSG	NRT	s_a06_029	STABLE_1G1S	150	オレたちの記憶を…？	우리 기억을…?	
145	145	event003.tbl#034	event003.tbl	34	MSG	SKR	s_a06_030	STABLE_1G1S	151	そう…。<br>でもね、大変なのはそこじゃないのよ。	그래…<br>그런데 더 큰 문제는 그게 아니야.	<br>
146	146	event003.tbl#035	event003.tbl	35	MSG	NRT	s_a06_031	STABLE_1G1S	152	ん？　<br>どーいうことだってばよ？	응?<br>무슨 뜻이냐니깐?	<br>
147	147	event003.tbl#036	event003.tbl	36	MSG	SKR	s_a06_032	STABLE_1G1S	153	この城は…根付いた場所の<br>生きるもの全ての生気を吸い取って…、	이 성은… 자리 잡은 곳의<br>모든 생명체에게서 생기를 빨아들여서…	<br>
148	148	event003.tbl#037	event003.tbl	37	MSG	SKR	s_a06_033	STABLE_1G1S	154	その土地を壊滅させる能力があるそうなの。	그 일대를 괴멸시키는 힘이 있대.	
149	149	event003.tbl#038	event003.tbl	38	MSG	NRT	s_a06_034	STABLE_1G1S	155	せ…生気…？	생… 생기…?	
150	150	event003.tbl#039	event003.tbl	39	MSG	SIK	s_a06_035	STABLE_1G1S	156	お前の自慢の体力とか…、<br>そういうたぐいのもんだ。	네가 자랑하던 체력 같은 거…<br>그런 걸 말하는 거야.	<br>
151	151	event003.tbl#040	event003.tbl	40	MSG	NRT	s_a06_036	STABLE_1G1S	157	じゃ…じゃあ、この城があると<br>みんなの元気がなくなっていくのかよ！	그… 그럼 이 성이 있으면<br>다들 점점 기운을 잃는 거야!?	<br>
152	152	event003.tbl#041	event003.tbl	41	MSG	SIK	s_a06_037	STABLE_1G1S	158	そーいうこった。	그렇다는 거지.	
153	153	event003.tbl#042	event003.tbl	42	MSG	NRT	s_a06_038	STABLE_1G1S	159	ぐぬぬぬぬ！！	크으으으!!	
154	154	event003.tbl#043	event003.tbl	43	MSG	SIK	s_a06_039	STABLE_1G1S	160	まあ、この城には先に上忍たちが入ってる。<br>すぐに攻略してくれるはずだぜ。	뭐, 이 성엔 이미 상급 닌자들이<br>들어갔어. 금방 공략해 줄 거야.	<br>
155	155	event003.tbl#044	event003.tbl	44	MSG	SKR	s_a06_040	STABLE_1G1S	161	そうそう、城のことは上忍クラスに任せて、<br>私たちは出口に…。	맞아. 성은 상급 닌자들에게 맡기고,<br>우린 출구로…	<br>
156	156	event003.tbl#045	event003.tbl	45	MSG	NRT	s_a06_041	STABLE_1G1S	162	そんな危険な城建てられて、<br>黙ってるわけには行かねーってばよ！！	이렇게 위험한 성이 세워졌는데,<br>가만있을 순 없다니깐!!	<br>
157	157	event003.tbl#046	event003.tbl	46	MSG	NRT	s_a06_042	STABLE_1G1S	163	ぜってーオレが木ノ葉を救ってやらァ！！	내가 반드시 나뭇잎 마을을 구하겠어!!	
158	158	event003.tbl#047	event003.tbl	47	MSG	SIK	s_a06_043	STABLE_1G1S	164	ふー…やっぱこういう展開になんのかよ…。	후우… 역시 이렇게 되는 건가…	
159	159	event003.tbl#048	event003.tbl	48	MSG	NRT	s_a06_044	STABLE_1G1S	165	サクラちゃん！　シカマル！　ヒナタ！<br>力を合わせてオレたちの里を守ろうぜ！！	사쿠라짱! 시카마루! 히나타!<br>힘을 합쳐 우리 마을을 지키자!!	<br>
160	160	event003.tbl#049	event003.tbl	49	MSG	SIK	s_a06_045	STABLE_1G1S	166	おいおい、<br>勝手にオレをメンバーに入れんなよ…。	어이, 어이.<br>멋대로 나까지 끼워 넣지 마…	<br>
161	161	event003.tbl#050	event003.tbl	50	MSG	NRT	s_a06_046	STABLE_1G1S	167	ぃよっしゃー！　<br>行くぜェ！！	좋았어!<br>가자!!	<br>
162	162	event003.tbl#051	event003.tbl	51	MSG	SKR	s_a06_047	EXCEPTION_1G1S	168	はぁ…聞いてない…。	하아… 듣지도 않네…	
163	163	event004.tbl#001	event004.tbl	1	MSG	NRT	s_a07_000	DIRECT_TRANSLATE		うわっ…何だ…この部屋、<br>もやもやして気持ち悪いってばよ。	으앗… 뭐야… 이 방,<br>뭔가 흐릿해서 기분 나쁘다니깐.	<br>
164	164	event004.tbl#002	event004.tbl	2	MSG	SKR	s_a07_001	DIRECT_TRANSLATE		やっぱり…。	역시…	
165	165	event004.tbl#003	event004.tbl	3	MSG	SKR	s_a07_002	DIRECT_TRANSLATE		無幻城の内部は空間が<br>不安定な場所があるみたい。	무환성 안에는 공간이<br>불안정한 곳이 있는 모양이야.	<br>
166	166	event004.tbl#004	event004.tbl	4	MSG	NRT	s_a07_003	DIRECT_TRANSLATE		空間が不安定って…、<br>どういうことだ、サクラちゃん？	공간이 불안정하다니…<br>무슨 뜻이야, 사쿠라짱?	<br>
167	167	event004.tbl#005	event004.tbl	5	MSG	SKR	s_a07_004	DIRECT_TRANSLATE		これだけ大きなものを口寄せするのは、<br>無理が生じるって話よ。	이렇게 큰 걸 소환하면,<br>아무래도 무리가 생긴다는 얘기야.	<br>
168	168	event004.tbl#006	event004.tbl	6	MSG	NRT	s_a07_005	DIRECT_TRANSLATE		ん～？	응~?	
169	169	event004.tbl#007	event004.tbl	7	MSG	SKR	s_a07_006	DIRECT_TRANSLATE		この城はその全てを<br>口寄せできてるわけじゃなくて…、	이 성은 전부가<br>소환된 상태는 아니라서…	<br>
170	170	event004.tbl#008	event004.tbl	8	MSG	SKR	s_a07_007	DIRECT_TRANSLATE		主要部分以外は空っぽの状態に<br>なってるみたい。	중요한 부분 말고는 비어 있는 상태인<br>모양이야.	<br>
171	171	event004.tbl#009	event004.tbl	9	MSG	NRT	s_a07_008	DIRECT_TRANSLATE		えーと…空っぽだったら何か困るの？	어… 비어 있으면 뭐가 문제야?	
172	172	event004.tbl#010	event004.tbl	10	MSG	SKR	s_a07_009	DIRECT_TRANSLATE		空っぽだと、通ることが困難になるの。<br>そこに部屋もなければ道もないんだし。	비어 있으면 지나가기가 힘들어.<br>거긴 방도 길도 없으니까.	<br>
173	173	event004.tbl#011	event004.tbl	11	MSG	NRT	s_a07_012	DIRECT_TRANSLATE		じゃあさ、じゃあさ、そういう場所ってば<br>どうやって通ればいいんだよ？	그럼 말야, 그럼 말야,<br>그런 곳은 어떻게 지나가?	<br>
174	174	event004.tbl#012	event004.tbl	12	MSG	SIK	s_a07_013	DIRECT_TRANSLATE		そこで役に立つのが、<br>五代目からもらったこの“口寄せの巻物”だ。	그럴 때 쓰는 게 바로<br>5대 호카게가 준 '소환의 두루마리'야.	<br>
175	175	event004.tbl#013	event004.tbl	13	MSG	NRT	s_a07_014	DIRECT_TRANSLATE		“口寄せの巻物”？	'소환의 두루마리'?	
176	176	event004.tbl#014	event004.tbl	14	MSG	SIK	s_a07_015	DIRECT_TRANSLATE		ああ。	그래.	
177	177	event004.tbl#015	event004.tbl	15	MSG	SIK	s_a07_016	DIRECT_TRANSLATE		これを空っぽの部屋で使うことで部屋を口寄せし、<br>無理やり道を作るって寸法だ。	이걸 빈 방에서 쓰면 방을 소환해서,<br>억지로 길을 만드는 거지.	<br>
178	178	event004.tbl#016	event004.tbl	16	MSG	NRT	s_a07_017	DIRECT_TRANSLATE		強引っつうか…何つうか…、<br>バアちゃんが考えそうなアイデアだってばよ…。	무리수랄까… 뭐랄까…<br>할망구가 생각할 법한 방법이라니깐…	<br>
179	179	event004.tbl#017	event004.tbl	17	MSG	SKR	s_a07_018	DIRECT_TRANSLATE		とにかく、この巻物を使えば<br>上手く無幻城を進めるのよ…いい？	아무튼 이 두루마리를 쓰면<br>무환성을 잘 헤쳐 나갈 수 있어… 알겠지?	<br>
180	180	event004.tbl#018	event004.tbl	18	MSG	NRT	s_a07_019	DIRECT_TRANSLATE		分かったってばよ。<br>とにかく使ってみっか！	알았다니깐.<br>아무튼 한번 써보자!	<br>
181	181	event005.tbl#001	event005.tbl	1	MSG	NRT	s_a08_000	EXCEPTION_1G1S	169	何だ…ここ…。<br>まったく周りが見えねーってばよ。	뭐야… 여기…<br>주위가 하나도 안 보인다니깐.	<br>
182	182	event005.tbl#002	event005.tbl	2	MSG	NRT		DIRECT_TRANSLATE		…………。	…………	
183	183	event005.tbl#003	event005.tbl	3	MSG_FORCED		s_a08_001	DIRECT_TRANSLATE		グルル…。	그르릉…	
184	184	event005.tbl#004	event005.tbl	4	MSG	NRT	s_a08_002	EXCEPTION_1G1S	171	だ…誰だっ！！？	누… 누구야!!?	
185	185	event005.tbl#005	event005.tbl	5	MSG	NRT	s_a08_003	STABLE_1G1S	172	キ…キバ！！？	키… 키바!!?	
186	186	event005.tbl#006	event005.tbl	6	MSG	KIB	s_a08_004	STABLE_1G1S	173	グルルルルル！！！	그르르르르!!	
187	187	event005.tbl#007	event005.tbl	7	MSG	SIK	s_a08_005	STABLE_1G1S	174	な…何か様子がおかしいぜ！？	뭐… 뭔가 상태가 이상한데!?	
188	188	event005.tbl#008	event005.tbl	8	MSG	KIB	s_a08_006	STABLE_1G1S	175	グウウウウウ！！	그으으으!!	
189	189	event005.tbl#009	event005.tbl	9	MSG	SKR	s_a08_007	STABLE_1G1S	176	もしかして…こいつも幻影！？	혹시… 이 녀석도 환영이야!?	
190	190	event005.tbl#010	event005.tbl	10	MSG	NRT	s_a08_008	STABLE_1G1S	177	へっ！　<br>だったらぶっ倒してやるってばよ！！	흥!<br>그럼 때려눕혀 주겠다니깐!!	<br>
191	191	event005.tbl#011	event005.tbl	11	MSG	HNT	s_a08_009	STABLE_1G1S	178	ナルトくん、待って…！	나루토 군, 기다려…!	
192	192	event005.tbl#012	event005.tbl	12	MSG	NRT	s_a08_010	STABLE_1G1S	179	ヒナタ？	히나타?	
193	193	event005.tbl#013	event005.tbl	13	MSG	HNT	s_a08_011	EXCEPTION_1G1S	180	そのキバくんは…本物みたいだよ…！	저 키바 군은… 진짜인 것 같아…!	
194	194	event005.tbl#014	event005.tbl	14	MSG	NRT	s_a08_012	STABLE_1G1S	181	本物って…、じゃあ何でこんなに様子が<br>おかしいんだよ！？	진짜라고…? 그럼 왜 이렇게<br>상태가 이상한 거야!?	<br>
195	195	event005.tbl#015	event005.tbl	15	MSG	HNT	s_a08_013	STABLE_1G1S	182	ごめん…わ…分からない…。<br>ただ、チャクラの流れがすごく乱れてる…。	미안… 모… 모르겠어… 다만 차크라의<br>흐름이 심하게 흐트러져 있어…	<br>
196	196	event005.tbl#016	event005.tbl	16	MSG	KIB	s_a08_014	STABLE_1G1S	183	ウオオオオ！！	우오오오!!	
197	197	event005.tbl#017	event005.tbl	17	MSG	SIK	s_a08_015	STABLE_1G1S	184	理由を探ってる暇はなさそうだ！	이유를 따지고 있을 틈은 없겠어!	
198	198	event005.tbl#018	event005.tbl	18	MSG	KIB	s_a08_016	STABLE_1G1S	185	ってーな…何だよ…ナルト…？<br>お前ここで何を…。	아프잖아… 뭐야… 나루토…?<br>너 여기서 뭘…	<br>
199	199	event005.tbl#019	event005.tbl	19	MSG	NRT	s_a08_017	STABLE_1G1S	186	え…もしかして…正気に戻ったのか…？	어… 설마… 제정신으로 돌아온 건가…?	
200	200	event005.tbl#020	event005.tbl	20	MSG	HNT	s_a08_018	STABLE_1G1S	187	う…うん…たぶん…。	으… 응… 아마도…	
201	201	event005.tbl#021	event005.tbl	21	MSG	SIK	s_a08_019	STABLE_1G1S	188	ふぅ～…。	후우~…	
202	202	event005.tbl#022	event005.tbl	22	MSG_FORCED		s_a08_020	DIRECT_TRANSLATE		役に立たない…。	쓸모없군…	
203	203	event005.tbl#023	event005.tbl	23	MSG	NRT	s_a08_021	EXCEPTION_1G1S	189	！！？	!!?	
204	204	event005.tbl#024	event005.tbl	24	MSG		s_a08_022	DIRECT_TRANSLATE		所詮は木ノ葉の忍…。<br>この程度なのね…。	고작 나뭇잎 마을 닌자…<br>이 정도였나…	<br>
205	205	event005.tbl#025	event005.tbl	25	MSG	NRT	s_a08_024	EXCEPTION_1G1S	192	な…何だ、てめーはァ！　変なお面つけて、<br>驚かそうったってそうはいかねーぞ！	뭐… 뭐야, 넌! 이상한 가면이나 쓰고,<br>놀래키려 해도 안 통한다니깐!	<br>
206	206	event005.tbl#026	event005.tbl	26	MSG		s_a08_025	DIRECT_TRANSLATE		お前も……木ノ葉の忍……。	너도…… 나뭇잎 마을 닌자……	
207	207	event005.tbl#027	event005.tbl	27	MSG	KIB	s_a08_026	STABLE_1G1S	194	こいつだ…、こいつと会った後、<br>オレは意識を失ったんだ…！	이 녀석이야… 이 녀석을 만난 뒤에<br>난 정신을 잃었어…!	<br>
208	208	event005.tbl#028	event005.tbl	28	MSG	NRT	s_a08_027	STABLE_1G1S	195	ってことは…お前か！　<br>キバをおかしくしたのは！	그렇다면… 너냐!<br>키바를 이상하게 만든 게!	<br>
209	209	event005.tbl#029	event005.tbl	29	MSG		s_a08_028	DIRECT_TRANSLATE		許さない……絶対に……。	용서 못 해…… 절대로……	
210	210	event005.tbl#030	event005.tbl	30	MSG	NRT	s_a08_029	STABLE_1G1S	197	あ！！？　<br>き…消えた…！	앗!!?<br>사… 사라졌어…!	<br>
211	211	event005.tbl#031	event005.tbl	31	MSG	SIK		DIRECT_TRANSLATE		…………。	…………	
212	212	event005.tbl#032	event005.tbl	32	MSG	SIK	s_a08_030	STABLE_1G1S	198	サクラ…今の奴は…。	사쿠라… 방금 그 녀석은…	
213	213	event005.tbl#033	event005.tbl	33	MSG	SKR	s_a08_031	STABLE_1G1S	199	きっとあれが……霧姫ね…。	틀림없어…… 저게 키리히메야…	
214	214	event005.tbl#034	event005.tbl	34	MSG	NRT	s_a08_032	STABLE_1G1S	200	霧姫って…！？<br>じゃ…じゃあアイツがこの城の黒幕なのか！	키리히메라고…!?<br>그… 그럼 저 녀석이 이 성의 흑막이야!?	<br>
215	215	event005.tbl#035	event005.tbl	35	MSG	SKR	s_a08_033	STABLE_1G1S	201	うん、面や服装…師匠から聞いた情報と<br>一致するから…たぶん。	응, 가면이랑 옷차림이… 스승님께 들은<br>정보와 일치하니까… 아마도.	<br>
216	216	event005.tbl#036	event005.tbl	36	MSG	NRT	s_a08_034	STABLE_1G1S	202	くっそー！！　だったら、逃がすわけには<br>いかねえってばよ！	젠장!! 그렇다면,<br>놓칠 수 없다니깐!	<br>
217	217	event005.tbl#037	event005.tbl	37	MSG	KIB		DIRECT_TRANSLATE		………。	……….	
218	218	event005.tbl#038	event005.tbl	38	MSG	KIB	s_a08_035	STABLE_1G1S	203	オレも一緒に行くぜ。	나도 같이 가겠어.	
219	219	event005.tbl#039	event005.tbl	39	MSG	NRT	s_a08_036	STABLE_1G1S	204	キバ…。<br>でもお前…大丈夫なのか？	키바…<br>하지만 너… 괜찮겠어?	<br>
220	220	event005.tbl#040	event005.tbl	40	MSG	KIB	s_a08_037	STABLE_1G1S	205	ああ、このままやられっぱなしってーのも<br>シャクだからな。　借りを返さねーと！	그래, 이대로 당하기만 하면 분하잖아.<br>빚은 갚아줘야지!	<br>
221	221	event005.tbl#041	event005.tbl	41	MSG	NRT	s_a08_038	STABLE_1G1S	206	へへ。<br>そんじゃよろしく頼むってばよ！	헤헤.<br>그럼 잘 부탁한다니깐!	<br>
222	222	event006.tbl#001	event006.tbl	1	MSG	NRT	s_a09_000	STABLE_1G1S	207	お？　<br>これってば…。	어?<br>이건…	<br>
223	223	event006.tbl#002	event006.tbl	2	MSG	SKR	s_a09_001	STABLE_1G1S	208	これが“口寄せの札”ね。	이게 '소환의 부적'이구나.	
224	224	event006.tbl#003	event006.tbl	3	MSG	SIK	s_a09_002	STABLE_1G1S	209	ふぅ…やっと見つけたぜ…。	후우… 겨우 찾았군…	
225	225	event006.tbl#004	event006.tbl	4	MSG	NRT	s_a09_003	EXCEPTION_1G1S	210	へんっ！　<br>こんなもんさっさとはいでやる！	흥!<br>이딴 건 얼른 떼어버리겠어!	<br>
226	226	event006.tbl#005	event006.tbl	5	MSG	NRT		EXCEPTION_UNVOICED_1G1S	211	！？	!?	
227	227	event006.tbl#006	event006.tbl	6	MSG	SIK	s_a09_004	STABLE_1G1S	212	な…何だ…！？	뭐… 뭐야…!?	
228	228	event006.tbl#007	event006.tbl	7	MSG	SKR	s_a09_005	STABLE_1G1S	213	何…これ…、<br>真っ白…。	뭐야… 이거…<br>새하얘…	<br>
229	229	event006.tbl#008	event006.tbl	8	MSG	HNT		DIRECT_TRANSLATE		…………。	………….	
230	230	event006.tbl#009	event006.tbl	9	MSG	HNT	s_a09_006	STABLE_1G1S	214	これはただの霧じゃない…。<br>変なチャクラが練りこまれてる……。	이건 그냥 안개가 아니야…<br>이상한 차크라가 스며 있어……	<br>
231	231	event006.tbl#010	event006.tbl	10	MSG	NRT	s_a09_007	SPLIT_1S_TO_2G	215	！？	!?	
232	232	event006.tbl#011	event006.tbl	11	MSG	NRT	s_a09_008	SPLIT_1S_TO_2G	215	ど…どこだってばよ…ココ！？	어… 여기가 어디냐니깐…!?	
233	233	event006.tbl#012	event006.tbl	12	MSG	SIK	s_a09_009	STABLE_1G1S	216	幻術か……！？	환술인가……!?	
234	234	event006.tbl#013	event006.tbl	13	MSG	SKR	s_a09_010	STABLE_1G1S	217	ちょっと待って。<br>あそこに誰かいる…。	잠깐.<br>저기 누가 있어…	<br>
235	235	event006.tbl#015	event006.tbl	15	MSG	KSU		DIRECT_TRANSLATE		…………。	………….	
236	236	event006.tbl#016	event006.tbl	16	MSG	KSU	s_a09_011	EXCEPTION_1G1S	218	あのね…。<br>これ…受け取ってもらえるかな…？	저기…<br>이거… 받아줄래…?	<br>
237	237	event006.tbl#017	event006.tbl	17	MSG	HST	s_a09_012	STABLE_1G1S	219	え…これは…お守りですか…？	에… 이건… 부적인가요…?	
238	238	event006.tbl#018	event006.tbl	18	MSG	JJO	s_a09_013	STABLE_1G1S	220	これを…私たちに…？	이걸… 저희에게…?	
239	239	event006.tbl#019	event006.tbl	19	MSG	KSU	s_a09_014	STABLE_1G1S	221	うん。	응.	
240	240	event006.tbl#020	event006.tbl	20	MSG	KSU	s_a09_015	STABLE_1G1S	222	だって二人には色々お世話になってるでしょ？<br>だから私からの贈り物よ。	두 사람한텐 늘 여러모로 신세 지고<br>있잖아? 그래서 내가 주는 선물이야.	<br>
241	241	event006.tbl#021	event006.tbl	21	MSG	HST	s_a09_016	STABLE_1G1S	223	姫様…。	공주님…	
242	242	event006.tbl#022	event006.tbl	22	MSG	KSU	s_a09_017	STABLE_1G1S	224	ごめんね、汚いよね？　本当はちゃんと<br>したものを用意しようと思ったんだけど…、	미안해, 좀 지저분하지? 사실은<br>제대로 된 걸 준비하려고 했는데…	<br>
243	243	event006.tbl#023	event006.tbl	23	MSG	KSU	s_a09_018	STABLE_1G1S	225	やっぱり自分で作ったほうが<br>いいかな…って思って…。	역시 내가 직접 만드는 게<br>좋을 것 같아서…	<br>
244	244	event006.tbl#024	event006.tbl	24	MSG	JJO	s_a09_019	STABLE_1G1S	226	何をおっしゃいます…！　<br>これほど心のこもったものはありませんよ…。	무슨 말씀이십니까…!<br>이보다 더 정성이 담긴 건 없습니다…	<br>
245	245	event006.tbl#025	event006.tbl	25	MSG	KSU	s_a09_020	STABLE_1G1S	227	よかったぁ…。	다행이다…	
246	246	event006.tbl#026	event006.tbl	26	MSG	KSU	s_a09_021	STABLE_1G1S	228	お願い……。<br>大切にしてね…？	부탁이야……<br>소중히 간직해 줘…?	<br>
247	247	event006.tbl#027	event006.tbl	27	MSG	HST	s_a09_022	STABLE_1G1S	229	と…当然です！	다… 당연합니다!	
248	248	event006.tbl#028	event006.tbl	28	MSG	JJO	s_a09_023	STABLE_1G1S	230	ありがとうございます…姫様…！	감사합니다… 공주님…!	
249	249	event006.tbl#029	event006.tbl	29	MSG	HST	s_a09_024	STABLE_1G1S	231	姫様…何とお優しい…。	공주님… 정말 다정하시군요…	
250	250	event006.tbl#030	event006.tbl	30	MSG	JJO	s_a09_025	STABLE_1G1S	232	あら…。<br>アナタ…ちょっと…中身を見てくださいな。	어머…<br>여보… 잠깐… 안을 보세요.	<br>
251	251	event006.tbl#031	event006.tbl	31	MSG	HST	s_a09_026	STABLE_1G1S	233	中身…？	안…?	
252	252	event006.tbl#032	event006.tbl	32	MSG	HST	s_a09_027	DIRECT_TRANSLATE		これは手紙…？	이건 편지…?	
253	253	event006.tbl#033	event006.tbl	33	MSG		s_a09_028	DIRECT_TRANSLATE		いつも、私のことを心配してくれてありがとう。	항상 나를 걱정해 줘서 고마워.	
254	254	event006.tbl#034	event006.tbl	34	MSG		s_a09_029	DIRECT_TRANSLATE		二人は親のいない私にとって<br>かけがえのない大切な存在です。	부모가 없는 내게 두 사람은<br>더없이 소중한 존재야.	<br>
255	255	event006.tbl#035	event006.tbl	35	MSG		s_a09_030	DIRECT_TRANSLATE		だから…いつまでも身体を大事にしてください。	그러니까… 언제까지나 몸조심해 줘.	
256	256	event006.tbl#036	event006.tbl	36	MSG			DIRECT_TRANSLATE		――花澄――	――카스미――	
257	257	event006.tbl#037	event006.tbl	37	MSG	HST	s_a09_031	EXCEPTION_1G1S	238	これは……。	이건……	
258	258	event006.tbl#038	event006.tbl	38	MSG	JJO	s_a09_032	STABLE_1G1S	239	ね…、姫様は私たちのこと<br>こんなにも想ってくださってるのよ…。	봐요… 공주님께서 우릴<br>이렇게나 아껴주시잖아요…	<br>
259	259	event006.tbl#039	event006.tbl	39	MSG	HST	s_a09_033	STABLE_1G1S	240	姫様…。	공주님…	
260	260	event006.tbl#040	event006.tbl	40	MSG	SIK	s_a09_034	STABLE_1G1S	241	何が始まるかと思ったら、<br>何か肩透かしだな…。	뭔가 시작되나 했더니,<br>허무하네…	<br>
261	261	event006.tbl#041	event006.tbl	41	MSG	NRT	s_a09_035	STABLE_1G1S	242	<KOFF>（<KON>でも…何かいいよな…こういうの…<KOFF>）<KON>	<KOFF>（<KON>그래도… 왠지 좋네… 이런 거…<KOFF>）<KON>	<KOFF> <KON> <KOFF> <KON>
262	262	event006.tbl#042	event006.tbl	42	MSG	SIK		DIRECT_TRANSLATE		……！	……!	
263	263	event006.tbl#043	event006.tbl	43	MSG	SKR	s_a09_037	STABLE_1G1S	243	元の場所に戻ってきた…みたいね。	원래 있던 곳으로 돌아온… 것 같네.	
264	264	event006.tbl#044	event006.tbl	44	MSG	NRT	s_a09_038	STABLE_1G1S	244	なぁ…さっきのってば、<br>何だったんだろ？	저기… 방금 그건,<br>대체 뭐였을까?	<br>
265	265	event006.tbl#045	event006.tbl	45	MSG	SIK	s_a09_039	STABLE_1G1S	245	さあな…もしかしたらあれも霧姫ってのが<br>仕掛けた罠かもしれねーな。	글쎄… 어쩌면 그것도 키리히메가<br>꾸민 함정일지 몰라.	<br>
266	266	event006.tbl#046	event006.tbl	46	MSG	NRT	s_a09_040	STABLE_1G1S	246	罠……！？	함정……!?	
267	267	event006.tbl#047	event006.tbl	47	MSG	SIK	s_a09_041	STABLE_1G1S	247	まあ…だからといって、今はここで<br>止まってるわけにはいかねー。	뭐… 그렇다고 지금 여기서<br>멈춰 있을 순 없지.	<br>
268	268	event006.tbl#048	event006.tbl	48	MSG	SIK	s_a09_042	STABLE_1G1S	248	先を急ぐんだろ？	서둘러 가야 하잖아?	
269	269	event006.tbl#049	event006.tbl	49	MSG	NRT	s_a09_043	STABLE_1G1S	249	オ…オウ！　<br>あったりめーだ！！	어… 어!<br>당연하지!!	<br>
270	270	event006.tbl#051	event006.tbl	51	MSG	KRH	s_a09_044	STABLE_1G1S	250	さっきの揺れは…札をはがされたか…。	방금 그 진동은… 부적이 떼어진 건가…	
271	271	event006.tbl#052	event006.tbl	52	MSG	KRH	s_a09_045	STABLE_1G1S	251	これ以上は…させるわけにはいかない…。	더는… 놔둘 수 없어…	
272	272	event006.tbl#053	event006.tbl	53	MSG	KRH	s_a09_046	STABLE_1G1S	252	幻影よ……。	환영이여……	
273	273	event006.tbl#054	event006.tbl	54	MSG	KRH	s_a09_047	STABLE_1G1S	253	ヤツらに恐怖を与えなさい…。	놈들에게 공포를 안겨주렴…	
274	274	event006.tbl#055	event006.tbl	55	MSG	KRH	s_a09_048	STABLE_1G1S	254	フフフ…。	후후후…	
275	275	event006.tbl#057	event006.tbl	57	MSG	NRT	s_a09_049	STABLE_1G1S	255	よし！　とにかく先へ進んで<br>札をはがしていかねーと！	좋아! 아무튼 앞으로 가면서<br>부적을 떼어내야 한다니깐!	<br>
276	276	event006.tbl#058	event006.tbl	58	MSG		s_a09_050	DIRECT_TRANSLATE		待て。	기다려.	
277	277	event006.tbl#059	event006.tbl	59	MSG	NRT	s_a09_051	EXCEPTION_1G1S	257	びくうっ！！！	헉!!!	
278	278	event006.tbl#060	event006.tbl	60	MSG	SIN		DIRECT_TRANSLATE		…………。	………….	
279	279	event006.tbl#061	event006.tbl	61	MSG	NRT	s_a09_052	STABLE_1G1S	258	シシシシ…シノォ！？	시시시시… 시노!?	
280	280	event006.tbl#062	event006.tbl	62	MSG	NRT	s_a09_053	STABLE_1G1S	259	っと…その前に…ヒナタ！　<br>こいつってば…本物か？	잠깐… 그 전에… 히나타!<br>이 녀석… 진짜야?	<br>
281	281	event006.tbl#063	event006.tbl	63	MSG	HNT	s_a09_054	STABLE_1G1S	260	え…う…うん。<br>…シノくんは本物みたい。	에… 으… 응.<br>…시노 군은 진짜인 것 같아.	<br>
282	282	event006.tbl#064	event006.tbl	64	MSG	NRT	s_a09_055	STABLE_1G1S	261	ふぅ…よかったってばよ。	후우… 다행이라니깐.	
283	283	event006.tbl#065	event006.tbl	65	MSG	SIN		DIRECT_TRANSLATE		…………。	………….	
284	284	event006.tbl#066	event006.tbl	66	MSG	KIB	s_a09_056	STABLE_1G1S	262	シノ…お前が何でここにいるんだよ…？	시노… 네가 왜 여기 있는 거야…?	
285	285	event006.tbl#067	event006.tbl	67	MSG	SIN	s_a09_057	STABLE_1G1S	263	お前たちがこの城に入るのを見た…。<br>だからオレもついて来た。	너희가 이 성에 들어가는 걸 봤다…<br>그래서 나도 따라왔다.	<br>
286	286	event006.tbl#068	event006.tbl	68	MSG	NRT	s_a09_058	STABLE_1G1S	264	ついて来たって…、じゃあ、<br>ずっとオレたちの後をついて来てたのか！？	따라왔다고… 그럼,<br>계속 우리 뒤를 따라온 거야!?	<br>
287	287	event006.tbl#069	event006.tbl	69	MSG	SIN	s_a09_059	STABLE_1G1S	265	そうだ。	그렇다.	
288	288	event006.tbl#070	event006.tbl	70	MSG	NRT	s_a09_060	STABLE_1G1S	266	何だよ！　だったらもっと早く<br>出て来てくれてもいーじゃねーかよ！	뭐야! 그럼 좀 더 일찍<br>나와도 됐잖아!	<br>
289	289	event006.tbl#071	event006.tbl	71	MSG	SIN	s_a09_061	STABLE_1G1S	267	いや、あの程度の問題…オレが手を<br>貸すまでもない…だから出ていかなかった。	아니, 그 정도 문제라면… 내가 도울<br>필요도 없었다… 그래서 나서지 않았다.	<br>
290	290	event006.tbl#072	event006.tbl	72	MSG	KIB	s_a09_062	STABLE_1G1S	268	はぁ？	뭐?	
291	291	event006.tbl#073	event006.tbl	73	MSG	SIN	s_a09_063	STABLE_1G1S	269	だが、ここからはオレも力を貸す。<br>なぜなら瘴気がさらに濃くなっているからだ。	하지만 이제부터는 나도 돕겠다.<br>독기가 더욱 짙어지고 있으니까.	<br>
292	292	event006.tbl#074	event006.tbl	74	MSG	NRT	s_a09_064	STABLE_1G1S	270	何だかよく分かんねーけど、<br>手伝ってくれるんだな？	뭔진 잘 모르겠지만,<br>도와주겠다는 거지?	<br>
293	293	event006.tbl#075	event006.tbl	75	MSG	SIN	s_a09_065	STABLE_1G1S	271	ああ。	그래.	
294	294	event006.tbl#076	event006.tbl	76	MSG	NRT	s_a09_066	STABLE_1G1S	272	<KOFF>（<KON>…よく分かんねー奴。<br>　でも…こいつの力ってば頼りになっからな…<KOFF>）<KON>	<KOFF>（<KON>…정말 알 수 없는 녀석이라니깐…<br>그래도… 이 녀석 힘은 믿을 만하니까…<KOFF>）<KON>	<KOFF> <KON> <br> <KOFF> <KON>
295	295	event006.tbl#077	event006.tbl	77	MSG	NRT	s_a09_067	STABLE_1G1S	273	んじゃ、これからよろしく頼むぜ！　<br>シノ！	그럼 앞으로 잘 부탁한다!<br>시노!	<br>
296	296	event006.tbl#078	event006.tbl	78	MSG	SIN	s_a09_068	STABLE_1G1S	274	うむ。	음.	
297	297	event007.tbl#001	event007.tbl	1	MSG	NRT	s_a10_000	DIRECT_TRANSLATE		だいぶ登ったけど、<br>まだ先は長そうだってばよ…。	꽤 많이 올라왔는데,<br>아직 갈 길이 먼 것 같다니깐…	<br>
298	298	event007.tbl#002	event007.tbl	2	MSG	NRT	s_a10_001	DIRECT_TRANSLATE		あれ…。	어라…	
299	299	event007.tbl#003	event007.tbl	3	MSG	NRT	s_a10_002	DIRECT_TRANSLATE		シカマル、シカマル！　<br>あれってば、チョウジじゃねー？	시카마루, 시카마루!<br>저거 쵸지 아니야?	<br>
300	300	event007.tbl#004	event007.tbl	4	MSG	SIK	s_a10_003	DIRECT_TRANSLATE		ん？	응?	
301	301	event007.tbl#005	event007.tbl	5	MSG	NRT	s_a10_004	DIRECT_TRANSLATE		何であんなトコに…？	왜 저런 데 있는 거야…?	
302	302	event007.tbl#006	event007.tbl	6	MSG	TYO		DIRECT_TRANSLATE		……………。	…………….	
303	303	event007.tbl#007	event007.tbl	7	MSG	NRT	s_a10_005	DIRECT_TRANSLATE		行っちまった…どうする？	가버렸어… 어떡하지?	
304	304	event007.tbl#008	event007.tbl	8	MSG	SIK	s_a10_006	DIRECT_TRANSLATE		この手の場合、罠と考えるのが妥当だ。<br>だから、無視して先に進むってのが正解…。	이럴 땐 함정이라고 보는 게 맞아.<br>그러니 무시하고 먼저 가는 게 정답이지…	<br>
305	305	event007.tbl#009	event007.tbl	9	MSG	NRT		DIRECT_TRANSLATE		………。	……….	
306	306	event007.tbl#010	event007.tbl	10	MSG	SIK	s_a10_007	DIRECT_TRANSLATE		けどよ…オレは幻影だろうが罠だろうが、<br>こんな場所でアイツを一人にすることはできねー。	하지만… 환영이든 함정이든,<br>이런 곳에 그 녀석을 혼자 둘 순 없어.	<br>
307	307	event007.tbl#011	event007.tbl	11	MSG	NRT	s_a10_008	DIRECT_TRANSLATE		へへ…オッケーだってばよ！　<br>じゃあ追いかけようぜ！	헤헤… 좋아!<br>그럼 쫓아가자!	<br>
308	308	event008.tbl#001	event008.tbl	1	MSG	NRT	s_a10_009	DIRECT_TRANSLATE		あ、いた。	아, 있다.	
309	309	event008.tbl#002	event008.tbl	2	MSG	TYO		DIRECT_TRANSLATE		………。	……….	
310	310	event008.tbl#003	event008.tbl	3	MSG	NRT	s_a10_010	EXCEPTION_1G1S	275	なぁ、チョウジ。<br>お前ってば、こんな所で何やってんだよ…？	어이, 쵸지.<br>너 이런 데서 뭐 하는 거야…?	<br>
311	311	event008.tbl#004	event008.tbl	4	MSG	SIK	s_a10_011	STABLE_1G1S	276	バカ野郎！　<br>安易に近寄るな！	이 바보야!<br>함부로 다가가지 마!	<br>
312	312	event008.tbl#005	event008.tbl	5	MSG	NRT	s_a10_012	STABLE_1G1S	277	げげ！	으악!	
313	313	event008.tbl#006	event008.tbl	6	MSG	SIK	s_a10_013	STABLE_1G1S	278	くそ！　<br>やっぱ幻影か…！	젠장!<br>역시 환영인가…!	<br>
314	314	event008.tbl#007	event008.tbl	7	MSG_FORCED		s_a10_015	DIRECT_TRANSLATE		まだ…。	아직…	
315	315	event008.tbl#008	event008.tbl	8	MSG	SKR	s_a10_016	EXCEPTION_1G1S	280	この声…アイツだわ！！	이 목소리… 그 녀석이야!!	
316	316	event008.tbl#009	event008.tbl	9	MSG	SIK	s_a10_017	STABLE_1G1S	281	何っ！？	뭐!?	
317	317	event008.tbl#010	event008.tbl	10	MSG	NRT	s_a10_018	STABLE_1G1S	282	チョウジの幻影が…回復したってばよ！？	쵸지의 환영이… 되살아났다니깐!?	
318	318	event008.tbl#011	event008.tbl	11	MSG	SKR	s_a10_019	STABLE_1G1S	283	げっ！　<br>い…いのの幻影も出てきた！	헉!<br>이… 이노의 환영도 다시 나왔어!	<br>
319	319	event008.tbl#012	event008.tbl	12	MSG	KRH	s_a10_020	STABLE_1G1S	284	さあ…闘うがいいわ……。<br>生気尽きるまで…。	자… 싸우렴……<br>생기가 다할 때까지…	<br>
320	320	event008.tbl#013	event008.tbl	13	MSG	NRT	s_a10_021	STABLE_1G1S	285	ちっくしょー！！　<br>こうなったらトコトンやってやる！！	젠장!!<br>이렇게 된 이상 끝까지 해주겠어!!	<br>
321	321	event008.tbl#014	event008.tbl	14	MSG_FORCED		s_a10_022	DIRECT_TRANSLATE		こらーー！！	이봐아아!!	
322	322	event008.tbl#015	event008.tbl	15	MSG	SKR		DIRECT_TRANSLATE		！？	!?	
323	323	event008.tbl#016	event008.tbl	16	MSG	TYO	s_a10_023	EXCEPTION_1G1S	288	ボクはそんなにデブじゃないぞーー！！	난 저렇게 뚱뚱하지 않아!!	
324	324	event008.tbl#017	event008.tbl	17	MSG	INO	s_a10_024	MERGE_SUBTITLE_PARTS_TO_1G	289 290	まったくー！　私もそんなにブサイクじゃないわ。<br>この美貌を間違えないでよねー！	정말! 나도 저렇게 못생기진 않았어.<br>내 미모를 잘못 만들지 말라고!	<br>
325	325	event008.tbl#018	event008.tbl	18	MSG	NRT	s_a10_025	STABLE_1G1S	291	え！？　え！？　チョウジといのがもう一人！？<br>こいつらも幻影か…！？	에!? 뭐!? 쵸지랑 이노가 둘씩!?<br>이 녀석들도 환영인가…!?	<br>
326	326	event008.tbl#019	event008.tbl	19	MSG	SIK	s_a10_026	STABLE_1G1S	292	いや…この雰囲気…、<br>今来た方は本物…だろ？　ヒナタ？	아니… 이 느낌…<br>방금 온 쪽이 진짜… 맞지? 히나타?	<br>
327	327	event008.tbl#020	event008.tbl	20	MSG	HNT	s_a10_027	STABLE_1G1S	293	う…うん…！	으… 응…!	
328	328	event008.tbl#021	event008.tbl	21	MSG	INO	s_a10_028	STABLE_1G1S	294	シカマル！　何、苦戦してんのよー！　<br>そんなの三人でさっさと倒しちゃうわよー！	시카마루! 뭘 그렇게 고전하는 거야!<br>저런 건 우리 셋이 얼른 쓰러뜨리자!	<br>
329	329	event008.tbl#022	event008.tbl	22	MSG	SIK	s_a10_029	DIRECT_TRANSLATE		へいへい…。	그래, 그래…	
330	330	event008.tbl#023	event008.tbl	23	MSG	INO	s_a10_030	MERGE_SUBTITLE_PARTS_TO_1G	295 296	それじゃ、行くわよー！<br>フォーメーション、いのシカチョウー！！	그럼 간다!<br>포메이션, 이노시카쵸!!	<br>
331	331	event008.tbl#024	event008.tbl	24	MSG	TYO	s_a10_031	STABLE_1G1S	297	いっくぞー！！	간다아!!	
332	332	event008.tbl#026	event008.tbl	26	MSG	KRH	s_a10_032	SPLIT_1S_TO_2G	298	――！？	――!?	
333	333	event008.tbl#027	event008.tbl	27	MSG	KRH	s_a10_033	SPLIT_1S_TO_2G	298	この感じ……また幻影がやられた……。	이 느낌…… 또 환영이 당했군……	
334	334	event008.tbl#028	event008.tbl	28	MSG	KRH	s_a10_034	STABLE_1G1S	299	おのれ…。	이놈들…	
335	335	event008.tbl#030	event008.tbl	30	MSG	INO	s_a10_035	MERGE_SUBTITLE_PARTS_TO_1G	300 301	あー、すっとした！　あんなできの悪い偽者を<br>のさばらせるなんて…むかつく城ねー！	아~ 속 시원하다! 저렇게 엉성한 가짜를<br>활개치게 하다니… 짜증 나는 성이네!	<br>
336	336	event008.tbl#031	event008.tbl	31	MSG	TYO	s_a10_036	STABLE_1G1S	302	まったくだよ！　<br>ボクはあんなに太ってないのに！！	그러니까!<br>난 저렇게 뚱뚱하지 않은데!!	<br>
337	337	event008.tbl#032	event008.tbl	32	MSG	ITD		DIRECT_TRANSLATE		……………………。	…………………….	
338	338	event008.tbl#033	event008.tbl	33	MSG	SIK	s_a10_037	STABLE_1G1S	304	で…、お前らが何でここにいるんだよ…。	그래서… 너희는 왜 여기 있는 거야…	
339	339	event008.tbl#034	event008.tbl	34	MSG	INO	s_a10_038	STABLE_1G1S	305	アンタが心配だからに決まってんでしょー。	네가 걱정돼서 온 게 당연하잖아.	
340	340	event008.tbl#035	event008.tbl	35	MSG	TYO	s_a10_039	STABLE_1G1S	306	そうそう、シカマルだけを危険なトコに<br>行かせるわけにはいかないよ。	맞아, 시카마루 혼자 위험한 곳에<br>가게 둘 순 없지.	<br>
341	341	event008.tbl#036	event008.tbl	36	MSG	NRT	s_a10_040	STABLE_1G1S	307	へー、仲間想いだなぁお前ら。<br>シカマルよかったな。	오~ 너희, 동료 생각 많이 하는구나.<br>시카마루, 좋겠다.	<br>
342	342	event008.tbl#037	event008.tbl	37	MSG	SIK	s_a10_041	STABLE_1G1S	308	ったく…、だからってお前らまで<br>危険なトコに来なくてもいいだろーが。	정말… 그렇다고 너희까지<br>위험한 곳에 올 필요는 없잖아.	<br>
343	343	event008.tbl#038	event008.tbl	38	MSG	SKR	s_a10_042	STABLE_1G1S	309	フフ…！　<br>照れてる照れてる。	후후…!<br>부끄러워하긴.	<br>
344	344	event008.tbl#039	event008.tbl	39	MSG	INO	s_a10_043	STABLE_1G1S	310	とにかく！　これからは私たちも<br>一緒に行くからねー！	아무튼! 이제부터 우리도<br>같이 갈 거야!	<br>
345	345	event008.tbl#040	event008.tbl	40	MSG	SIK	s_a10_044	STABLE_1G1S	311	ああ、分かったよ…。<br>まあ、よろしく頼むぜ。	그래, 알았어…<br>뭐, 잘 부탁한다.	<br>
346	346	event009.tbl#001	event009.tbl	1	MSG	NRT	s_a11_000	STABLE_1G1S	312	な…何だ今の音は！	뭐… 뭐야, 방금 그 소리는!	
347	347	event009.tbl#002	event009.tbl	2	MSG	NEJ		DIRECT_TRANSLATE		………。	……….	
348	348	event009.tbl#003	event009.tbl	3	MSG	ROC	s_a11_001	STABLE_1G1S	313	うう……。	으으……	
349	349	event009.tbl#004	event009.tbl	4	MSG	NEJ	s_a11_002	STABLE_1G1S	314	これは…幻影ではない…。<br>ならば…なぜリーが…。	이건… 환영이 아니다…<br>그렇다면… 왜 리가…	<br>
350	350	event009.tbl#005	event009.tbl	5	MSG	NRT	s_a08_021	SPLIT_1S_TO_2G	315	…！！	…!!	
351	351	event009.tbl#006	event009.tbl	6	MSG	NRT	s_a11_004	SPLIT_1S_TO_2G	315	ネジ、気をつけろ！！	네지, 조심해!!	
352	352	event009.tbl#007	event009.tbl	7	MSG	NEJ	s_a11_005	STABLE_1G1S	316	ナルト…！？	나루토…!?	
353	353	event009.tbl#008	event009.tbl	8	MSG	NRT	s_a11_006	STABLE_1G1S	317	そのゲジマユは、<br>敵に操られてるかもしんねーぞ！！	그 송충이 눈썹,<br>적에게 조종당하고 있을지도 몰라!!	<br>
354	354	event009.tbl#009	event009.tbl	9	MSG	NEJ	s_a11_007	STABLE_1G1S	318	操られている…だと？	조종당하고 있다고…?	
355	355	event009.tbl#010	event009.tbl	10	MSG	NEJ		DIRECT_TRANSLATE		…………………。	………………….	
356	356	event009.tbl#011	event009.tbl	11	MSG	NEJ	s_a11_008	STABLE_1G1S	319	なるほどな…だとすれば<br>このチャクラの乱れ…納得できる。	그렇군… 그렇다면<br>이 차크라의 흐트러짐도 설명이 돼.	<br>
357	357	event009.tbl#012	event009.tbl	12	MSG	NEJ		DIRECT_TRANSLATE		…………！	…………!	
358	358	event009.tbl#013	event009.tbl	13	MSG	NEJ	s_a11_009	STABLE_1G1S	320	フン…あの点穴をつけば…。	흥… 저 점혈을 찌르면…	
359	359	event009.tbl#014	event009.tbl	14	MSG	NRT	s_a11_010	STABLE_1G1S	321	おいネジ、<br>何ぶつぶつ言ってんだ！？	어이 네지,<br>뭘 중얼거리는 거야!?	<br>
360	360	event009.tbl#015	event009.tbl	15	MSG	NEJ	s_a11_011	STABLE_1G1S	322	リーを元に戻す方法を見つけた。<br>それを今から試す。	리를 원래대로 돌릴 방법을 찾았다.<br>지금부터 시험해 보겠다.	<br>
361	361	event009.tbl#016	event009.tbl	16	MSG	NRT	s_a11_012	STABLE_1G1S	323	え…！？	에…!?	
362	362	event009.tbl#017	event009.tbl	17	MSG	ROC	s_a11_013	DIRECT_TRANSLATE		う…うう……。	으… 으으……	
363	363	event009.tbl#018	event009.tbl	18	MSG	NEJ	s_a11_014	STABLE_1G1S	324	安心しろ…リー。<br>すぐにその呪縛から解き放ってやる。	안심해라… 리.<br>곧 그 속박에서 풀어주겠다.	<br>
364	364	event009.tbl#019	event009.tbl	19	MSG	ROC	s_a11_015	STABLE_1G1S	325	う…ボクは…何を…。	으… 난… 뭘 한 거지…	
365	365	event009.tbl#020	event009.tbl	20	MSG	NEJ	s_a11_016	STABLE_1G1S	326	どうやら…うまくいったようだな…。	아무래도… 잘 된 것 같군…	
366	366	event009.tbl#021	event009.tbl	21	MSG	ROC	s_a11_017	STABLE_1G1S	327	ネジ……それにみんな…。<br>ボクは一体…。	네지…… 그리고 모두들…<br>전 대체…	<br>
367	367	event009.tbl#022	event009.tbl	22	MSG	NRT	s_a11_018	STABLE_1G1S	328	霧姫って奴に操られてたんだってばよ。	키리히메라는 녀석한테<br>조종당하고 있었다니깐.	
368	368	event009.tbl#023	event009.tbl	23	MSG	ROC	s_a11_019	STABLE_1G1S	329	きり…ひめ…？　<br>それは何なんです…？	키리… 히메…?<br>그게 뭔가요…?	<br>
369	369	event009.tbl#025	event009.tbl	25	MSG	ROC	s_a11_020	STABLE_1G1S	330	まさかそんな亡霊が<br>この城を支配しているとは…。	설마 그런 망령이<br>이 성을 지배하고 있었다니…	<br>
370	370	event009.tbl#026	event009.tbl	26	MSG	NEJ		DIRECT_TRANSLATE		………。	……….	
371	371	event009.tbl#027	event009.tbl	27	MSG	SKR	s_a11_021	STABLE_1G1S	331	さ、リーさんも元に戻ったし。<br>とにかく先に進みましょう。	자, 리 씨도 원래대로 돌아왔고.<br>아무튼 앞으로 가자.	<br>
372	372	event009.tbl#028	event009.tbl	28	MSG	ROC	s_a11_022	STABLE_1G1S	332	待ってください！　<br>その手伝い、ボクにもさせてください！	기다려 주세요!<br>저도 돕게 해주세요!	<br>
373	373	event009.tbl#029	event009.tbl	29	MSG	NRT	s_a11_023	STABLE_1G1S	333	え…？　<br>いいのか…ゲジマユ…。	에…?<br>괜찮겠어… 송충이 눈썹…	<br>
374	374	event009.tbl#030	event009.tbl	30	MSG	ROC	s_a11_024	STABLE_1G1S	334	このまま終わるわけにはいかないんです！	이대로 끝낼 순 없습니다!	
375	375	event009.tbl#031	event009.tbl	31	MSG	ROC	s_a11_025	STABLE_1G1S	335	それに…ガイ先生とテンテンとも<br>合流しないといけませんし！	게다가… 가이 선생님과 텐텐을<br>찾아 합류해야 하니까요!	<br>
376	376	event009.tbl#032	event009.tbl	32	MSG	NRT	s_a11_026	STABLE_1G1S	336	なぬ！？　<br>激眉先生とかもいんの！？	뭐라고!?<br>왕눈썹 선생도 있어!?	<br>
377	377	event009.tbl#033	event009.tbl	33	MSG	ROC	s_a11_027	STABLE_1G1S	337	はい！　ボクたちは偵察部隊として<br>この城に侵入したんですが、	네! 저희는 정찰대로<br>이 성에 들어왔습니다만,	<br>
378	378	event009.tbl#034	event009.tbl	34	MSG	ROC	s_a11_028	STABLE_1G1S	338	途中で、濃い霧に巻き込まれてしまって…<br>バラバラに…。	도중에 짙은 안개에 휩싸여서…<br>뿔뿔이 흩어졌습니다.	<br>
379	379	event009.tbl#035	event009.tbl	35	MSG	NRT	s_a11_029	STABLE_1G1S	339	そっか…。<br>よーし、だったらさっさと行こうぜ！！	그렇구나…<br>좋아, 그럼 얼른 가자!!	<br>
380	380	event009.tbl#036	event009.tbl	36	MSG	ROC	s_a11_030	STABLE_1G1S	340	オッス！	네!	
381	381	event009.tbl#037	event009.tbl	37	MSG	NRT	s_a11_031	STABLE_1G1S	341	あ、そうだ…ネジ、<br>お前はどうすんだ？	아, 맞다… 네지,<br>넌 어떻게 할 거야?	<br>
382	382	event009.tbl#038	event009.tbl	38	MSG	NEJ	s_a11_032	STABLE_1G1S	342	どうする…？	어떻게 하냐고…?	
383	383	event009.tbl#039	event009.tbl	39	MSG	NEJ	s_a11_033	STABLE_1G1S	343	フッ…このオレが何もせず<br>引き返すとでも思うのか？	흥… 내가 아무것도 안 하고<br>돌아갈 거라 생각했나?	<br>
384	384	event009.tbl#040	event009.tbl	40	MSG	NRT	s_a11_034	STABLE_1G1S	344	へっ…だよな！	헤… 그렇지!	
385	385	event009.tbl#041	event009.tbl	41	MSG	NEJ	s_a11_035	STABLE_1G1S	345	急ぐぞ、この城は危険だ…。<br>早めにあいつらと合流した方がいい。	서두르자, 이 성은 위험해…<br>빨리 그 녀석들과 합류하는 게 좋아.	<br>
386	386	event009.tbl#042	event009.tbl	42	MSG	NRT	s_a11_036	STABLE_1G1S	346	ああ！	그래!	
387	387	event010.tbl#001	event010.tbl	1	MSG	NRT		DIRECT_TRANSLATE		…！	…!	
388	388	event010.tbl#002	event010.tbl	2	MSG	NRT	s_a12_000	STABLE_1G1S	347	よし！　<br>二枚目の札…見つけたってばよ！	좋아!<br>두 번째 부적… 찾았다니깐!	<br>
389	389	event010.tbl#003	event010.tbl	3	MSG	NRT	s_a12_001	STABLE_1G1S	348	こんなもん…こうだっ！	이딴 건… 이렇게!	
390	390	event010.tbl#004	event010.tbl	4	MSG	ROC	s_a12_002	DIRECT_TRANSLATE		こ…これは…！	이… 이건…!	
391	391	event010.tbl#005	event010.tbl	5	MSG	SKR	s_a12_003	STABLE_1G1S	350	何…？　<br>前よりも揺れが大きくなってる気がする…。	뭐지…?<br>전보다 흔들림이 더 커진 것 같아…	<br>
392	392	event010.tbl#006	event010.tbl	6	MSG	ROC		EXCEPTION_UNVOICED_1G1S	351	………！	………!	
393	393	event010.tbl#007	event010.tbl	7	MSG	SIK	s_a12_004	STABLE_1G1S	352	また…こういう展開かよ。	또… 이런 전개냐.	
394	394	event010.tbl#008	event010.tbl	8	MSG	NRT	s_a12_005	STABLE_1G1S	353	おいっ！　誰だか知んねーけど！<br>ワケわかんねーことすんなってばよ！！	어이! 누군진 모르겠지만!<br>영문 모를 짓 좀 그만하라니깐!!	<br>
395	395	event010.tbl#009	event010.tbl	9	MSG	SKR	s_a12_006	STABLE_1G1S	354	風景が前と違う…。<br>今度は何を見せるつもり……？	풍경이 전과 달라…<br>이번엔 뭘 보여주려는 거지……?	<br>
396	396	event010.tbl#011	event010.tbl	11	MSG	ONK	s_a12_007	STABLE_1G1S	355	お姉ちゃん、お姉ちゃん！	언니, 언니!	
397	397	event010.tbl#012	event010.tbl	12	MSG	KSU	s_a12_008	STABLE_1G1S	356	ん…なぁに？	응… 왜?	
398	398	event010.tbl#013	event010.tbl	13	MSG	ONK	s_a12_009	STABLE_1G1S	357	ねえねえ…その髪飾りどうしたの？　<br>お姉ちゃん…今までしてなかったよね？	있잖아… 그 머리 장식은 뭐야?<br>언니… 전에는 안 하고 있었잖아?	<br>
399	399	event010.tbl#014	event010.tbl	14	MSG	KSU	s_a12_010	STABLE_1G1S	358	あ、これ？　<br>フフ…これはね…。	아, 이거?<br>후후… 이건 말이지…	<br>
400	400	event010.tbl#015	event010.tbl	15	MSG	KSU	s_a12_011	STABLE_1G1S	359	ないしょよ…！	비밀이야…!	
401	401	event010.tbl#016	event010.tbl	16	MSG	ONK	s_a12_012	STABLE_1G1S	360	えー…教えてくれないの～？	에~… 안 가르쳐 줄 거야~?	
402	402	event010.tbl#017	event010.tbl	17	MSG	KSU	s_a12_013	STABLE_1G1S	361	フフフフ…ごめんね。	후후후… 미안해.	
403	403	event010.tbl#018	event010.tbl	18	MSG	ONK	s_a12_014	STABLE_1G1S	362	ぶー…。	부우…	
404	404	event010.tbl#019	event010.tbl	19	MSG	ONK	s_a12_015	STABLE_1G1S	363	でも…いいなー。<br>私もそういうのつけてみたいなぁ…。	그래도… 좋겠다~.<br>나도 그런 거 달아보고 싶어…	<br>
405	405	event010.tbl#020	event010.tbl	20	MSG	KSU		DIRECT_TRANSLATE		………。	……….	
406	406	event010.tbl#021	event010.tbl	21	MSG	KSU	s_a12_016	STABLE_1G1S	364	フフ…だったらいいものあげる。	후후… 그럼 좋은 거 줄게.	
407	407	event010.tbl#022	event010.tbl	22	MSG	ONK	s_a12_017	SPLIT_1S_TO_2G	365	…？	…?	
408	408	event010.tbl#023	event010.tbl	23	MSG	ONK	s_a12_018	SPLIT_1S_TO_2G	365	わ…リボンだぁ。	와… 리본이다.	
409	409	event010.tbl#024	event010.tbl	24	MSG	KSU	s_a12_019	STABLE_1G1S	366	これはね…お姉ちゃんが<br>小さい頃に使ってたものなの。	이건 말이야… 언니가<br>어렸을 때 쓰던 거야.	<br>
410	410	event010.tbl#025	event010.tbl	25	MSG	ONK	s_a12_020	STABLE_1G1S	367	え…。<br>じゃ…じゃあこんな大切なものもらえないよ。	에… 그럼… 이렇게 소중한 건<br>받을 수 없어.	<br>
411	411	event010.tbl#026	event010.tbl	26	MSG	KSU	s_a12_021	STABLE_1G1S	368	ううん。<br>私にはもう幼すぎるし…。	아니.<br>난 이제 쓰기엔 너무 아이 같기도 하고…	<br>
412	412	event010.tbl#027	event010.tbl	27	MSG	KSU	s_a12_022	STABLE_1G1S	369	それにね…リボンはかわいい子に<br>つけられてた方が幸せなのよ。	그리고… 리본도 귀여운 아이가<br>달고 있는 편이 행복할 거야.	<br>
413	413	event010.tbl#028	event010.tbl	28	MSG	ONK	s_a12_023	STABLE_1G1S	370	お姉ちゃん…。	언니...	
414	414	event010.tbl#029	event010.tbl	29	MSG	KSU	s_a12_024	DIRECT_TRANSLATE		フフ…。	후후…	
415	415	event010.tbl#030	event010.tbl	30	MSG	ONK	s_a12_025	STABLE_1G1S	371	あ…ありがとう！　<br>これ…絶対に大切にするからね！	고… 고마워!<br>이거… 꼭 소중히 간직할게!	<br>
416	416	event010.tbl#031	event010.tbl	31	MSG	SIK	s_a12_026	STABLE_1G1S	372	ん…？	응…?	
417	417	event010.tbl#032	event010.tbl	32	MSG	NRT	s_a12_027	STABLE_1G1S	373	シカマル？　<br>どうかしたのか？	시카마루?<br>왜 그래?	<br>
418	418	event010.tbl#033	event010.tbl	33	MSG	SIK	s_a12_028	STABLE_1G1S	374	いや、何でもねー。	아니, 아무 것도 아냐.	
419	419	event010.tbl#034	event010.tbl	34	MSG	SIK		DIRECT_TRANSLATE		…………。	………….	
420	420	event010.tbl#035	event010.tbl	35	MSG	SIK	s_a12_029	STABLE_1G1S	375	<KOFF>（<KON>さっき見た花澄姫の髪飾り…あれは…<KOFF>）<KON>	<KOFF>（<KON>아까 본 카스미 공주의<br>머리 장식… 저건…<KOFF>）<KON>	<KOFF> <KON> <KOFF> <KON>
421	421	event010.tbl#036	event010.tbl	36	MSG	NRT	s_a12_030	STABLE_1G1S	376	ったく…あれってば一体何なんだよ。	정말이지… 저건 대체 뭐냐니깐.	
422	422	event010.tbl#037	event010.tbl	37	MSG_FORCED		s_a12_031	DIRECT_TRANSLATE		札をはがす愚か者め…。	부적을 떼는 어리석은 자들…	
423	423	event010.tbl#038	event010.tbl	38	MSG	NRT		DIRECT_TRANSLATE		……！	……!	
424	424	event010.tbl#039	event010.tbl	39	MSG	SKR	s_a12_033	STABLE_1G1S	378	出たわね…。	나왔네…	
425	425	event010.tbl#040	event010.tbl	40	MSG	NEJ	s_a12_034	STABLE_1G1S	379	こいつが…霧姫か…。	이 녀석이… 키리히메인가…	
426	426	event010.tbl#041	event010.tbl	41	MSG	KRH	s_a12_035	STABLE_1G1S	380	お前たち…自分が何をやっているのか<br>分かっているのか…？	너희들… 자신들이 무슨 짓을 하고<br>있는지 알고 있는 거냐?	<br>
427	427	event010.tbl#042	event010.tbl	42	MSG	NEJ	s_a12_036	STABLE_1G1S	381	何の話だ…。	무슨 소리냐...	
428	428	event010.tbl#043	event010.tbl	43	MSG	KRH	s_a12_037	STABLE_1G1S	382	札をはがすことで、お前たちの破滅が<br>早まっているというのに…。	부적을 떼면서 너희 파멸이<br>더 빨라지고 있는데도…	<br>
429	429	event010.tbl#044	event010.tbl	44	MSG	NRT	s_a12_038	STABLE_1G1S	383	へっ…ウソつくんじゃねーってばよ！	흥… 거짓말하지 말라니깐!	
430	430	event010.tbl#045	event010.tbl	45	MSG	NRT	s_a12_039	STABLE_1G1S	384	札を全部はがせば、<br>この城が消えて里は助かるんだろ！！	부적을 전부 떼면 이 성이 사라져서<br>마을을 구할 수 있는 거잖아!!	<br>
431	431	event010.tbl#046	event010.tbl	46	MSG	KRH	s_a12_040	STABLE_1G1S	385	助かる…？　<br>フ……フフフフフ！	구해진다고…?<br>후… 후후후후후!	<br>
432	432	event010.tbl#047	event010.tbl	47	MSG	SKR	s_a12_041	STABLE_1G1S	386	何笑ってるの…？	뭐가 웃기다는 거야…?	
433	433	event010.tbl#048	event010.tbl	48	MSG	KRH	s_a12_042	STABLE_1G1S	387	確かに札を全てはがせば、<br>この城は消えるかも知れない…。	분명 부적을 전부 떼어내면<br>이 성은 사라질지도 몰라...	<br>
434	434	event010.tbl#049	event010.tbl	49	MSG	KRH	s_a12_043	STABLE_1G1S	388	だが、札をはがす度に<br>この城はその存在を保ち続けようとし…、	하지만 부적을 하나 떼어낼 때마다<br>이 성은 존재를 유지하려 하고…	<br>
435	435	event010.tbl#050	event010.tbl	50	MSG	KRH	s_a12_044	STABLE_1G1S	389	そのために、周囲からより一層多くの<br>生気を吸い取り始める。	그러기 위해 주변의 생기를<br>더 많이 빨아들이기 시작하지.	<br>
436	436	event010.tbl#051	event010.tbl	51	MSG	SIK	s_a12_045	STABLE_1G1S	390	ど…どういうことだ！？	무… 무슨 소리냐!?	
437	437	event010.tbl#052	event010.tbl	52	MSG	KRH	s_a12_046	STABLE_1G1S	391	札をはがせば、はがすほど…<br>周りから生気を吸い取る量が増え、	부적을 떼면 떼는 만큼…<br>주변에서 생기를 빨아들이는 양이 늘고…	<br>
438	438	event010.tbl#053	event010.tbl	53	MSG	KRH	s_a12_047	STABLE_1G1S	392	木ノ葉の壊滅は早くなる…。<br>フフフフフ！	나뭇잎 마을의 파멸은 빨라진다…<br>후후후후후후!	<br>
439	439	event010.tbl#054	event010.tbl	54	MSG	KRH	s_a12_049	STABLE_1G1S	393	お前のやっていることは、里を助けているどころか<br>里を破滅に追いやっていると同等…。	네가 하는 짓은 마을을 구하기는커녕<br>마을을 파멸로 이끄는 거나 마찬가지…	<br>
440	440	event010.tbl#055	event010.tbl	55	MSG	NRT		DIRECT_TRANSLATE		……。	…….	
441	441	event010.tbl#056	event010.tbl	56	MSG	NRT	s_a12_050	STABLE_1G1S	394	だから…何だってばよ…。	그래서… 뭐 어쩌라고…	
442	442	event010.tbl#057	event010.tbl	57	MSG	KRH	s_a12_051	STABLE_1G1S	395	……！？	…!?	
443	443	event010.tbl#058	event010.tbl	58	MSG	NRT	s_a12_052	STABLE_1G1S	396	札をはぐのが危険なのは分かったけどよ…。<br>でも…だからって…、	부적을 떼어내는 게 위험하다는 건<br>알고 있지만… 하지만… 그렇다고…	<br>
444	444	event010.tbl#059	event010.tbl	59	MSG	NRT	s_a12_053	STABLE_1G1S	397	何にもしなかったら…、<br>確実に木ノ葉は壊滅しちまうんだろ…！	아무것도 안 하면…<br>나뭇잎 마을은 확실히 괴멸하잖아…!	<br>
445	445	event010.tbl#060	event010.tbl	60	MSG	KRH		DIRECT_TRANSLATE		……。	…….	
446	446	event010.tbl#061	event010.tbl	61	MSG	NRT	s_a12_054	STABLE_1G1S	398	だったら…オレは木ノ葉を助けるために先に進む！<br>そして、少しでも早く…木ノ葉を助ける！！	그렇다면… 난 앞으로 가서<br>마을을 구할 거야! 반드시 구하겠어!!	<br>
447	447	event010.tbl#062	event010.tbl	62	MSG	KRH	s_a12_056	STABLE_1G1S	399	くだらない……ここで消えるお前に…<br>“先に進む”という選択肢はないというのに…。	시시하군… 여기서 사라질 너에게… '앞으로<br>나아간다'라고 하는 선택지는 없거늘…	<br>
448	448	event010.tbl#063	event010.tbl	63	MSG	NRT		EXCEPTION_UNVOICED_1G1S	400	！？	!?	
449	449	event010.tbl#064	event010.tbl	64	MSG	ROC	s_a12_057	STABLE_1G1S	401	こ、これは……砂瀑の…我愛羅…！？	이, 이건… 사폭의… 가아라…!?	
450	450	event010.tbl#065	event010.tbl	65	MSG	KRH	s_a12_058	STABLE_1G1S	402	安心しろ…木ノ葉の民もすぐにお前たちに<br>追いついてくる…。　あの世にね…。	안심해라… 나뭇잎 사람들도 곧 너희를<br>따라갈 거다… 저세상으로 말이지…	<br>
451	451	event010.tbl#066	event010.tbl	66	MSG	NRT	s_a12_059	STABLE_1G1S	403	ハァハァ！	하아하아…!	
452	452	event010.tbl#067	event010.tbl	67	MSG	KRH	s_a12_060	STABLE_1G1S	404	無駄なことを…。	소용없는 짓을...	
453	453	event010.tbl#068	event010.tbl	68	MSG	GAR		DIRECT_TRANSLATE		…………。	………….	
454	454	event010.tbl#069	event010.tbl	69	MSG	KRH	s_a12_062	STABLE_1G1S	405	これで…終わりだ…！	이걸로… 끝이다…!	
455	455	event010.tbl#070	event010.tbl	70	MSG	NRT	s_a12_063	STABLE_1G1S	406	ハァハァ！！	하아하아…!	
456	456	event010.tbl#071	event010.tbl	71	MSG	KRH	s_a12_064	STABLE_1G1S	407	無駄だと言っている…。	소용없다고 했을 텐데…	
457	457	event010.tbl#072	event010.tbl	72	MSG	NRT		DIRECT_TRANSLATE		……！！	……!!	
458	458	event010.tbl#073	event010.tbl	73	MSG	NRT	s_a12_065	STABLE_1G1S	408	くっ…。<br>諦めてたまるかよ！！	큭...!<br>포기할까보냐!	<br>
459	459	event010.tbl#074	event010.tbl	74	MSG	KKS	s_a12_069	STABLE_1G1S	410	みんな…大丈夫か？	다들… 무사한가?	
460	460	event010.tbl#075	event010.tbl	75	MSG	KRH	s_a12_070	STABLE_1G1S	411	ほう………。	호오….	
461	461	event010.tbl#076	event010.tbl	76	MSG	KKS	s_a12_071	STABLE_1G1S	412	さーて、こんな悪さは止めてもらいましょうか？　<br>お姫様？	자~ 이런 나쁜 짓은 이제 그만하시지?<br>공주님?	<br>
462	462	event010.tbl#077	event010.tbl	77	MSG	KRH	s_a12_072	STABLE_1G1S	413	これで終わりだと思わないことね…。	이걸로 끝났다 생각하지 마라...	
463	463	event010.tbl#078	event010.tbl	78	MSG	NRT	s_a12_073	STABLE_1G1S	414	カカシ先生…！　<br>アイツを追わねーと！！	카카시 선생님…!<br>저 녀석을 따라가야 해!!	<br>
464	464	event010.tbl#079	event010.tbl	79	MSG	KKS	s_a12_074	STABLE_1G1S	415	いや、フラフラのお前たちを<br>そのままにしておくわけにはいかないでしょ。	아니, 지쳐 있는 너희를<br>이대로 둘 순 없잖아.	<br>
465	465	event010.tbl#080	event010.tbl	80	MSG	NRT	s_a12_075	STABLE_1G1S	416	でも…！	하지만…!	
466	466	event010.tbl#081	event010.tbl	81	MSG	KKS	s_a12_076	STABLE_1G1S	417	まったく…。<br>とりあえず体力を回復させるんだ。	정말이지…<br>일단 체력부터 회복해.	<br>
467	467	event010.tbl#082	event010.tbl	82	MSG	KKS	s_a12_077	STABLE_1G1S	418	よし、こんなもんか。	좋아, 다 됐구만.	
468	468	event010.tbl#084	event010.tbl	84	MSG	NRT	s_a12_079	STABLE_1G1S	419	いよっしゃあ！　傷も回復したし！　<br>先に進むぜェ！	좋았어! 상처도 나았고!<br>앞으로 간다니깐!	<br>
469	469	event010.tbl#085	event010.tbl	85	MSG	KKS	s_a12_080	STABLE_1G1S	420	先にって…。<br>戻る気はさらさらないわけね…。	앞으로라니…<br>돌아갈 생각은 전혀 없구나…	<br>
470	470	event010.tbl#086	event010.tbl	86	MSG	NRT	s_a12_081	STABLE_1G1S	421	ったりめーだ！　まだ残りの札が…<br>えーと…六枚も残ってんだぜ！	당연하지! 아직 부적이…<br>어디 보자… 6장이나 남았다고!	<br>
471	471	event010.tbl#087	event010.tbl	87	MSG	NRT	s_a12_082	STABLE_1G1S	422	こんなトコでチンタラしてるわけには<br>いかねーってばよ！	이런 데서 시간을 끌고 있을 순<br>없다니깐!	<br>
472	472	event010.tbl#088	event010.tbl	88	MSG	KKS	s_a12_083	STABLE_1G1S	423	六枚じゃないよ。<br>あと五枚だ。	6장이 아니야.<br>5장 남았어.	<br>
473	473	event010.tbl#089	event010.tbl	89	MSG	SKR	s_a12_084	STABLE_1G1S	424	え？	에?	
474	474	event010.tbl#090	event010.tbl	90	MSG	KKS	s_a12_085	STABLE_1G1S	425	オレの方でも札を一枚見つけてな。<br>その一枚はオレがはいでおいたよ。	나도 부적 하나를 찾았거든.<br>그 한 장은 내가 떼어냈어.	<br>
475	475	event010.tbl#091	event010.tbl	91	MSG	SKR	s_a12_086	STABLE_1G1S	426	さすがカカシ先生ね！	역시 카카시 선생님!	
476	476	event010.tbl#092	event010.tbl	92	MSG	NRT	s_a12_087	STABLE_1G1S	427	そんじゃあ、あと五枚だな！　<br>さっさと出発するってばよ！！	그럼 이제 5장이네!<br>얼른 출발하자니깐!!	<br>
477	477	event010.tbl#093	event010.tbl	93	MSG	KKS	s_a12_088	STABLE_1G1S	428	ふう…しょうがない…。<br>ナルト、ここからはオレも一緒に行くよ。	후우… 별 수 없지….<br>나루토, 지금부터는 나도 같이 간다.	<br>
478	478	event010.tbl#094	event010.tbl	94	MSG	NRT	s_a12_089	STABLE_1G1S	429	カカシ先生が？　<br>いーのか？	카카시 선생님이?<br>진짜로?	<br>
479	479	event010.tbl#095	event010.tbl	95	MSG	KKS	s_a12_090	STABLE_1G1S	430	ま、お前が無茶しないように<br>見張ってた方がよさそうだしな。	뭐, 네가 무리하지 않도록<br>지켜보는 게 좋을 것 같아서.	<br>
480	480	event010.tbl#096	event010.tbl	96	MSG	NRT	s_a12_091	STABLE_1G1S	431	む…。	음....	
481	481	event010.tbl#097	event010.tbl	97	MSG	KKS	s_a12_092	STABLE_1G1S	432	さーて、急ぐぞ。<br>時間はあまりない。	자, 서두르자.<br>시간이 별로 없어.	<br>
482	482	event011.tbl#001	event011.tbl	1	MSG	NRT		DIRECT_TRANSLATE		……！	……!	
483	483	event011.tbl#002	event011.tbl	2	MSG	NRT	s_a13_000	STABLE_1G1S	433	よーし！　<br>四枚目の札…見つけたってばよ！	좋아!<br>네 번째 부적… 찾았다니깐!	<br>
484	484	event011.tbl#003	event011.tbl	3	MSG	KKS	s_a13_001	STABLE_1G1S	434	おっと…。	이런...	
485	485	event011.tbl#004	event011.tbl	4	MSG	NRT	s_a13_002	STABLE_1G1S	435	カカシ先生…これってば何なのかなぁ？<br>札をはがすといっつもこうなるんだけど。	카카시 선생님… 이게 대체 뭘까…?<br>부적을 떼어내면 늘 이렇게 되는데…	<br>
486	486	event011.tbl#005	event011.tbl	5	MSG	KKS		DIRECT_TRANSLATE		………。	……….	
487	487	event011.tbl#006	event011.tbl	6	MSG	KSU		DIRECT_TRANSLATE		…………………。	………………….	
488	488	event011.tbl#007	event011.tbl	7	MSG	KSU	s_a13_003	STABLE_1G1S	436	本当に綺麗…この夕霧城も…、<br>ここに住む人々も…。	정말로 아름다워… 이 저녁안개성도…,<br>여기 사는 사람들도…	<br>
489	489	event011.tbl#008	event011.tbl	8	MSG	KSU	s_a13_004	STABLE_1G1S	437	みんなが幸せに…みんなが豊かに、<br>みんなが笑っていられる場所にしないと…。	모두가 행복하고… 모두가 풍족하고,<br>모두가 웃을 수 있는 곳으로 만들어야 해…	<br>
490	490	event011.tbl#009	event011.tbl	9	MSG	KSU		DIRECT_TRANSLATE		………………。	……………….	
491	491	event011.tbl#010	event011.tbl	10	MSG	ONK	s_a13_005	STABLE_1G1S	438	お姉ちゃん…！	언니…!	
492	492	event011.tbl#012	event011.tbl	12	MSG	KSU	s_a13_006	STABLE_1G1S	439	え…？　<br>みんなどうしたの…？	에…?<br>다들 어쩐 일로…?	<br>
493	493	event011.tbl#013	event011.tbl	13	MSG	JJO	s_a13_007	STABLE_1G1S	440	実は…私たちから姫様に<br>贈り物があるんです。	사실… 저희가 공주님께<br>드릴 선물이 있습니다.	<br>
494	494	event011.tbl#014	event011.tbl	14	MSG	KSU	s_a13_008	STABLE_1G1S	441	これは…？	이건…?	
495	495	event011.tbl#015	event011.tbl	15	MSG	HST	s_a13_009	STABLE_1G1S	442	私たちはいつも姫様に<br>気を配っていただいていますから…。	저희는 늘 공주님께서<br>신경 써 주시고 있으니까요…	<br>
496	496	event011.tbl#016	event011.tbl	16	MSG	JJO	s_a13_010	STABLE_1G1S	443	その…心ばかりのお礼です。	그… 작은 답례입니다.	
497	497	event011.tbl#017	event011.tbl	17	MSG	ONK	s_a13_011	STABLE_1G1S	444	みんなで協力して買ったんだよ。	다 같이 힘을 합쳐 산 거야.	
498	498	event011.tbl#018	event011.tbl	18	MSG	KSU	s_a13_012	STABLE_1G1S	445	そんな…私は…ただ皆に喜んでもらえると<br>思ったから…それだけなのに…。	그럴 필요까지… 난 그저 다들 기뻐하면<br>좋겠다고 생각했을 뿐인데…	<br>
499	499	event011.tbl#019	event011.tbl	19	MSG	JJO	s_a13_013	STABLE_1G1S	446	姫様…アナタが私たちのことを<br>想ってくださることと同じように……、	공주님… 공주님께서 저희를<br>생각해 주시는 것처럼…	<br>
500	500	event011.tbl#020	event011.tbl	20	MSG	HST	s_a13_014	STABLE_1G1S	447	私たちもまた…<br>アナタのことを想っているんですよ。	저희도…<br>공주님을 생각하고 있습니다.	<br>
501	501	event011.tbl#021	event011.tbl	21	MSG	KSU	s_a13_015	EXCEPTION_1G1S	448	え……。	에……	
502	502	event011.tbl#022	event011.tbl	22	MSG	JJO	s_a13_016	STABLE_1G1S	449	姫様…私たちはアナタのおかげで幸せです。<br>だからアナタも幸せになってください。	공주님… 저희는 공주님 덕분에 행복합니다.<br>그러니 공주님도 행복해 주세요.	<br>
503	503	event011.tbl#023	event011.tbl	23	MSG	KSU	s_a13_017	STABLE_1G1S	450	みんな……。	다들……	
504	504	event011.tbl#024	event011.tbl	24	MSG	ONK	s_a13_018	STABLE_1G1S	451	ねえねえ、早くオルゴールの音色を<br>聴いてみてよぉ。	있잖아, 얼른 오르골 소리를<br>들어봐.	<br>
505	505	event011.tbl#025	event011.tbl	25	MSG	KSU	s_a13_019	STABLE_1G1S	452	う…うん…。	으...응.	
506	506	event011.tbl#026	event011.tbl	26	MSG	KSU	s_a13_020	STABLE_1G1S	453	わぁ………。	와아.....	
507	507	event011.tbl#027	event011.tbl	27	MSG	KSU	s_a13_021	STABLE_1G1S	454	綺麗……すごく綺麗…。	아름다워… 너무 아름다워…	
508	508	event011.tbl#028	event011.tbl	28	MSG	JJO	s_a13_022	STABLE_1G1S	455	フフフ…。	후후후...	
509	509	event011.tbl#029	event011.tbl	29	MSG	KSU	s_a13_023	STABLE_1G1S	456	ありがとう……みんな…。	고마워…… 다들…	
510	510	event011.tbl#030	event011.tbl	30	MSG	KKS		DIRECT_TRANSLATE		………………。	……………….	
511	511	event011.tbl#031	event011.tbl	31	MSG	KKS	s_a13_025	STABLE_1G1S	457	<KOFF>（<KON>どうやら夕霧城と無幻城が<br>　関係あるのは確実みたいだな…<KOFF>）<KON>	<KOFF>（<KON>아무래도 저녁안개성과 무환성은<br>확실하게 관계가 있는 모양이군.<KOFF>）<KON>	<KOFF> <KON> <br> <KOFF> <KON>
512	512	event011.tbl#032	event011.tbl	32	MSG	KKS	s_a13_026	STABLE_1G1S	458	<KOFF>（<KON>いや、夕霧城が無幻城そのものなのかもしれない。　<br>　それに…あの花澄という姫は…<KOFF>）<KON>	<KOFF>（<KON>아니, 저녁안개성이 무환성 자체일지도<br>몰라. 게다가… 카스미 공주는…<KOFF>）<KON>	<KOFF> <KON> <br> <KOFF> <KON>
513	513	event011.tbl#033	event011.tbl	33	MSG	NRT	s_a13_027	STABLE_1G1S	459	あれ…？　どうしたんだってばよカカシ先生？　<br>何か考え込んじゃって…。	어라…? 왜 그래, 카카시 선생님?<br>뭔가 계속 생각하고 있네…	<br>
514	514	event011.tbl#034	event011.tbl	34	MSG	KKS	s_a13_028	STABLE_1G1S	460	いや…何でもない…。	아니… 아무것도 아니야…	
515	515	event011.tbl#035	event011.tbl	35	MSG	NRT	s_a13_029	DIRECT_TRANSLATE		？	?	
516	516	event011.tbl#036	event011.tbl	36	MSG	KKS	s_a13_030	STABLE_1G1S	461	それよりも…どうやらさっきオレたちが見たのは、<br>札に封印されていた城の記憶みたいね。	그보다… 아무래도 방금 우리가 본 건,<br>부적에 봉인돼 있던 성의 기억인 것 같아.	<br>
517	517	event011.tbl#037	event011.tbl	37	MSG	NRT	s_a13_031	STABLE_1G1S	462	どゆこと？	그게 무슨 소리야?	
518	518	event011.tbl#038	event011.tbl	38	MSG	KKS	s_a13_032	STABLE_1G1S	463	ま、簡単に言えば、札をはぐことで無幻城になる<br>以前の城の記憶が復活してるってこと。	쉽게 말해, 부적을 떼면 무환성이 되기 전<br>성의 기억이 다시 나타난다는 거지.	<br>
519	519	event011.tbl#039	event011.tbl	39	MSG	NRT	s_a13_033	STABLE_1G1S	464	？	?	
520	520	event011.tbl#040	event011.tbl	40	MSG	KKS	s_a13_034	STABLE_1G1S	465	恐らく…城が封印される際に、残留思念として<br>残っていた人々の記憶も封じられたんだろうな。	아마… 성이 봉인될 때 남아 있던<br>사람들의 기억도 함께 봉인된 거겠지.	<br>
521	521	event011.tbl#041	event011.tbl	41	MSG	NRT	s_a13_035	STABLE_1G1S	466	ふーん…何だかよく分かんねーってばよ。	흐음… 역시 잘 모르겠다니깐.	
522	522	event011.tbl#042	event011.tbl	42	MSG	KKS	s_a13_036	STABLE_1G1S	467	はぁ…、<br>ナルトにはちょっと難しかったか。	하아…<br>나루토 너한텐 좀 어렵겠다.	<br>
523	523	event011.tbl#043	event011.tbl	43	MSG	KKS	s_a13_037	STABLE_1G1S	468	ま、今はとにかく先に進むぞ。	뭐, 지금은 일단 앞으로 나아가자.	
524	524	event012.tbl#001	event012.tbl	1	MSG	NRT	s_a14_000	STABLE_1G1S	469	ふぃ～…今がどこら辺なのか<br>全然分かんねーけど、結構登ったってばよ。	후우~… 지금 어디쯤인지는<br>전혀 모르겠지만, 꽤 올라왔다니깐.	<br>
525	525	event012.tbl#002	event012.tbl	2	MSG	KKS		DIRECT_TRANSLATE		……。	…….	
526	526	event012.tbl#003	event012.tbl	3	MSG	SKR	s_a14_001	STABLE_1G1S	470	さっきからカカシ先生、<br>何か悩んでるみたい…。	아까부터 카카시 선생님, 뭔가<br>고민하고 계신 것 같아…	<br>
527	527	event012.tbl#004	event012.tbl	4	MSG	KKS		DIRECT_TRANSLATE		……！	……!	
528	528	event012.tbl#005	event012.tbl	5	MSG	KKS	s_a14_003	STABLE_1G1S	472	誰だ。	누구냐.	
529	529	event012.tbl#006	event012.tbl	6	MSG	GUY	s_a14_004	STABLE_1G1S	473	ム、よくオレの気配に気がついたな！	음, 나의 기척을 잘도 눈치챘군!	
530	530	event012.tbl#007	event012.tbl	7	MSG	ROC	s_a14_005	STABLE_1G1S	474	ガ…ガイ先生！？	가… 가이 선생님!?	
531	531	event012.tbl#008	event012.tbl	8	MSG	GUY	s_a14_006	STABLE_1G1S	475	仲間の幻影でだまそうとしても…、<br>このマイト・ガイ、もうだまされんぞ！	동료들의 환영으로 속이려 한들…<br>이 마이트 가이, 더는 속지 않는다!	<br>
532	532	event012.tbl#009	event012.tbl	9	MSG	KKS	s_a14_007	STABLE_1G1S	476	いやいや…オレたちは…。	아니… 우리들은…	
533	533	event012.tbl#010	event012.tbl	10	MSG	GUY	s_a14_008	STABLE_1G1S	477	問答無用だ！！　<br>行くぞ性悪幻影め！！	문답무용!! 간다,<br>이 악질 환영놈들아!!	<br>
534	534	event012.tbl#011	event012.tbl	11	MSG	KKS	s_a14_009	STABLE_1G1S	478	駄目だ…。<br>全然聞かない…。	틀렸군…<br>전혀 듣지 않아…	<br>
535	535	event012.tbl#012	event012.tbl	12	MSG	NEJ	s_a14_010	STABLE_1G1S	479	気をつけろ…仕掛けてくるぞ。	조심해라… 공격해온다…!	
536	536	event012.tbl#013	event012.tbl	13	MSG	GUY	s_a14_011	STABLE_1G1S	480	ムウ…この手ごたえ…。	음… 이 느낌은…	
537	537	event012.tbl#014	event012.tbl	14	MSG	ROC	s_a14_012	STABLE_1G1S	481	ガイ先生！　<br>やっと気づいてくれましたか？	가이 선생님!<br>이제 알아보시겠습니까?	<br>
538	538	event012.tbl#015	event012.tbl	15	MSG	GUY	s_a14_013	STABLE_1G1S	482	性悪幻影め！　<br>ますますレベルアップしているな！！	악질 환영놈!<br>더더욱 레벨업했군!!!	<br>
539	539	event012.tbl#016	event012.tbl	16	MSG	GUY	s_a14_014	STABLE_1G1S	483	だが、この程度ではまだやられんぞ！！	하지만 이 정도로는 아직 질 수 없다!!	
540	540	event012.tbl#017	event012.tbl	17	MSG	TEN	s_a14_016	STABLE_1G1S	484	もー、少しは落ち着いてください！<br>もしかしたら本物かもしれないじゃないですか！	정말이지 좀 진정하세요!<br>혹시 진짜일지도 모르잖아요!	<br>
541	541	event012.tbl#018	event012.tbl	18	MSG	GUY	s_a14_017	STABLE_1G1S	485	ム……。	음....	
542	542	event012.tbl#019	event012.tbl	19	MSG	KKS	s_a14_018	STABLE_1G1S	486	いや…もしかしたらもなにも…、<br>本物なんだけどね…。	아니… 혹시고 뭐고…<br>진짜인데 말이지…	<br>
543	543	event012.tbl#020	event012.tbl	20	MSG	ROC	s_a14_019	STABLE_1G1S	487	ガイ先生…！　<br>まずはボクたちの話を聞いてください！	가이 선생님…!<br>우선 저희들의 이야기를 들어주세요!	<br>
544	544	event012.tbl#022	event012.tbl	22	MSG	GUY	s_a14_020	STABLE_1G1S	488	むう…まさか本物だったとは…、<br>すまん。	으음… 설마 진짜였을 줄이야…<br>미안하다.	<br>
545	545	event012.tbl#023	event012.tbl	23	MSG	KKS	s_a14_021	STABLE_1G1S	489	ま、それはいいとして。<br>そっちはそっちで大変だったみたいね。	뭐, 그건 그렇다 치고,<br>그 쪽도 그 쪽대로 고생했나보네.	<br>
546	546	event012.tbl#024	event012.tbl	24	MSG	GUY	s_a14_022	STABLE_1G1S	490	ああ…リーたちとはぐれた後、<br>何とかテンテンとは合流できたんだが…、	아아… 리 일행과 떨어진 뒤,<br>어찌어찌 텐텐과는 합류했지만…	<br>
547	547	event012.tbl#025	event012.tbl	25	MSG	GUY	s_a14_023	STABLE_1G1S	491	それからは何度と無く幻影に襲われてな…。	그 뒤부터 몇 번이고 환영에게<br>습격당해서 말이지...	
548	548	event012.tbl#026	event012.tbl	26	MSG	TEN	s_a14_024	STABLE_1G1S	492	ホント、大変だったわ…。	정말 고생했다니까…	
549	549	event012.tbl#027	event012.tbl	27	MSG	GUY	s_a14_025	STABLE_1G1S	493	だが、オレたちも何もしなかったわけではない。<br>隙を見て城の札を一枚はいでやったぞ！	하지만 우리도 아무것도 안 한 건 아니야.<br>틈을 타 성의 부적 하나를 떼어냈다!	<br>
550	550	event012.tbl#028	event012.tbl	28	MSG	ROC	s_a14_026	STABLE_1G1S	494	おおー！　<br>さすがガイ先生です！！	오오~!<br>역시 가이 선생님입니다!!	<br>
551	551	event012.tbl#029	event012.tbl	29	MSG	NRT	s_a14_027	STABLE_1G1S	495	よーし、よーし！　<br>これであとは…えーと…三枚だな！！	좋아, 좋아!<br>이걸로 나머진… 어디 보자… 3장이다!	<br>
552	552	event012.tbl#030	event012.tbl	30	MSG	KKS	s_a14_028	STABLE_1G1S	496	で、ガイ…お前はこれからどうするつもりなの？	그래서, 가이… 넌 이제부터<br>어떻게 할 생각이야?	
553	553	event012.tbl#031	event012.tbl	31	MSG	GUY	s_a14_029	STABLE_1G1S	497	ああ、ここまで来てしまったら、<br>引き返すわけにはいくまい。	아아, 여기까지 온 이상<br>되돌아갈 순 없지.	<br>
554	554	event012.tbl#032	event012.tbl	32	MSG	GUY	s_a14_030	STABLE_1G1S	498	これからはお前たちと共に行こうと思う。	이제부터는 너희와 함께 가려고 한다.	
555	555	event012.tbl#033	event012.tbl	33	MSG	ROC	s_a14_031	STABLE_1G1S	499	それは心強いです！	그럼 정말 든든합니다!	
556	556	event012.tbl#034	event012.tbl	34	MSG	NRT	s_a14_032	STABLE_1G1S	500	よっしゃあ、それじゃあ先に…。	좋아! 그럼 앞으로…	
557	557	event012.tbl#035	event012.tbl	35	MSG	KKS	s_a14_033	STABLE_1G1S	501	ん…？　<br>オレに無線信号…？	음…?<br>나한테 무선 연락…?	<br>
558	558	event012.tbl#036	event012.tbl	36	MSG	KKS	s_a14_034	STABLE_1G1S	502	はい。<br>先発隊２班…はたけカカシです。	예.<br>선발대 2반… 하타케 카카시입니다.	<br>
559	559	event012.tbl#037	event012.tbl	37	MSG	KKS		DIRECT_TRANSLATE		……………。	……………	
560	560	event012.tbl#038	event012.tbl	38	MSG	KKS	s_a14_035	STABLE_1G1S	503	どうも。　<br>で、どうかしましたか？	예.<br>그래서, 무슨 일이십니까?	<br>
561	561	event012.tbl#039	event012.tbl	39	MSG	KKS		DIRECT_TRANSLATE		……………。	……………	
562	562	event012.tbl#040	event012.tbl	40	MSG	KKS	s_a14_036	EXCEPTION_1G1S	504	え…？　<br>そちらにですか？	예…?<br>그 곳으로 말입니까?	<br>
563	563	event012.tbl#041	event012.tbl	41	MSG	KKS		EXCEPTION_UNVOICED_1G1S	505	……………。	…	
564	564	event012.tbl#042	event012.tbl	42	MSG	KKS	s_a14_037	EXCEPTION_1G1S	506	ちょうどよかった…、オレの方も<br>ちょっとそちらに戻ろうと思ってた所なんで…。	마침 잘됐군요… 저도<br>그 곳으로 돌아가려던 참이라…	<br>
565	565	event012.tbl#043	event012.tbl	43	MSG	KKS		DIRECT_TRANSLATE		……………。	……………	
566	566	event012.tbl#044	event012.tbl	44	MSG	KKS	s_a14_038	EXCEPTION_1G1S	508	了解しました。<br>すぐに…。	알겠습니다.<br>바로…	<br>
567	567	event012.tbl#045	event012.tbl	45	MSG	NRT	s_a14_039	STABLE_1G1S	509	どうしたんだってばよ、カカシ先生？	왜 그러는건데, 카카시 선생님?	
568	568	event012.tbl#046	event012.tbl	46	MSG	KKS	s_a14_040	STABLE_1G1S	510	ああ、自来也様の命令で<br>一度下に戻ることになった。	아아, 지라이야 님 명령으로<br>한번 아래로 돌아가게 됐어.	<br>
569	569	event012.tbl#047	event012.tbl	47	MSG	NRT	s_a14_041	STABLE_1G1S	511	えー！？	에엣!?	
570	570	event012.tbl#048	event012.tbl	48	MSG	KKS	s_a14_042	STABLE_1G1S	512	悪いな。<br>ガイ、後のことは任せたぞ。	미안하다.<br>가이, 뒤는 맡길게.	<br>
571	571	event012.tbl#049	event012.tbl	49	MSG	GUY	s_a14_043	STABLE_1G1S	513	ああ！　大船に乗った気持ちで<br>行って来るがいい！！	그래! 마음 푹 놓고<br>다녀오도록 해라!!	<br>
572	572	event012.tbl#050	event012.tbl	50	MSG	KKS	s_a14_044	STABLE_1G1S	514	ナルト、お前は無理をするなよ。	나루토, 너도 무리하진 마라.	
573	573	event012.tbl#051	event012.tbl	51	MSG	GUY	s_a14_045	STABLE_1G1S	515	さーて！　<br>それでは改めて行くぞー！！！	자~!<br>그럼 다시 출발한다!!!	<br>
574	574	event013.tbl#001	event013.tbl	1	MSG	NRT		DIRECT_TRANSLATE		…！	…!	
575	575	event013.tbl#002	event013.tbl	2	MSG	NRT	s_a15_000	STABLE_1G1S	516	よっしゃあ！　<br>六枚目はっけーん！！	좋아!<br>6번째 부적 발견!!	<br>
576	576	event013.tbl#003	event013.tbl	3	MSG	NRT	s_a15_001	STABLE_1G1S	517	！	!	
577	577	event013.tbl#004	event013.tbl	4	MSG	SKR	s_a15_002	STABLE_1G1S	518	カカシ先生…、<br>これ、城の記憶とか言ってたわよね…。	카카시 선생님…<br>이걸 성의 기억이라고 했었지…	<br>
578	578	event013.tbl#005	event013.tbl	5	MSG	NRT	s_a15_003	STABLE_1G1S	519	今度は何を見せてくれんだ…？	이번엔 뭘 보여주는 거지…?	
579	579	event013.tbl#006	event013.tbl	6	MSG	NRT	s_a15_004	STABLE_1G1S	520	なっ！！！？	뭐!!!?	
580	580	event013.tbl#007	event013.tbl	7	MSG	HIS	s_a15_005	STABLE_1G1S	521	うわああああーーー！！	우와아아아아!!	
581	581	event013.tbl#008	event013.tbl	8	MSG	JJO	s_a15_006	DIRECT_TRANSLATE		きゃあーーーー！！！	아아아아악!!!	
582	582	event013.tbl#009	event013.tbl	9	MSG	NRT	s_a15_007	STABLE_1G1S	522	な…なんなんだ…！？　<br>こ、これってば、何が起こったんだってばよ！！？	뭐… 뭐야…!?<br>이, 이게 대체 무슨 일이냐니깐!	<br>
583	583	event013.tbl#010	event013.tbl	10	MSG	HIS	s_a15_008	STABLE_1G1S	523	ぐああああッ！！	크아아아악!!	
584	584	event013.tbl#011	event013.tbl	11	MSG	HIS	s_a15_009	STABLE_1G1S	524	こ…木ノ葉だ…！！　<br>こいつら木ノ葉の忍だー！！！	나뭇잎이다…!!<br>이 녀석들 나뭇잎 마을의 닌자다!!	<br>
585	585	event013.tbl#012	event013.tbl	12	MSG	HIS	s_a15_010	STABLE_1G1S	525	木ノ葉の奴らが襲ってきやが……<br>ぐああっ！！	나뭇잎 마을 놈들이 쳐들어 왔…!!<br>크아악…	<br>
586	586	event013.tbl#013	event013.tbl	13	MSG	HIS	s_a15_011	STABLE_1G1S	526	な…何で友好関係の木ノ葉が…！？	어째서 우호관계인 나뭇잎 마을에서…!?	
587	587	event013.tbl#014	event013.tbl	14	MSG	HIS	s_a15_012	STABLE_1G1S	527	ぐわああああああっ！！	으어아아아아악!!	
588	588	event013.tbl#015	event013.tbl	15	MSG	KSU	s_a15_013	STABLE_1G1S	528	お願い、行かせて！	부탁이야, 가게 해줘!	
589	589	event013.tbl#016	event013.tbl	16	MSG	HST	s_a15_014	STABLE_1G1S	529	なりません！！！	안 됩니다!!!	
590	590	event013.tbl#017	event013.tbl	17	MSG	KSU	s_a15_015	STABLE_1G1S	530	でも！　オルゴールを部屋に忘れたの！！　<br>取りに行かないと！！！	하지만! 오르골을 방에 두고 왔어!!<br>가지러 가야 해!!!	<br>
591	591	event013.tbl#018	event013.tbl	18	MSG	HST	s_a15_016	STABLE_1G1S	531	今はオルゴールよりも<br>お命を大切になさってください！	지금은 오르골보다<br>목숨을 소중히 하셔야 합니다!	<br>
592	592	event013.tbl#019	event013.tbl	19	MSG	KSU	s_a15_017	EXCEPTION_1G1S	532	あれは大切なオルゴールなの！！　<br>…だから！	그건 정말 중요한 오르골이야!!<br>그러니까...	<br>
593	593	event013.tbl#020	event013.tbl	20	MSG	HST	s_a15_018	STABLE_1G1S	533	姫様！！　アナタのお命は皆のものなのです！　<br>お分かりでしょう！！	공주님!! 공주님 목숨은 모두의 것입니다!<br>아시잖습니까!!	<br>
594	594	event013.tbl#021	event013.tbl	21	MSG	KSU	s_a15_019	STABLE_1G1S	534	だけど…！！	하지만…!!	
595	595	event013.tbl#022	event013.tbl	22	MSG	HST	s_a15_020	STABLE_1G1S	535	それに…どうやら襲って来たやからは<br>木ノ葉の軍勢とのこと…。	게다가… 아무래도 공격해 온 것은<br>나뭇잎 마을의 세력이라 합니다…!	<br>
596	596	event013.tbl#023	event013.tbl	23	MSG	HST	s_a15_021	STABLE_1G1S	536	これが事実ならば、<br>我らとて永くは持ちません！	그게 사실이라면,<br>저희도 오래 견디지 못합니다!	<br>
597	597	event013.tbl#024	event013.tbl	24	MSG	KSU	s_a15_022	STABLE_1G1S	537	く…木ノ葉……。	나… 나뭇잎 마을……	
598	598	event013.tbl#025	event013.tbl	25	MSG	ONK	s_a15_023	EXCEPTION_1G1S	538	きゃあーーー！！！	까아아악!!	
599	599	event013.tbl#026	event013.tbl	26	MSG	KSU	s_a15_024	EXCEPTION_1G1S	539	！！	!!	
600	600	event013.tbl#027	event013.tbl	27	MSG	HST	s_a15_025	DIRECT_TRANSLATE		姫！！	공주님!!	
601	601	event013.tbl#028	event013.tbl	28	MSG	KSU	s_a15_026	EXCEPTION_1G1S	540	う………。<br>わ…分かった…わ…。	으…….<br>아… 알았어…	<br>
602	602	event013.tbl#029	event013.tbl	29	MSG	KSU	s_a15_027	STABLE_1G1S	541	<KOFF>（<KON>ごめんね…ごめんね…！<KOFF>）<KON>	<KOFF>（<KON>미안해… 미안해…!<KOFF>）<KON>	<KOFF> <KON> <KOFF> <KON>
603	603	event013.tbl#030	event013.tbl	30	MSG	SIK		DIRECT_TRANSLATE		……………。	…………….	
604	604	event013.tbl#031	event013.tbl	31	MSG	SKR	s_a15_028	EXCEPTION_1G1S	543	さ、さっきの…木ノ葉がやったって<br>言ってなかった…？	바, 방금… 나뭇잎 마을이<br>한 일이라고 하지 않았어…?	<br>
605	605	event013.tbl#032	event013.tbl	32	MSG	NRT	s_a15_029	STABLE_1G1S	544	何だってばよ…。<br>あれは…。	뭐냐니깐…<br>저건…	<br>
606	606	event013.tbl#033	event013.tbl	33	MSG		s_a15_030	DIRECT_TRANSLATE		お前たちがどれほどの悪行をしたのか…。	너희가 얼마나 많은 악행을 저질렀는지…	
607	607	event013.tbl#034	event013.tbl	34	MSG	NRT	s_a15_031	EXCEPTION_1G1S	546	！！	!!	
608	608	event013.tbl#035	event013.tbl	35	MSG		s_a15_032	DIRECT_TRANSLATE		どれほどの苦しみを与え、<br>どれほどの人の命を奪ったのか…。	얼마나 많은 고통을 주고,<br>얼마나 많은 사람의 목숨을 빼앗았는지…	<br>
609	609	event013.tbl#036	event013.tbl	36	MSG		s_a15_033	DIRECT_TRANSLATE		それを忘れたとは言わせない……。	그걸 잊었다고는 못 하게 하겠어……	
610	610	event013.tbl#037	event013.tbl	37	MSG	NRT	s_a15_034	EXCEPTION_1G1S	549	で…でたらめだ！！！	거… 거짓말이야!!!	
611	611	event013.tbl#038	event013.tbl	38	MSG	NRT	s_a15_035	STABLE_1G1S	550	そんなこと今まで聞いたことねーし…<br>大体、木ノ葉があんなこと…！	지금까지 그런 소리 들은 적도 없고…<br>애초에 나뭇잎 마을이 그런 짓을…!	<br>
612	612	event013.tbl#039	event013.tbl	39	MSG_FORCED		s_a15_036	DIRECT_TRANSLATE		黙れ！！	닥쳐!!	
613	613	event013.tbl#040	event013.tbl	40	MSG	KRH	s_a15_037	STABLE_1G1S	551	この身は…お前たちから受けた恨み…、<br>憎しみ…怒りを決して忘れない…！！	이 몸은… 너희에게 받은 원한…<br>증오… 분노를… 절대 잊지 않아…!!	<br>
614	614	event013.tbl#041	event013.tbl	41	MSG	NRT	s_a15_038	DIRECT_TRANSLATE		…！	…!	
615	615	event013.tbl#042	event013.tbl	42	MSG	KRH	s_a15_040	STABLE_1G1S	552	楽しかったあの時を…、<br>全て奪ったお前たちを…、	즐거웠던 그때를… 전부<br>빼앗은 너희를…	<br>
616	616	event013.tbl#043	event013.tbl	43	MSG	KRH	s_a15_041	STABLE_1G1S	553	絶対に……許しはしない！！	절대로… 용서하지 않아!!	
617	617	event013.tbl#044	event013.tbl	44	MSG	NRT	s_a15_044	STABLE_1G1S	554	う…うちは…イタチ！！？	우… 우치하… 이타치!!?	
618	618	event013.tbl#045	event013.tbl	45	MSG	KRH	s_a15_045	STABLE_1G1S	555	お前が…恐怖を抱く存在を呼んだ…。	네가… 가장 두려워하는 존재를 불렀다…	
619	619	event013.tbl#046	event013.tbl	46	MSG	KRH	s_a15_046	STABLE_1G1S	556	この者の手によって、<br>ここで果てるがいい…！	이 자의 손에<br>여기서 죽어라…!	<br>
620	620	event013.tbl#047	event013.tbl	47	MSG	NRT	s_a15_047	STABLE_1G1S	557	くっそ…！！	젠장…!!	
621	621	event013.tbl#048	event013.tbl	48	MSG	NRT	s_a15_048	STABLE_1G1S	558	な…何とか…なったってばよ…。	어… 어떻게든… 해냈다니깐…	
622	622	event013.tbl#049	event013.tbl	49	MSG	NRT	s_a15_049	DIRECT_TRANSLATE		でも…。	하지만…	
623	623	event013.tbl#050	event013.tbl	50	MSG		s_a15_050	DIRECT_TRANSLATE		楽しかったあの時を全て奪ったお前たちを…<br>絶対に……許さない！！	즐거웠던 그때를 전부 빼앗아 간 너희를…<br>절대로…… 용서 못 해!!	<br>
624	624	event013.tbl#051	event013.tbl	51	MSG	SIK	s_a15_051	EXCEPTION_1G1S	561	さっきの言葉…そして髪飾り…。	조금 전 그 말… 그리고 머리 장식…	
625	625	event013.tbl#052	event013.tbl	52	MSG	SIK	s_a15_052	STABLE_1G1S	562	どうやらアイツの正体は…、<br>花澄姫で間違いないな…。	아무래도 저 녀석의 정체는…<br>카스미 공주가 틀림없군…	<br>
626	626	event013.tbl#053	event013.tbl	53	MSG	NRT	s_a15_053	STABLE_1G1S	563	か、花澄姫！？	카, 카스미 공주!?	
627	627	event013.tbl#054	event013.tbl	54	MSG	NRT	s_a15_054	STABLE_1G1S	564	それって、今までオレたちが見てきた<br>あのお姫様だよな…マジかよ！？	그럼 지금까지 우리가 봤던<br>그 공주님이지… 진짜냐!?	<br>
628	628	event013.tbl#055	event013.tbl	55	MSG	SIK	s_a15_055	STABLE_1G1S	565	ああ…信じられねーがな…。	그래… 믿을 수 없지만…	
629	629	event013.tbl#056	event013.tbl	56	MSG	SKR	s_a15_056	STABLE_1G1S	566	そ…そう言われてみれば、確かに花澄姫の言葉と、<br>あの霧姫の言葉は共通してる所が多いわ…。	그… 그렇게 보니, 카스미 공주와<br>키리히메의 말은 공통점이 많아…	<br>
630	630	event013.tbl#057	event013.tbl	57	MSG	NRT	s_a15_057	STABLE_1G1S	567	じゃ…じゃあ…さっきオレたちが見たものは<br>本当のことなのか…？	그… 그럼 방금 우리가 본 건<br>진짜 있었던 일이야…?	<br>
631	631	event013.tbl#058	event013.tbl	58	MSG	SKR	s_a15_058	STABLE_1G1S	568	それは……分からないけど…。	그건… 모르겠지만…	
632	632	event013.tbl#059	event013.tbl	59	MSG	NRT	s_a15_059	STABLE_1G1S	569	どうなってんだよ…一体…。	대체… 뭐가 어떻게 된 거야…	
633	633	event014.tbl#001	event014.tbl	1	MSG	NRT		DIRECT_TRANSLATE		……………。	…………….	
634	634	event014.tbl#002	event014.tbl	2	MSG	NRT	s_a16_000	STABLE_1G1S	570	あれってば七枚目の札だ…。	저게 7번째 부적이겠지…	
635	635	event014.tbl#003	event014.tbl	3	MSG	NRT		DIRECT_TRANSLATE		………。	……….	
636	636	event014.tbl#004	event014.tbl	4	MSG		s_a15_037e	DIRECT_TRANSLATE		この身は…お前たちから受けた恨み…<br>憎しみ…怒りを決して忘れない…！！	이 몸은… 너희에게 받은 원한과…<br>증오와 분노를 절대 잊지 않아…!!	<br>
637	637	event014.tbl#005	event014.tbl	5	MSG	NRT	s_a16_001	DIRECT_TRANSLATE		くそぉ…。	젠장…	
638	638	event014.tbl#006	event014.tbl	6	MSG	SIK	s_a16_002	EXCEPTION_1G1S	573	どーした、ナルト？　<br>その札をはがすんじゃねーのか？	왜 그래, 나루토?<br>그 부적 안 떼는 거야?	<br>
639	639	event014.tbl#007	event014.tbl	7	MSG	NRT	s_a16_003	STABLE_1G1S	574	シカマル…。	시카마루...	
640	640	event014.tbl#008	event014.tbl	8	MSG	SIK	s_a16_004	STABLE_1G1S	575	まあ、お前が何に悩んでるかは分かるけどよ…。	뭐, 네가 뭘 고민하는지는 알겠지만…	
641	641	event014.tbl#009	event014.tbl	9	MSG	NRT		EXCEPTION_UNVOICED_1G1S	576	………。	……….	
642	642	event014.tbl#010	event014.tbl	10	MSG	SKR	s_a16_005	STABLE_1G1S	577	ナルト…。	나루토...	
643	643	event014.tbl#011	event014.tbl	11	MSG	NRT	s_a16_006	STABLE_1G1S	578	あの女の言うとおり<br>マジで木ノ葉の仕業だったら…オレ…。	그 여자 말대로<br>진짜 나뭇잎 마을 짓이라면… 난…	<br>
644	644	event014.tbl#012	event014.tbl	12	MSG	SIK		DIRECT_TRANSLATE		………。	……….	
645	645	event014.tbl#013	event014.tbl	13	MSG_FORCED		s_a16_007	DIRECT_TRANSLATE		いや、大丈夫だ。	아니, 괜찮아.	
646	646	event014.tbl#014	event014.tbl	14	MSG	NRT	s_a16_008	EXCEPTION_1G1S	580	え…！	에…!	
647	647	event014.tbl#015	event014.tbl	15	MSG	KKS	s_a16_009	STABLE_1G1S	581	大丈夫だ。<br>安心しろナルト。	괜찮다.<br>안심해라, 나루토.	<br>
648	648	event014.tbl#016	event014.tbl	16	MSG	NRT	s_a16_010	STABLE_1G1S	582	カ…カカシ先生！？	카… 카카시 선생님!?	
649	649	event014.tbl#017	event014.tbl	17	MSG	SIK	s_a16_011	STABLE_1G1S	583	大丈夫って…どういうことスか？	괜찮다니… 무슨 뜻입니까?	
650	650	event014.tbl#018	event014.tbl	18	MSG	KKS	s_a16_012	STABLE_1G1S	584	実は、オレもあの花澄姫が気になっててな。	실은 나도 카스미 공주가<br>신경 쓰여서 말야…	
651	651	event014.tbl#019	event014.tbl	19	MSG	KKS	s_a16_013	STABLE_1G1S	585	一度、下に戻って夕霧城や花澄姫に関して<br>色々調べて来た。	일단 내려가 저녁안개성과<br>카스미 공주를 조사하고 왔다.	<br>
652	652	event014.tbl#020	event014.tbl	20	MSG	NRT	s_a16_014	STABLE_1G1S	586	そ…それって！　じゃあさ、じゃあさ、<br>本当のことが分かったのかよ、カカシ先生！？	그… 그럼! 진짜 있었던 일을<br>알아낸 거야, 카카시 선생님!?	<br>
653	653	event014.tbl#021	event014.tbl	21	MSG	KKS	s_a16_015	STABLE_1G1S	587	ま、ここで話してもいいが、<br>実際に見たほうがいいでしょ。	뭐, 여기서 말해도 되지만<br>직접 보는 편이 낫겠지.	<br>
654	654	event014.tbl#022	event014.tbl	22	MSG	KKS	s_a16_016	STABLE_1G1S	588	おそらく…城の記憶を辿れば<br>真の黒幕はおのずと見えてくるはずだ。	아마… 성의 기억을 따라가다 보면<br>진짜 흑막은 자연스럽게 보일 거다.	<br>
655	655	event014.tbl#023	event014.tbl	23	MSG	NRT	s_a16_017	STABLE_1G1S	589	カカシ先生…、<br>これで何が分かるんだってばよ…。	카카시 선생님…<br>이걸로 뭘 알 수 있다는 거냐니깐…	<br>
656	656	event014.tbl#024	event014.tbl	24	MSG	KKS	s_a16_018	STABLE_1G1S	590	ま、見てろ。	뭐, 일단 봐.	
657	657	event014.tbl#025	event014.tbl	25	MSG	KSU		DIRECT_TRANSLATE		………。	……….	
658	658	event014.tbl#026	event014.tbl	26	MSG	KSU	s_a16_019	STABLE_1G1S	591	みんな………。	다들……	
659	659	event014.tbl#027	event014.tbl	27	MSG	KSU	s_a16_020	DIRECT_TRANSLATE		うう…ううう…。	으으… 으으으…	
660	660	event014.tbl#028	event014.tbl	28	MSG	KSU	s_a16_021	STABLE_1G1S	592	私……これからどうすれば……。	나… 이제 어떻게 해야……	
661	661	event014.tbl#029	event014.tbl	29	MSG		s_a16_022	DIRECT_TRANSLATE		クク…復讐…。	크크… 복수…	
662	662	event014.tbl#030	event014.tbl	30	MSG	KSU	s_a16_023	EXCEPTION_1G1S	594	！！？	!!?	
663	663	event014.tbl#031	event014.tbl	31	MSG		s_a16_024	DIRECT_TRANSLATE		木ノ葉に対して復讐をしたい…。<br>そう思わないの…？	나뭇잎 마을에 복수하고 싶어…<br>그렇지 않아…?	<br>
664	664	event014.tbl#032	event014.tbl	32	MSG	KSU	s_a16_025	EXCEPTION_1G1S	596	だ…誰！！？	누… 누구!!?	
665	665	event014.tbl#033	event014.tbl	33	MSG	ORC	s_a16_026	STABLE_1G1S	597	初めまして…花澄姫…。	처음 만나는군요… 카스미 공주…	
666	666	event014.tbl#034	event014.tbl	34	MSG	KSU	s_a16_027	STABLE_1G1S	598	ア…アナタは…。	다… 당신은…	
667	667	event014.tbl#035	event014.tbl	35	MSG	ORC	s_a16_028	STABLE_1G1S	599	私の名は大蛇丸…。<br>音隠れを束ねる者…。	내 이름은 오로치마루…<br>소리 마을을 다스리는 자…	<br>
668	668	event014.tbl#036	event014.tbl	36	MSG	KSU	s_a16_029	STABLE_1G1S	600	音の…？　<br>そ、そんな里の人が何故ここに…。	소리 마을…?<br>그런 마을 사람이 왜 여기에…	<br>
669	669	event014.tbl#037	event014.tbl	37	MSG	ORC	s_a16_030	MERGE_SUBTITLE_PARTS_TO_1G	601 602	クク…私はアナタを助けたくてここに来たのよ…。<br>全てを失ったアナタをね…。	크크… 난 널 도우러 여기 왔어…<br>모든 걸 잃은 너를 말이지…	<br>
670	670	event014.tbl#038	event014.tbl	38	MSG	KSU	s_a16_031	EXCEPTION_1G1S	603	え…？	에…?	
671	671	event014.tbl#039	event014.tbl	39	MSG	ORC	s_a16_032	MERGE_SUBTITLE_PARTS_TO_1G	604 605	実は私も木ノ葉には恨みがあってね…。<br>アナタと協力したいと思っているのよ。	실은 나도 나뭇잎 마을에 원한이 있어서…<br>너와 힘을 합치고 싶어.	<br>
672	672	event014.tbl#040	event014.tbl	40	MSG	KSU	s_a16_033	STABLE_1G1S	606	木ノ葉に…恨み…。<br>私と…同じ…。	나뭇잎 마을에… 원한…<br>나와… 똑같이…	<br>
673	673	event014.tbl#041	event014.tbl	41	MSG	ORC	s_a16_034	STABLE_1G1S	607	アナタのこの先の行動には<br>二つの選択肢がある。	네가 앞으로 할 행동에는<br>두 가지 선택지가 있어.	<br>
674	674	event014.tbl#042	event014.tbl	42	MSG	ORC	s_a16_035	STABLE_1G1S	608	一つめ……この惨劇を忘れ、<br>ただ、指をくわえて泣き寝入りすること…。	첫 번째… 이 참극을 잊고,<br>그저 손 놓고 당한 채 넘어가는 것…	<br>
675	675	event014.tbl#043	event014.tbl	43	MSG	ORC	s_a16_036	STABLE_1G1S	609	二つめ……全てを奪った<br>憎き木ノ葉に復讐をすること…。	두 번째… 모든 걸 빼앗은<br>미운 나뭇잎 마을에 복수하는 것…	<br>
676	676	event014.tbl#044	event014.tbl	44	MSG	KSU	s_a16_037	STABLE_1G1S	610	ふ…復讐……？　<br>でも…そんな…。	보… 복수…?<br>하지만… 그럴 수는…	<br>
677	677	event014.tbl#045	event014.tbl	45	MSG	ORC	s_a16_038	STABLE_1G1S	611	もし、アナタが復讐をしたいのであれば…、<br>私がその力を与えてあげるわ。	네가 복수하고 싶다면…<br>내가 그 힘을 줄게.	<br>
678	678	event014.tbl#046	event014.tbl	46	MSG	ORC	s_a16_039	MERGE_SUBTITLE_PARTS_TO_1G	612 613	それに…アナタの功績次第で、死んで行った<br>城の人たちを生き返らせてやってもいい…。	게다가… 네가 어떻게 하느냐에 따라<br>죽은 성 사람들을 되살릴 수도 있어…	<br>
679	679	event014.tbl#047	event014.tbl	47	MSG	KSU	s_a16_040	DIRECT_TRANSLATE		――！！！	――!!!	
680	680	event014.tbl#048	event014.tbl	48	MSG	ORC	s_a16_041	EXCEPTION_1G1S	614	クク…。	크크...	
681	681	event014.tbl#049	event014.tbl	49	MSG	KSU	s_a16_042	EXCEPTION_1G1S	615	み…みんなを…。	모… 모두를…	
682	682	event014.tbl#050	event014.tbl	50	MSG	ORC	s_a16_043	STABLE_1G1S	616	そう…。<br>しかもアナタはこの仮面をつけるだけ…。	그래…<br>게다가 넌 이 가면을 쓰기만 하면 돼…	<br>
683	683	event014.tbl#051	event014.tbl	51	MSG	ORC	s_a16_044	STABLE_1G1S	617	それだけで、<br>多大な力を手にすることができるわ。	그것만으로<br>막대한 힘을 얻을 수 있지.	<br>
684	684	event014.tbl#052	event014.tbl	52	MSG	KSU		EXCEPTION_UNVOICED_1G1S	618	………。	……….	
685	685	event014.tbl#053	event014.tbl	53	MSG	ORC	s_a16_045	STABLE_1G1S	619	この仮面はアナタの“憎しみ”を<br>糧とし…力を与える。	이 가면은 너의 '증오'를 양분으로<br>삼아… 힘을 준다.	<br>
686	686	event014.tbl#054	event014.tbl	54	MSG	ORC	s_a16_046	STABLE_1G1S	620	その憎しみが枯れるまで、<br>決してはがれることはない…。	그 증오가 다할 때까지,<br>절대 벗겨지지 않아…	<br>
687	687	event014.tbl#055	event014.tbl	55	MSG	ORC	s_a16_047	MERGE_SUBTITLE_PARTS_TO_1G	621 622	クク…今のアナタにはうってつけの…いや…<br>アナタにしか使えない代物なのかもしれないわ。	크크… 지금의 너에겐 딱 맞는… 아니…<br>너만 쓸 수 있는 물건인지도 모르지.	<br>
688	688	event014.tbl#056	event014.tbl	56	MSG	KSU	s_a16_048	STABLE_1G1S	623	それをつければ……力が…。	그걸 쓰면…… 힘을…	
689	689	event014.tbl#057	event014.tbl	57	MSG	ORC	s_a16_049	MERGE_SUBTITLE_PARTS_TO_1G	624 625	ただし…この仮面と契約するには<br>アナタの身体を犠牲にしなければならない…。	단… 이 가면과 계약하려면<br>네 몸을 희생해야 해…	<br>
690	690	event014.tbl#058	event014.tbl	58	MSG	KSU	s_a16_050	STABLE_1G1S	626	え…！？	에…!?	
691	691	event014.tbl#059	event014.tbl	59	MSG	ORC	s_a16_051	MERGE_SUBTITLE_PARTS_TO_1G	627 628	安心しなさい…身体とは言っても<br>別に全てがなくなるわけではない…。	안심해… 몸이라고 해도<br>전부 사라지는 건 아니야…	<br>
692	692	event014.tbl#060	event014.tbl	60	MSG	ORC	s_a16_052	STABLE_1G1S	629	アナタの思念はこの城と同調し、<br>いつまでも残るのよ…。	너의 사념은 이 성과 동조해서<br>언제까지나 남게 돼…	<br>
693	693	event014.tbl#061	event014.tbl	61	MSG	KSU	s_a16_053	STABLE_1G1S	630	城…と…同調……。	성과… 동조……	
694	694	event014.tbl#062	event014.tbl	62	MSG	ORC	s_a16_054	MERGE_SUBTITLE_PARTS_TO_1G	631 632	そう…城の一部となり、絶大な力を手に入れ…、<br>そして木ノ葉の奴らに復讐をするのよ。	그래… 성의 일부가 되어 강한 힘을 얻고…<br>나뭇잎 녀석들에게 복수하는 거야.	<br>
695	695	event014.tbl#063	event014.tbl	63	MSG	KSU		DIRECT_TRANSLATE		………。	……….	
696	696	event014.tbl#064	event014.tbl	64	MSG	ORC	s_a16_055	STABLE_1G1S	633	さあ…アナタはどちらを選ぶ…？	자… 넌 어느 쪽을 택할 거지…?	
697	697	event014.tbl#065	event014.tbl	65	MSG	KSU		EXCEPTION_UNVOICED_1G1S	634	……………………。	…………………….	
698	698	event014.tbl#066	event014.tbl	66	MSG	KSU	s_a16_056	STABLE_1G1S	635	わ…私は…。	나… 나는…	
699	699	event014.tbl#067	event014.tbl	67	MSG	KKS	s_a16_057	STABLE_1G1S	636	これが真相だ。	이게 진실이다.	
700	700	event014.tbl#068	event014.tbl	68	MSG	SKR	s_a16_058	STABLE_1G1S	637	そんな…。	그럴 수가...	
701	701	event014.tbl#069	event014.tbl	69	MSG	KKS	s_a16_059	STABLE_1G1S	638	オレの調べでも、木ノ葉が夕霧城に<br>進攻したという事実はなかった。	내가 조사한 바로는 나뭇잎 마을이<br>저녁안개성을 침공한 적은 없었다.	<br>
702	702	event014.tbl#070	event014.tbl	70	MSG	KKS	s_a16_060	STABLE_1G1S	639	これは五代目や自来也様に聞いた<br>確かな情報だ。	이건 5대 호카게와 지라이야 님에게 들은<br>확실한 정보다.	<br>
703	703	event014.tbl#071	event014.tbl	71	MSG	SIK	s_a16_061	STABLE_1G1S	640	じゃあ…一番の黒幕は…。	그럼… 진짜 흑막은…	
704	704	event014.tbl#072	event014.tbl	72	MSG	KKS	s_a16_062	STABLE_1G1S	641	間違いない…黒幕は大蛇丸だ。	틀림없어… 흑막은 오로치마루다.	
705	705	event014.tbl#073	event014.tbl	73	MSG	NRT	s_a16_063	DIRECT_TRANSLATE		！！	!!	
706	706	event014.tbl#074	event014.tbl	74	MSG	SKR	s_a16_064	MERGE_SUBTITLE_PARTS_TO_1G	642 643	く……大蛇丸…！！　<br>アイツ…サスケくんだけじゃなく…花澄姫まで…！	큭…… 오로치마루…!! 그 녀석…<br>사스케뿐만 아니라… 카스미 공주까지…!	<br>
707	707	event014.tbl#075	event014.tbl	75	MSG	KKS	s_a16_065	STABLE_1G1S	644	とにかく、先を急ぐぞ。	아무튼 서두르자.	
708	708	event014.tbl#076	event014.tbl	76	MSG	KKS	s_a16_066	STABLE_1G1S	645	大蛇丸が関わっていると分かった今、<br>のんびり事を構えているわけにはいかない。	오로치마루가 관련됐다는 걸 안 이상,<br>여유롭게 있을 순 없어.	<br>
709	709	event014.tbl#077	event014.tbl	77	MSG	NRT		DIRECT_TRANSLATE		…………。	………….	
710	710	event014.tbl#078	event014.tbl	78	MSG	NRT	s_a16_067	STABLE_1G1S	646	カカシ先生…。	카카시 선생님...	
711	711	event014.tbl#079	event014.tbl	79	MSG	KKS	s_a16_068	STABLE_1G1S	647	どうした…ナルト？	왜 그래… 나루토?	
712	712	event014.tbl#080	event014.tbl	80	MSG	NRT	s_a16_069	STABLE_1G1S	648	オレさ…札をはがす度に見るあの思い出が…<br>暖かくて…すげー楽しそうでさ…。	나 말야… 부적을 떼면서 본 추억이…<br>따뜻하고… 정말 즐거워 보여서…	<br>
713	713	event014.tbl#081	event014.tbl	81	MSG	NRT	s_a16_070	STABLE_1G1S	649	何か……見てるこっちも…<br>嬉しくなってたんだ…。	뭐랄까… 보고 있던<br>나까지… 기뻐졌어…	<br>
714	714	event014.tbl#082	event014.tbl	82	MSG	KKS		DIRECT_TRANSLATE		……。	…….	
715	715	event014.tbl#083	event014.tbl	83	MSG	NRT	s_a16_071	STABLE_1G1S	650	でも…あの楽しかった思い出は<br>むちゃくちゃにされたんだよな…。	하지만… 그 즐거웠던 추억이<br>엉망진창이 되어 버린 거지…	<br>
716	716	event014.tbl#084	event014.tbl	84	MSG	NRT	s_a16_072	STABLE_1G1S	651	それってば…辛いよな…悲しいよな……<br>苦しいよな……。	그건… 괴로웠겠지… 슬펐겠지…<br>힘들었겠지…	<br>
717	717	event014.tbl#085	event014.tbl	85	MSG	SKR	s_a16_073	STABLE_1G1S	652	ナルト……。	나루토...	
718	718	event014.tbl#086	event014.tbl	86	MSG	NRT	s_a16_074	DIRECT_TRANSLATE		くっそぉ…！	젠장…!	
719	719	event014.tbl#087	event014.tbl	87	MSG	NRT	s_a16_075	EXCEPTION_1G1S	653	なぁ、カカシ先生ェ！　あの姉ちゃんを<br>どうにかして助けることはできねーのか！？	있잖아, 카카시 선생님! 그 누나를<br>어떻게든 구할 수 없는 거야!?	<br>
720	720	event014.tbl#088	event014.tbl	88	MSG	NRT	s_a16_076	STABLE_1G1S	654	あのまま大蛇丸に操られんのは……<br>可哀相じゃねーか！！	그대로 오로치마루한테 조종당하는 건…<br>너무 불쌍하잖아!	<br>
721	721	event014.tbl#089	event014.tbl	89	MSG	KKS		DIRECT_TRANSLATE		…………。	………….	
722	722	event014.tbl#090	event014.tbl	90	MSG	NRT	s_a16_077	STABLE_1G1S	655	カカシ先生！！！	카카시 선생님!	
723	723	event014.tbl#091	event014.tbl	91	MSG	KKS	s_a16_078	STABLE_1G1S	656	姫自身を助けることは……不可能だ。	공주 자신을 구해내는 건…… 불가능하다.	
724	724	event014.tbl#092	event014.tbl	92	MSG	NRT	s_a16_079	STABLE_1G1S	657	そ…そんな…。	그… 그럴 수가…	
725	725	event014.tbl#093	event014.tbl	93	MSG	KKS	s_a16_080	STABLE_1G1S	658	だが……姫の魂を大蛇丸の呪縛から<br>救い出すことは…できるかもしれない。	하지만… 공주의 영혼을 오로치마루의<br>주박에서 구해낼 수는… 있을지도 몰라.	<br>
726	726	event014.tbl#094	event014.tbl	94	MSG	SKR	s_a16_081	STABLE_1G1S	659	え…それってどういうことなの、カカシ先生？	에… 그게 무슨 말씀이세요,<br>카카시 선생님?	
727	727	event014.tbl#095	event014.tbl	95	MSG	KKS	s_a16_082	STABLE_1G1S	660	今の姫は大蛇丸に植え付けられた<br>“憎しみ”のみが充満している状態だ。	지금 공주는 오로치마루가 심은<br>'증오'만으로 가득 찬 상태다.	<br>
728	728	event014.tbl#096	event014.tbl	96	MSG	KKS	s_a16_083	STABLE_1G1S	661	だが、何らかの方法で姫の憎しみの心を<br>溶かすことができたなら…、	하지만 어떻게든 공주의 증오를<br>녹일 수 있다면…	<br>
729	729	event014.tbl#097	event014.tbl	97	MSG	KKS	s_a16_084	STABLE_1G1S	662	大蛇丸の呪縛から解き放つことができると…<br>オレは考えている。	오로치마루의 주박에서 풀어줄 수 있을지도…<br>난 그렇게 생각해.	<br>
730	730	event014.tbl#098	event014.tbl	98	MSG	SKR	s_a16_085	STABLE_1G1S	663	でも…実際どうすれば…。	하지만… 뭘 어떻게 해야…	
731	731	event014.tbl#099	event014.tbl	99	MSG	SKR	s_a16_086	STABLE_1G1S	664	相手は木ノ葉に恨みを持ってて<br>話なんか聞かないんじゃない？	상대는 나뭇잎 마을에 원한을 품고 있어서<br>얘기 같은 건 안 듣지 않을까요…	<br>
732	732	event014.tbl#100	event014.tbl	100	MSG	KKS		EXCEPTION_UNVOICED_1G1S	665	………。	……….	
733	733	event014.tbl#101	event014.tbl	101	MSG	NRT	s_a16_087	STABLE_1G1S	666	そんなことはねーってばよ。	그럴 리 없다니깐.	
734	734	event014.tbl#102	event014.tbl	102	MSG	NRT	s_a16_088	STABLE_1G1S	667	大蛇丸にだまされてるってことを伝えれば、<br>ぜってー分かってくれるはずだ！	오로치마루한테 속았다고 말해주면,<br>분명 알아줄 거야!	<br>
735	735	event014.tbl#103	event014.tbl	103	MSG	SKR	s_a16_089	STABLE_1G1S	668	でも…そんなにうまくいく？	하지만… 그렇게 쉽게 될까?	
736	736	event014.tbl#104	event014.tbl	104	MSG	NRT	s_a16_090	STABLE_1G1S	669	とにかく悩んでいてもどうにもなんねーってばよ。<br>オレは先に進むぜ！！	아무튼 고민만 해봤자 별 도리 없다니깐.<br>난 먼저 간다!!	<br>
737	737	event014.tbl#105	event014.tbl	105	MSG	SKR	s_a16_091	STABLE_1G1S	670	あ…コラ！　<br>待ちなさいよ！	아… 야!<br>기다려!	<br>
738	738	event014.tbl#106	event014.tbl	106	MSG	KKS	s_a16_092	STABLE_1G1S	671	<KOFF>（<KON>フッ…人を救うことになると…アイツは強いな…<KOFF>）<KON>	<KOFF>（<KON>후… 사람을 구하는 일이라면…<br>저 녀석은 정말 강하군…<KOFF>）<KON>	<KOFF> <KON> <KOFF> <KON>
739	739	event014.tbl#107	event014.tbl	107	MSG	KKS	s_a16_093	STABLE_1G1S	672	<KOFF>（<KON>その心があれば…きっと……<KOFF>）<KON>	<KOFF>（<KON>그 마음이 있으면… 분명…<KOFF>）<KON>	<KOFF> <KON> <KOFF> <KON>
740	740	event015.tbl#001	event015.tbl	1	MSG	NRT	s_a17_000	STABLE_1G1S	673	！	!	
741	741	event015.tbl#002	event015.tbl	2	MSG	NRT	s_a17_001	STABLE_1G1S	674	出てきたな…！	나타났군…!	
742	742	event015.tbl#003	event015.tbl	3	MSG	KRH	s_a17_002	STABLE_1G1S	675	これ以上…お前たちを<br>のさばらせる訳には行かない…。	이 이상… 너희들을<br>내버려 둘 수는 없다.	<br>
743	743	event015.tbl#004	event015.tbl	4	MSG	NRT	s_a17_003	STABLE_1G1S	676	姉ちゃん！　<br>今は話を聞いてくれ！	누나!<br>지금은 내 말 좀 들어줘!	<br>
744	744	event015.tbl#005	event015.tbl	5	MSG	KRH	s_a17_004	STABLE_1G1S	677	なれなれしいヤツめ…。	친한 척하지 마…	
745	745	event015.tbl#006	event015.tbl	6	MSG	KRH	s_a17_005	STABLE_1G1S	678	木ノ葉の忍であるお前と、<br>話すことなどない…。	나뭇잎 마을 닌자인 너와<br>할 얘기 따위는 없다…	<br>
746	746	event015.tbl#007	event015.tbl	7	MSG	SKR	s_a17_006	STABLE_1G1S	679	花澄姫！　<br>アナタは騙されているんです！！	카스미 공주!<br>당신은 속고 있어요!!	<br>
747	747	event015.tbl#008	event015.tbl	8	MSG	KRH	s_a17_007	STABLE_1G1S	680	戯言を…。	헛소리를…	
748	748	event015.tbl#009	event015.tbl	9	MSG	NRT	s_a17_008	STABLE_1G1S	681	ホントだってばよ！！　<br>あの大蛇丸って奴を信じちゃ駄目だ！！	진짜라니깐!!<br>그 오로치마루란 놈을 믿으면 안 돼!!	<br>
749	749	event015.tbl#010	event015.tbl	10	MSG	KRH		DIRECT_TRANSLATE		……。	…….	
750	750	event015.tbl#011	event015.tbl	11	MSG	NRT	s_a17_009	STABLE_1G1S	682	アイツは姉ちゃんを<br>利用してるだけなんだってばよ！！	그 녀석은 누나를<br>이용하고 있을 뿐이라니깐!!	<br>
751	751	event015.tbl#012	event015.tbl	12	MSG	KRH	s_a17_010	STABLE_1G1S	683	フン…何を言うかと思えば…。	흥… 무슨 소릴 하나 했더니…	
752	752	event015.tbl#013	event015.tbl	13	MSG	NRT	s_a17_011	STABLE_1G1S	684	信じてくれよ！！！	제발 믿어줘!!	
753	753	event015.tbl#014	event015.tbl	14	MSG	KRH	s_a17_012	STABLE_1G1S	685	木ノ葉を信じる心など、<br>私は持ち合わせていない！！	나뭇잎 마을을 믿을<br>마음 같은 건… 난 갖고 있지 않아!!	<br>
754	754	event015.tbl#015	event015.tbl	15	MSG	GUY	s_a17_013	STABLE_1G1S	686	ム！！　<br>アイツは…！？	음!!<br>저 녀석은…!?	<br>
755	755	event015.tbl#016	event015.tbl	16	MSG	KRH	s_a17_014	STABLE_1G1S	687	恐怖に身をすくませながら、<br>消えるがいいわ！	공포에 몸을 떨며<br>사라져라!	<br>
756	756	event015.tbl#017	event015.tbl	17	MSG	KRH	s_a17_015	STABLE_1G1S	688	こいつら…。	이 녀석들…!	
757	757	event015.tbl#018	event015.tbl	18	MSG	NRT	s_a17_016	STABLE_1G1S	689	姉ちゃん！　<br>話を聞いてくれ！	누나!<br>내 말 좀 들어줘!	<br>
758	758	event015.tbl#019	event015.tbl	19	MSG	NRT	s_a17_017	STABLE_1G1S	690	アイツは…大蛇丸は…悪い奴なんだよ！<br>信用しちゃ駄目だ！！	그 녀석은… 오로치마루는… 나쁜 놈이라고!<br>믿으면 안 돼!	<br>
759	759	event015.tbl#020	event015.tbl	20	MSG	KRH	s_a17_018	STABLE_1G1S	691	まだ言うか！	아직도 그 소리냐!	
760	760	event015.tbl#021	event015.tbl	21	MSG	NRT	s_a17_019	STABLE_1G1S	692	シ…シズネの姉ちゃん…！？	시… 시즈네 누나…!?	
761	761	event015.tbl#022	event015.tbl	22	MSG	KRH	s_a17_020	STABLE_1G1S	693	さあ…苦しむがいいわ！	자… 괴로워해라!	
762	762	event015.tbl#023	event015.tbl	23	MSG	NRT	s_a17_022	STABLE_1G1S	694	姉ちゃん…どこだ！？	누나… 어디야!?	
763	763	event015.tbl#024	event015.tbl	24	MSG	SIK	s_a17_023	STABLE_1G1S	695	くそ…もういねェぜ…。	젠장… 벌써 없어졌어…	
764	764	event015.tbl#025	event015.tbl	25	MSG	SKR	s_a17_024	STABLE_1G1S	696	やっぱり駄目なのよ…。<br>私たちの言葉は姫には届かない…。	역시 안 되는 거야…<br>우리 말은 공주에게 닿지 않아…	<br>
765	765	event015.tbl#026	event015.tbl	26	MSG	NRT	s_a17_025	STABLE_1G1S	697	駄目じゃねェ！！	안 되긴 뭐가 안 돼!!	
766	766	event015.tbl#027	event015.tbl	27	MSG	SKR	s_a17_026	STABLE_1G1S	698	え…？	에…?	
767	767	event015.tbl#028	event015.tbl	28	MSG	NRT	s_a17_027	STABLE_1G1S	699	オレはまだ諦めねーぞ…。<br>一度目が駄目だったら二度目…。	난 아직 포기 안 해…<br>한 번 해서 안 되면 두 번…	<br>
768	768	event015.tbl#029	event015.tbl	29	MSG	NRT	s_a17_028	STABLE_1G1S	700	二度目が駄目だったら三度目！　姉ちゃんが<br>心を開くまでオレは何度でも挑戦してやらァ！！	두 번 안 되면 세 번! 누나가<br>마음을 열 때까지 계속 도전할 거야!!	<br>
769	769	event015.tbl#030	event015.tbl	30	MSG	SKR	s_a17_029	STABLE_1G1S	701	ナルト……。	나루토...	
770	770	event015.tbl#031	event015.tbl	31	MSG	KKS	s_a17_030	STABLE_1G1S	702	フッ…。	후...	
771	771	event015.tbl#032	event015.tbl	32	MSG	SKR	s_a17_031	STABLE_1G1S	703	そう…ね。<br>ここで諦めたら…後味悪いわよね。	그래…<br>여기서 포기하면 기분 나쁘겠지.	<br>
772	772	event015.tbl#033	event015.tbl	33	MSG	NRT	s_a17_032	STABLE_1G1S	704	オウ！　まだまだチャンスはある！　<br>行こうぜサクラちゃん！！	그래! 아직 기회는 있어!<br>가자, 사쿠라짱!!	<br>
773	773	event015.tbl#034	event015.tbl	34	MSG	SKR	s_a17_033	STABLE_1G1S	705	うん！	응!	
774	774	event015.tbl#035	event015.tbl	35	MSG_FORCED		s_a17_034	DIRECT_TRANSLATE		まって……。	기다려……	
775	775	event015.tbl#036	event015.tbl	36	MSG	NRT	s_a17_035	EXCEPTION_1G1S	707	え…！？	에…!?	
776	776	event015.tbl#037	event015.tbl	37	MSG	NRT		DIRECT_TRANSLATE		！！	!!	
777	777	event015.tbl#038	event015.tbl	38	MSG	NRT	s_a17_036	STABLE_1G1S	708	な…何者だってばよ…お前ら…！？	너… 너희는 누구냐니깐…!?	
778	778	event015.tbl#039	event015.tbl	39	MSG	SN1	s_a17_037	STABLE_1G1S	709	こちらへ…。	이쪽으로...	
779	779	event015.tbl#040	event015.tbl	40	MSG	SN1	s_a17_038	DIRECT_TRANSLATE		来てください…。	와 주세요…	
780	780	event015.tbl#041	event015.tbl	41	MSG	NRT		DIRECT_TRANSLATE		………………。	……………….	
781	781	event015.tbl#042	event015.tbl	42	MSG	SKR	s_a17_039	STABLE_1G1S	710	来てくださいって……。<br>どうする…？	와 주세요라니……<br>어쩌지…?	<br>
782	782	event015.tbl#043	event015.tbl	43	MSG	SIK	s_a17_040	STABLE_1G1S	711	罠の可能性が高い…。<br>ここは無視した方が…。	함정일 가능성이 높아…<br>여긴 무시하는 게 낫겠어…	<br>
783	783	event015.tbl#044	event015.tbl	44	MSG	NRT	s_a17_041	STABLE_1G1S	712	いや……。	아니...	
784	784	event015.tbl#045	event015.tbl	45	MSG	NRT	s_a17_042	STABLE_1G1S	713	オレは行くってばよ。	난 갈 거라니깐.	
785	785	event015.tbl#046	event015.tbl	46	MSG	SKR	s_a17_043	STABLE_1G1S	714	ナルト…！？	나루토…?	
786	786	event015.tbl#047	event015.tbl	47	MSG	NRT	s_a17_044	STABLE_1G1S	715	今は…どんな小さな可能性でも<br>かけてみねーと…。	지금은… 아무리 작은 가능성에라도<br>걸어봐야 해…	<br>
787	787	event015.tbl#048	event015.tbl	48	MSG	SKR	s_a17_045	STABLE_1G1S	716	でも…罠だったら！	하지만… 함정이면!	
788	788	event015.tbl#049	event015.tbl	49	MSG	KKS	s_a17_046	STABLE_1G1S	717	ま、その時はその時…。	뭐, 그땐 그때지...	
789	789	event015.tbl#050	event015.tbl	50	MSG	SKR	s_a17_047	STABLE_1G1S	718	カカシ先生！？	카카시 선생님!?	
790	790	event015.tbl#051	event015.tbl	51	MSG	KKS	s_a17_048	STABLE_1G1S	719	里が危機にさらされている以上、<br>あまり時間をかけるわけにもいかない。	마을이 위험한 이상,<br>시간을 너무 쓸 순 없어.	<br>
791	791	event015.tbl#052	event015.tbl	52	MSG	KKS	s_a17_049	STABLE_1G1S	720	今は少しでも可能性があることに<br>かけた方がいいだろう。	지금은 조금이라도 가능성이 있는 쪽에<br>걸어보는 게 좋겠지.	<br>
792	792	event015.tbl#053	event015.tbl	53	MSG	NRT	s_a17_050	STABLE_1G1S	721	へへ…分かってるじゃねーか。<br>カカシ先生！	헤헤… 역시 카카시 선생님은<br>뭘 좀 안다니깐!	<br>
793	793	event015.tbl#054	event015.tbl	54	MSG	KKS	s_a17_051	MERGE_SUBTITLE_PARTS_TO_1G	722 723	でも、十分に気をつけていくぞ。<br>何が待っているのか分からないんだからな。	하지만 충분히 조심해서 가자.<br>뭐가 기다리고 있을지 모르니까.	<br>
794	794	event015.tbl#055	event015.tbl	55	MSG	NRT	s_a17_052	STABLE_1G1S	724	オウ！！	좋아!!	
795	795	event016.tbl#001	event016.tbl	1	MSG	SN1	s_a18_000	STABLE_1G1S	725	こちらです…。	이쪽입니다...	
796	796	event016.tbl#002	event016.tbl	2	MSG	NRT	s_a18_001	STABLE_1G1S	726	この部屋ってば…。	이 방은…	
797	797	event016.tbl#003	event016.tbl	3	MSG	SN1		DIRECT_TRANSLATE		………。	……….	
798	798	event016.tbl#004	event016.tbl	4	MSG	SKR	s_a18_002	STABLE_1G1S	727	き…消えた…。	사… 사라졌어…	
799	799	event016.tbl#005	event016.tbl	5	MSG	SIK	s_a18_003	STABLE_1G1S	728	ったく…何だってんだ…。	정말이지… 대체 뭐냐고…	
800	800	event016.tbl#006	event016.tbl	6	MSG	NEJ	s_a18_004	STABLE_1G1S	729	見たところ、他の部屋と変わりはない…。<br>やはり罠か…？	보기엔 다른 방과 다를 게 없어…<br>역시 함정인가…?	<br>
801	801	event016.tbl#007	event016.tbl	7	MSG	NRT	s_a18_005	STABLE_1G1S	730	くっ……。	큭…	
802	802	event016.tbl#008	event016.tbl	8	MSG	KKS	s_a18_006	STABLE_1G1S	731	いや…そうでもないみたいよ。	아니… 그렇지도 않은 것 같은데.	
803	803	event016.tbl#009	event016.tbl	9	MSG	SIK	s_a18_007	STABLE_1G1S	732	！！	!!	
804	804	event016.tbl#010	event016.tbl	10	MSG	NEJ	s_a18_008	STABLE_1G1S	733	奥に続く道が…。<br>これは…？	안쪽으로 이어지는 길이…<br>이건…?	<br>
805	805	event016.tbl#011	event016.tbl	11	MSG	NRT	s_a18_009	STABLE_1G1S	734	とにかく行ってみようぜ！	아무튼 가보자!!	
806	806	event016.tbl#012	event016.tbl	12	MSG	NRT	s_a18_010	STABLE_1G1S	735	ここは………。	여긴……	
807	807	event016.tbl#013	event016.tbl	13	MSG	SIK	s_a18_011	STABLE_1G1S	736	おい、あそこに何かあるぜ…。	어이, 저기 뭔가 있어…	
808	808	event016.tbl#014	event016.tbl	14	MSG	SKR	s_a18_012	STABLE_1G1S	737	これって…。	이건…	
809	809	event016.tbl#015	event016.tbl	15	MSG	SIK	s_a18_013	STABLE_1G1S	738	ああ。<br>下の階の…過去の記憶の中で見たやつだ。	그래, 아래층에서…<br>과거의 기억 속에서 본 거다.	<br>
810	810	event016.tbl#017	event016.tbl	17	MSG	NRT	s_a18_014	STABLE_1G1S	739	でも、これが何だってんだよ…！？　<br>こんなの見つけてもどうにも…。	하지만 이게 대체 뭐냐고…!?<br>이런 걸 찾아도 어쩔 수…	<br>
811	811	event016.tbl#018	event016.tbl	18	MSG	KKS	s_a18_015	STABLE_1G1S	740	いや…。<br>これは大きな武器になるかもしれない…。	아니…<br>이건 큰 무기가 될지도 몰라…	<br>
812	812	event016.tbl#019	event016.tbl	19	MSG	NRT	s_a18_016	STABLE_1G1S	741	どういうことだよ…カカシ先生？	무슨 소리야… 카카시 선생님?	
813	813	event016.tbl#020	event016.tbl	20	MSG	KKS	s_a18_017	STABLE_1G1S	742	先の説得失敗で分かったと思うが、<br>言葉だけでは姫の心を動かすことは難しい…。	아까 설득에 실패해서 알았겠지만,<br>말만으로는 공주의 마음을 움직이기 힘들어…	<br>
814	814	event016.tbl#021	event016.tbl	21	MSG	KKS	s_a18_018	STABLE_1G1S	743	だが…姫が大事にしていた<br>思い入れのある品があれば…話は別だ。	하지만… 공주가 소중히 여기던<br>추억이 담긴 물건이 있다면… 얘기가 달라.	<br>
815	815	event016.tbl#022	event016.tbl	22	MSG	KKS	s_a18_019	STABLE_1G1S	744	それを見せることで、記憶を少しでも取り戻し、<br>何らかの反応が返ってくる可能性がある…。	그걸 보여주면 기억을 조금이라도 되찾아,<br>뭔가 반응할 가능성이 있어…	<br>
816	816	event016.tbl#023	event016.tbl	23	MSG	KKS	s_a18_020	STABLE_1G1S	745	その時に説得がうまくいけば…。	그때 설득이 잘 된다면…	
817	817	event016.tbl#024	event016.tbl	24	MSG	NRT	s_a18_021	STABLE_1G1S	746	今度こそ姉ちゃんの心を<br>溶かすことができるんだな！！	이번에야말로 누나의<br>마음을 풀 수 있다는 거지!	<br>
818	818	event016.tbl#025	event016.tbl	25	MSG	KKS	s_a18_022	STABLE_1G1S	747	ああ…おそらくな。	그래… 아마도 말이지.	
819	819	event016.tbl#026	event016.tbl	26	MSG	NRT	s_a18_023	STABLE_1G1S	748	あ…！	아…!	
820	820	event016.tbl#027	event016.tbl	27	MSG	SN1	s_a18_024	DIRECT_TRANSLATE		こっち…。	이쪽…	
821	821	event016.tbl#028	event016.tbl	28	MSG	SKR	s_a18_025	STABLE_1G1S	749	またどこかに案内するつもり？	또 어디로 안내하려는 건가?	
822	822	event016.tbl#029	event016.tbl	29	MSG	SIK	s_a18_026	STABLE_1G1S	750	だろうな。	그렇겠지.	
823	823	event016.tbl#030	event016.tbl	30	MSG	NRT	s_a18_027	STABLE_1G1S	751	よし…そんじゃあついて行ってみようぜ！	좋아… 그럼 따라가 보자!	
824	824	event017.tbl#001	event017.tbl	1	MSG	SN1	s_a18_024	STABLE_1G1S	752	こっち…。	이쪽…	
825	825	event017.tbl#002	event017.tbl	2	MSG	NRT	s_a19_000	STABLE_1G1S	753	行き止まりだってばよ…。	막다른 곳이라고...	
826	826	event017.tbl#003	event017.tbl	3	MSG	SIK	s_a19_001	STABLE_1G1S	754	ってことは…。	그렇다는 건…	
827	827	event017.tbl#004	event017.tbl	4	MSG	SIK	s_a19_002	STABLE_1G1S	755	こうなるわけだな。	이렇게 되는 거군.	
828	828	event017.tbl#005	event017.tbl	5	MSG	SKR	s_a19_003	STABLE_1G1S	756	奥に道が続いてるわ…行きましょう。	안쪽으로 길이 이어져 있어… 가보자.	
829	829	event017.tbl#006	event017.tbl	6	MSG	NRT	s_a19_004	STABLE_1G1S	757	オウ！	좋아!	
830	830	event017.tbl#007	event017.tbl	7	MSG	NRT		DIRECT_TRANSLATE		………。	………	
831	831	event017.tbl#008	event017.tbl	8	MSG	HNT	s_a19_005	STABLE_1G1S	758	あ…。<br>ナルトくん、あそこ…。	아…<br>나루토 군, 저기…	<br>
832	832	event017.tbl#010	event017.tbl	10	MSG	SKR	s_a19_006	STABLE_1G1S	759	これも…あの記憶の中で見たものよね。	이것도… 그 기억 속에서 본 거네.	
833	833	event017.tbl#011	event017.tbl	11	MSG	NRT	s_a19_007	STABLE_1G1S	760	うん…。<br>あの女の子が貰ってたやつだよな。	응…<br>저 여자애가 받은 거지.	<br>
834	834	event017.tbl#012	event017.tbl	12	MSG	KKS	s_a19_008	STABLE_1G1S	761	これで二つ…。	이걸로 두 개…	
835	835	event017.tbl#013	event017.tbl	13	MSG	NRT	s_a19_009	STABLE_1G1S	762	あ…！	아…!	
836	836	event017.tbl#014	event017.tbl	14	MSG	SN1	s_a18_000	STABLE_1G1S	763	こちらです…。	이쪽입니다...	
837	837	event017.tbl#015	event017.tbl	15	MSG	SKR		DIRECT_TRANSLATE		………。	……….	
838	838	event017.tbl#016	event017.tbl	16	MSG	SIK	s_a19_10	STABLE_1G1S	764	行こうぜ。<br>今はアイツらを信じるしか道はねー。	가자.<br>지금은 저 녀석들을 믿는 수밖에 없어.	<br>
839	839	event018.tbl#001	event018.tbl	1	MSG	NRT	s_a20_000	STABLE_1G1S	765	何だ…！！？	뭐지…!!?	
840	840	event018.tbl#002	event018.tbl	2	MSG	SIK	s_a20_001	STABLE_1G1S	766	まずいな…どうやら、<br>口寄せを支えていた札が少なくなったことで、	위험한데… 아무래도,<br>소환을 유지하던 부적이 줄어든 탓에…	<br>
841	841	event018.tbl#003	event018.tbl	3	MSG	SIK	s_a20_002	STABLE_1G1S	767	無幻城の存在が不安定に<br>なってきているみたいだな。	무환성의 존재가<br>불안정해진 것 같아.	<br>
842	842	event018.tbl#004	event018.tbl	4	MSG	NRT	s_a20_003	STABLE_1G1S	768	え？　<br>そんじゃあ…。	에?<br>그럼...	<br>
843	843	event018.tbl#005	event018.tbl	5	MSG	SKR	s_a20_004	STABLE_1G1S	769	うん…周囲から吸収される生気の量が<br>増えているのかも…。	응… 주변에서 흡수하는 생기의 양도<br>늘어나고 있을지도…	<br>
844	844	event018.tbl#006	event018.tbl	6	MSG	NRT	s_a20_005	STABLE_1G1S	770	く…！	크…!	
845	845	event018.tbl#007	event018.tbl	7	MSG	KKS	s_a20_006	STABLE_1G1S	771	早くしないと、城よりも先に<br>木ノ葉が壊滅してしまうな……急ぐぞ！	서두르지 않으면 성보다 먼저<br>나뭇잎 마을이 괴멸한다… 서두르자!	<br>
846	846	event018.tbl#008	event018.tbl	8	MSG	NRT	s_a20_007	STABLE_1G1S	772	オウ！！	좋아!!	
847	847	event018.tbl#009	event018.tbl	9	MSG		s_a20_008	DIRECT_TRANSLATE		急ぐ……？　<br>どこへ急ぐと言うの？	서두른다고……?<br>어디로 서두른다는 거지?	<br>
848	848	event018.tbl#010	event018.tbl	10	MSG	NRT		DIRECT_TRANSLATE		…！	…!	
849	849	event018.tbl#011	event018.tbl	11	MSG	KRH	s_a20_010	STABLE_1G1S	774	いつまでもコソコソと動かれては困る…。	언제까지 그렇게 몰래<br>움직여 다니게 둘 순 없지…	
850	850	event018.tbl#012	event018.tbl	12	MSG	NRT		DIRECT_TRANSLATE		…………。	…………	
851	851	event018.tbl#013	event018.tbl	13	MSG	NRT	s_a20_011	EXCEPTION_1G1S	776	オレは…姉ちゃんが大蛇丸に<br>だまされてるって気付くまで…、	난… 누나가 오로치마루에게<br>속고 있다는 걸 깨달을 때까지…	<br>
852	852	event018.tbl#014	event018.tbl	14	MSG	NRT	s_a20_012	EXCEPTION_1G1S	777	ぜってー諦めるわけにはいかねーんだ！！	절대로 포기할 수는 없다고!!	
853	853	event018.tbl#015	event018.tbl	15	MSG	KRH	s_a20_013	MERGE_SUBTITLE_PARTS_TO_1G	778 779	まだそんなことを言っているの…？<br>いい加減…しつこいわ！	아직도 그런 소릴 하는 거야?<br>이제 그만… 끈질기군!	<br>
854	854	event018.tbl#016	event018.tbl	16	MSG	NRT	s_a20_014	STABLE_1G1S	780	くっ…！	큭...!	
855	855	event018.tbl#017	event018.tbl	17	MSG	KRH	s_a20_015	STABLE_1G1S	781	消えろ！！	사라져라!!!	
856	856	event018.tbl#018	event018.tbl	18	MSG	SKR	s_a20_016	STABLE_1G1S	782	花澄姫！　<br>もうやめてください！	카스미 공주!<br>이제 그만하세요!	<br>
857	857	event018.tbl#019	event018.tbl	19	MSG	KRH	s_a20_017	STABLE_1G1S	783	うるさい…。<br>お前たちはここで消える運命だ…。	시끄러워…<br>너희들은 여기서 사라질 운명이다…	<br>
858	858	event018.tbl#020	event018.tbl	20	MSG	NRT	s_a20_018	STABLE_1G1S	784	姉ちゃん！　<br>昔の優しい姉ちゃんに戻ってくれよ！	누나! 옛날의<br>상냥했던 누나로 돌아와 달라고!	<br>
859	859	event018.tbl#021	event018.tbl	21	MSG	KRH	s_a20_019	STABLE_1G1S	785	優しい…？	상냥하다고…?	
860	860	event018.tbl#022	event018.tbl	22	MSG	KRH	s_a20_020	STABLE_1G1S	786	フフ…私は優しさなど持ち合わせていない…。	후후… 난 상냥함 따위 없어…	
861	861	event018.tbl#023	event018.tbl	23	MSG	NRT	s_a20_021	STABLE_1G1S	787	ウソだ…。	거짓말이야…	
862	862	event018.tbl#024	event018.tbl	24	MSG	KRH	s_a20_022	DIRECT_TRANSLATE		……！	……!	
863	863	event018.tbl#025	event018.tbl	25	MSG	NRT	s_a20_023	STABLE_1G1S	788	オレは知ってんだ…。	난 알고 있어...	
864	864	event018.tbl#026	event018.tbl	26	MSG	NRT	s_a20_024	STABLE_1G1S	789	姉ちゃんがどれだけ優しくて…、<br>どれだけみんなのことを想ってたか！	누나가 얼마나 상냥했고…<br>얼마나 모두를 생각했는지!	<br>
865	865	event018.tbl#027	event018.tbl	27	MSG	KRH	s_a20_025	STABLE_1G1S	790	くだらない…。	시시하군...	
866	866	event018.tbl#028	event018.tbl	28	MSG	NRT	s_a20_026	STABLE_1G1S	791	この二つは…姉ちゃんの優しさだろ…。<br>想いだろ！！	이 두 물건은… 누나의 상냥함과…<br>마음이 담긴 거잖아!!	<br>
867	867	event018.tbl#029	event018.tbl	29	MSG	KRH	s_a20_027	STABLE_1G1S	792	そ…それは――！	그… 그건…!	
868	868	event018.tbl#030	event018.tbl	30	MSG	NRT	s_a20_028	STABLE_1G1S	793	これは…みんなを想ってたから<br>あげたもんなんだろ！	이건… 사람들을 생각해서<br>준 것들이잖아!	<br>
869	869	event018.tbl#031	event018.tbl	31	MSG	KRH	s_a20_029	EXCEPTION_1G1S	794	う……。	으…	
870	870	event018.tbl#032	event018.tbl	32	MSG	NRT	s_a20_030	STABLE_1G1S	795	これを貰った人たち…すげー喜んでた！　	이걸 받은 사람들… 무지 기뻐했어!	
871	871	event018.tbl#033	event018.tbl	33	MSG	NRT	s_a20_031	STABLE_1G1S	796	だって、姉ちゃんにもらった…、<br>心のこもった物だからな！！	왜냐하면 누나한테 받은…<br>마음이 담긴 물건이니까!	<br>
872	872	event018.tbl#034	event018.tbl	34	MSG	KRH	s_a20_033	STABLE_1G1S	797	うる…さ……い…。	시끄…러…워…	
873	873	event018.tbl#035	event018.tbl	35	MSG	NRT	s_a20_032	STABLE_1G1S	798	あんなに大きかった優しさが…<br>今の姉ちゃんに残ってねェわけねーだろ！！	그렇게 따뜻한 마음이… 지금 누나한테<br>남아 있지 않을 리 없잖아!!	<br>
874	874	event018.tbl#036	event018.tbl	36	MSG	NRT	s_a20_034	STABLE_1G1S	799	戻ってくれよ！！　<br>昔の姉ちゃんに！！！	돌아와 줘!!<br>옛날의 누나로!!	<br>
875	875	event018.tbl#037	event018.tbl	37	MSG	KRH	s_a20_035	EXCEPTION_1G1S	800	くっ…！！？	큭...!?	
876	876	event018.tbl#038	event018.tbl	38	MSG	NRT	s_a20_036	DIRECT_TRANSLATE		！！？	!!?	
877	877	event018.tbl#039	event018.tbl	39	MSG	KRH	s_a20_037	DIRECT_TRANSLATE		うう……！	으으……!	
878	878	event018.tbl#040	event018.tbl	40	MSG	NRT	s_a20_038	DIRECT_TRANSLATE		あっ！！	앗!!	
879	879	event018.tbl#041	event018.tbl	41	MSG	SKR	s_a20_039	STABLE_1G1S	801	に…逃げた…！？	도… 도망쳤다…!?	
880	880	event018.tbl#042	event018.tbl	42	MSG	NRT	s_a20_040	STABLE_1G1S	802	くそぉ…もう少しだったのに…。<br>やっぱり駄目なのかよ…。	젠장… 조금만 더 하면 됐는데…<br>역시 안 되는 건가…	<br>
881	881	event018.tbl#043	event018.tbl	43	MSG	SIK	s_a20_041	STABLE_1G1S	803	ナルト…。	나루토...	
882	882	event018.tbl#044	event018.tbl	44	MSG	KKS	s_a20_042	STABLE_1G1S	804	そう落ち込むな、ナルト。<br>収穫はゼロじゃない…。	그렇게 실망하지 마, 나루토.<br>수확이 전혀 없었던 건 아니야…	<br>
883	883	event018.tbl#045	event018.tbl	45	MSG	NRT	s_a20_043	STABLE_1G1S	805	え…。	에…?	
884	884	event018.tbl#046	event018.tbl	46	MSG	KKS	s_a20_044	STABLE_1G1S	806	姫にとって思い出のあるものを見せることで<br>確実に動揺を生ませることができた。	공주에게 추억이 담긴 물건을 보여줘서<br>확실히 동요하게 만들 수 있었어.	<br>
885	885	event018.tbl#047	event018.tbl	47	MSG	KKS	s_a20_045	MERGE_SUBTITLE_PARTS_TO_1G	807 808	今まで、かたくなに閉じていた心に…だ。<br>さっきの行動…全くの無駄じゃない。	지금까지 굳게 닫혀 있던 마음에… 말이야.<br>아까 그 행동… 전혀 헛된 건 아니야.	<br>
886	886	event018.tbl#048	event018.tbl	48	MSG	NRT	s_a20_046	STABLE_1G1S	809	カカシ先生…。	카카시 선생님...	
887	887	event018.tbl#049	event018.tbl	49	MSG	SKR	s_a20_047	STABLE_1G1S	810	どうしたのよナルト。	왜 그래, 나루토.	
888	888	event018.tbl#050	event018.tbl	50	MSG	SKR	s_a20_048	STABLE_1G1S	811	アンタ、二度目が駄目だったら<br>三度目の挑戦をするんでしょ？	너, 두 번째가 안 되면<br>세 번째로 또 도전하는 거 아니었어?	<br>
889	889	event018.tbl#051	event018.tbl	51	MSG	NRT	s_a20_049	STABLE_1G1S	812	サクラちゃん…。	사쿠라짱...	
890	890	event018.tbl#052	event018.tbl	52	MSG	SIK	s_a20_050	STABLE_1G1S	813	おら、行くぜナルト。<br>三度目の挑戦をやりによ…！	어이, 가자, 나루토.<br>세 번째 도전하러 말이야…!	<br>
891	891	event018.tbl#053	event018.tbl	53	MSG	NRT		DIRECT_TRANSLATE		…………。	………….	
892	892	event018.tbl#054	event018.tbl	54	MSG	NRT	s_a20_051	MERGE_SUBTITLE_PARTS_TO_1G	814 815 816	へへ……そうだよな…。<br>まだチャンスはある…。	헤헤…… 그렇지…<br>아직 기회는 있어…	<br>
893	893	event018.tbl#055	event018.tbl	55	MSG	NRT	s_a20_052	EXCEPTION_1G1S	817	よーし！　<br>やってやるってばよ！！	좋았어!<br>해보자니깐!!	<br>
894	894	event019.tbl#001	event019.tbl	1	MSG	SN1	s_a18_000	STABLE_1G1S	818	こちらです…。	이쪽입니다...	
895	895	event019.tbl#002	event019.tbl	2	MSG	SKR	s_a21_000	STABLE_1G1S	819	さあ行きましょ！	자, 가자!	
896	896	event019.tbl#003	event019.tbl	3	MSG	NRT	s_a21_001	STABLE_1G1S	820	オウ！	좋아!	
897	897	event019.tbl#004	event019.tbl	4	MSG	NRT	s_a21_002	DIRECT_TRANSLATE		ここは………。	여긴……	
898	898	event019.tbl#005	event019.tbl	5	MSG	SKR	s_a21_003	EXCEPTION_1G1S	821	見覚えある…。<br>間違いない…ここ…花澄姫の部屋だわ。	본 기억이 있어…<br>틀림없어… 여긴 카스미 공주의 방이야.	<br>
899	899	event019.tbl#006	event019.tbl	6	MSG	SIK	s_a21_004	STABLE_1G1S	822	おい。<br>あそこを見てみろ。	어이,<br>저기 좀 봐.	<br>
900	900	event019.tbl#007	event019.tbl	7	MSG	NRT	s_a21_005	STABLE_1G1S	823	これってば…、<br>城の記憶の中で見た…オルゴール…。	이건…<br>성의 기억 속에서 본… 오르골…	<br>
901	901	event019.tbl#009	event019.tbl	9	MSG	SKR	s_a21_006	STABLE_1G1S	824	花澄姫がみんなから<br>プレゼントされたものね。	카스미 공주가 모두에게<br>선물받은 물건이네.	<br>
902	902	event019.tbl#010	event019.tbl	10	MSG	NRT	s_a21_007	DIRECT_TRANSLATE		あ……。	아……	
903	903	event019.tbl#011	event019.tbl	11	MSG	SN1	s_a21_009	STABLE_1G1S	825	お願いします…。	부탁드립니다…	
904	904	event019.tbl#012	event019.tbl	12	MSG	SN1	s_a21_010	STABLE_1G1S	826	姫様を…。	공주님을...	
905	905	event019.tbl#013	event019.tbl	13	MSG_FORCED	SN1	s_a21_011	DIRECT_TRANSLATE		お姉ちゃんを…。	누나를…	
906	906	event019.tbl#014	event019.tbl	14	MSG_FORCED	SNS	s_a21_014_plus_echo	EXCEPTION_1G1S	827	救ってください…。	구해 주세요…	
907	907	event019.tbl#015	event019.tbl	15	MSG	NRT		DIRECT_TRANSLATE		………。	……….	
908	908	event019.tbl#016	event019.tbl	16	MSG	SKR	s_a21_015	STABLE_1G1S	828	カカシ先生…さっきの三人って…<br>昔の夕霧城にいた…あの人たち？	카카시 선생님… 방금 전 세 사람은 혹시…<br>옛날 저녁안개성에 있던 그 사람들일까요?	<br>
909	909	event019.tbl#017	event019.tbl	17	MSG	KKS	s_a21_016	STABLE_1G1S	829	ああ。	그래…	
910	910	event019.tbl#018	event019.tbl	18	MSG	KKS	s_a21_017	STABLE_1G1S	830	その身を無くしても、こうして出てくるとは…。<br>よほど…姫のことが心配だったんだろうな…。	육신을 잃고도 이렇게 나타났다는 건…<br>어지간히 공주를 걱정했던 거겠지…	<br>
911	911	event019.tbl#019	event019.tbl	19	MSG	NRT		DIRECT_TRANSLATE		………。	……….	
912	912	event019.tbl#020	event019.tbl	20	MSG	NRT	s_a21_018	STABLE_1G1S	831	任しとけ…。<br>絶対に姉ちゃんを救い出してやる…！	맡겨…<br>반드시 누나를 구해낼게…!	<br>
913	913	event019.tbl#021	event019.tbl	21	MSG	SIK	s_a21_019	STABLE_1G1S	832	ああ…。	그래...	
914	914	event019.tbl#022	event019.tbl	22	MSG	NRT	s_a21_020	STABLE_1G1S	833	先を急ごうぜ！　<br>みんな！！	빨리 가자!<br>다들!!	<br>
915	915	event019.tbl#023	event019.tbl	23	MSG	SKR		DIRECT_TRANSLATE		………………。	……………….	
916	916	event019.tbl#024	event019.tbl	24	MSG	SKR	s_a21_021	EXCEPTION_1G1S	835	ねえ、先生…。	저기, 선생님...	
917	917	event019.tbl#025	event019.tbl	25	MSG	KKS	s_a21_022	STABLE_1G1S	836	ん…どうした？	음…? 무슨 일이야?	
918	918	event019.tbl#026	event019.tbl	26	MSG	SKR	s_a21_023	STABLE_1G1S	837	今まで案内された部屋って…、<br>何か意図的に隠されてた気がするんだけど…。	지금까지 안내받았던 방은… 뭔가 의도적으로<br>감춰진 것 같은 느낌이 들었는데…	<br>
919	919	event019.tbl#027	event019.tbl	27	MSG	KKS		DIRECT_TRANSLATE		……………。	……………	
920	920	event019.tbl#028	event019.tbl	28	MSG	KKS	s_a21_024	STABLE_1G1S	838	もしかしたら、姫を救う術を、<br>あの大蛇丸から隠すため…、	어쩌면 공주를 구할 방법을<br>오로치마루로부터 감추기 위해서...	<br>
921	921	event019.tbl#029	event019.tbl	29	MSG	KKS	s_a21_025	STABLE_1G1S	839	城に残る残留思念たちが、<br>部屋の幻を作っていたのかもな…。	성에 남은 사람들의 마음이<br>방의 환상을 만든 걸지도 모르지…	<br>
922	922	event019.tbl#030	event019.tbl	30	MSG	SKR	s_a21_026	SPLIT_1S_TO_2G	840	そこまで……。	그렇게까지……	
923	923	event019.tbl#031	event019.tbl	31	MSG	SKR	s_a21_027	SPLIT_1S_TO_2G	840	そこまで…花澄姫は大事にされてたのね……。	그렇게까지… 카스미 공주는<br>소중히 여겨졌던 거네요……	
924	924	event019.tbl#032	event019.tbl	32	MSG	KKS	s_a21_028	EXCEPTION_1G1S	841	ああ…。	그래…	
925	925	event019.tbl#033	event019.tbl	33	MSG	KKS	s_a21_029	EXCEPTION_1G1S	842	<KOFF>（<KON>姫は必ず救い出すぞ……ナルト…！<KOFF>）<KON>	<KOFF>（<KON>공주를 반드시 구해내자… 나루토…!<KOFF>）<KON>	<KOFF> <KON> <KOFF> <KON>
926	926	event019.tbl#035	event019.tbl	35	MSG	KRH	s_a21_030	STABLE_1G1S	843	ハァハァ…。	하아하아…	
927	927	event019.tbl#036	event019.tbl	36	MSG		s_a20_032e	DIRECT_TRANSLATE		あんなに大きかった優しさが…<br>今の姉ちゃんに残ってねェわけねーだろ！！	그렇게나 큰 따뜻한 마음이… 지금<br>누나에게 남아 있지 않을 리 없잖아!!	<br>
928	928	event019.tbl#037	event019.tbl	37	MSG	KRH	s_a21_031	EXCEPTION_1G1S	845	く…私は……。	크… 나는……	
929	929	event019.tbl#038	event019.tbl	38	MSG		s_a21_032	STABLE_1G1S	847	やれやれ、こんな所で何をしているんだい？	이런, 이런… 이런 데서<br>뭘 하고 있는 거니?	
930	930	event019.tbl#039	event019.tbl	39	MSG	KRH		DIRECT_TRANSLATE		………！	………!	
931	931	event019.tbl#040	event019.tbl	40	MSG		s_a21_033	DIRECT_TRANSLATE		まったく…心に迷いを持つから<br>仮面にヒビが入ってるじゃないか…。	정말… 마음이 흔들리니까<br>가면에 금이 갔잖아…	<br>
932	932	event019.tbl#041	event019.tbl	41	MSG		s_a21_034	DIRECT_TRANSLATE		キミにはもっと働いてもらわないと、<br>困るんだけどね？	네가 좀 더 일해 주지 않으면<br>곤란한데?	<br>
933	933	event019.tbl#042	event019.tbl	42	MSG	KRH	s_a21_035	EXCEPTION_1G1S	850	は…はい……。	네… 네……	
934	934	event019.tbl#043	event019.tbl	43	MSG		s_a21_036	DIRECT_TRANSLATE		もし、次も彼らの始末を失敗するようなら…。	다음에도 녀석들을 처리하는 데 실패한다면…	
935	935	event019.tbl#044	event019.tbl	44	MSG		s_a21_037	DIRECT_TRANSLATE		その時は………キミを消すよ…？	그땐……… 널 없애 버릴 거야…?	
936	936	event019.tbl#045	event019.tbl	45	MSG	KRH	s_a21_038	EXCEPTION_1G1S	853	そ…そんな！！	그… 그럴 수가!!	
937	937	event019.tbl#046	event019.tbl	46	MSG		s_a21_039	DIRECT_TRANSLATE		そうなりたくなかったら、がんばることだね。<br>フフフ…。	그렇게 되지 않으려면 열심히 해야지.<br>후후후…	<br>
938	938	event019.tbl#047	event019.tbl	47	MSG	KRH	s_a21_040	EXCEPTION_1G1S	855	く………。	크………	
939	939	event020.tbl#001	event020.tbl	1	MSG		s_a22_001	DIRECT_TRANSLATE		来たな…。	왔군…	
940	940	event020.tbl#002	event020.tbl	2	MSG	NRT	s_a22_000	DIRECT_TRANSLATE		…！	…!	
941	941	event020.tbl#003	event020.tbl	3	MSG	KRH	s_a22_002	STABLE_1G1S	857	お前たちを消す…。<br>絶対に…。	너희들을 없애겠다…<br>반드시…	<br>
942	942	event020.tbl#004	event020.tbl	4	MSG	SKR	s_a22_003	STABLE_1G1S	858	え…？　<br>何か様子が違う…。	에…?<br>뭔가 상태가 달라…	<br>
943	943	event020.tbl#005	event020.tbl	5	MSG	NRT	s_a22_004	EXCEPTION_1G1S	859	姉ちゃん！！　<br>オレたちの話を聞いてくれ！！	누나!!<br>우리들의 얘기를 들어줘!!	<br>
944	944	event020.tbl#006	event020.tbl	6	MSG	KRH		DIRECT_TRANSLATE		………。	……….	
945	945	event020.tbl#007	event020.tbl	7	MSG	NRT	s_a22_006	DIRECT_TRANSLATE		な…！？	뭐…!?	
946	946	event020.tbl#008	event020.tbl	8	MSG	SIK	s_a22_007	STABLE_1G1S	860	おいおい！　<br>問答無用かよ！！	어이, 어이!<br>말도 안 듣고 다짜고짜냐!!	<br>
947	947	event020.tbl#009	event020.tbl	9	MSG	KRH	s_a22_009	STABLE_1G1S	861	くっ…！！　<br>まだ！！	큭...!!<br>아직이다!!	<br>
948	948	event020.tbl#010	event020.tbl	10	MSG	SKR	s_a22_010	STABLE_1G1S	862	これは…一体何が起きてるの…！？	이건… 대체 어떻게 된 일이지…?	
949	949	event020.tbl#011	event020.tbl	11	MSG	NRT	s_a22_011	STABLE_1G1S	863	姉ちゃん！　<br>大蛇丸は姉ちゃんのことを利用して…！！	누나! 오로치마루는<br>누나를 이용해서…!!	<br>
950	950	event020.tbl#012	event020.tbl	12	MSG	KRH	s_a22_012	STABLE_1G1S	864	うるさい！！	시끄러워!!!	
951	951	event020.tbl#013	event020.tbl	13	MSG	NRT		DIRECT_TRANSLATE		…！	…!	
952	952	event020.tbl#014	event020.tbl	14	MSG	KRH	s_a22_014	STABLE_1G1S	865	こいつ…！	이 녀석…!	
953	953	event020.tbl#015	event020.tbl	15	MSG	NRT	s_a22_013	STABLE_1G1S	866	姉ちゃん…落ち着いてくれよ！！	누나… 진정 좀 하라고!!	
954	954	event020.tbl#016	event020.tbl	16	MSG	NRT	s_a22_015	STABLE_1G1S	867	大蛇丸は…アイツは…<br>姉ちゃんをだましてるんだ…！	오로치마루는… 그 녀석은…<br>누나를 속이고 있다고!!	<br>
955	955	event020.tbl#017	event020.tbl	17	MSG	NRT	s_a22_016	STABLE_1G1S	868	だから…！	그러니까…!	
956	956	event020.tbl#018	event020.tbl	18	MSG	KRH	s_a22_017	STABLE_1G1S	869	うるさい…！　お前の言うことなど信じるか！！<br>いい加減に諦めろ！！	시끄러워…! 네 말 따위 믿을까보냐!!<br>이제 그만 포기하라고!!	<br>
957	957	event020.tbl#019	event020.tbl	19	MSG	NRT	s_a22_018	STABLE_1G1S	870	諦めてたまるか！！！	포기할까 보냐!!!	
958	958	event020.tbl#020	event020.tbl	20	MSG	KRH	s_a22_019	STABLE_1G1S	871	――！？	!?	
959	959	event020.tbl#021	event020.tbl	21	MSG	NRT	s_a22_020	STABLE_1G1S	872	オレは…あの三人と約束したんだ…！	난… 그 세 사람과 약속했다고…!	
960	960	event020.tbl#022	event020.tbl	22	MSG	KRH	s_a22_021	STABLE_1G1S	873	お前…何を…？	너… 대체 뭘…?	
961	961	event020.tbl#023	event020.tbl	23	MSG	NRT	s_a22_022	STABLE_1G1S	874	姉ちゃん…これ聴いてくれよ…！	누나… 이거 좀 들어봐…!	
962	962	event020.tbl#024	event020.tbl	24	MSG	NRT	s_a22_023	STABLE_1G1S	875	少しだけでいいから…、<br>昔の…あの優しい姉ちゃんを思い出してくれよ！	조금이라도 좋으니까…<br>옛날의… 그 상냥한 누나를 떠올려 줘!	<br>
963	963	event020.tbl#025	event020.tbl	25	MSG	KRH	s_a22_024	STABLE_1G1S	876	そ…それは！！？	그… 그건!!?	
964	964	event020.tbl#026	event020.tbl	26	MSG	KRH	s_a22_025	STABLE_1G1S	877	――！	…!	
965	965	event020.tbl#027	event020.tbl	27	MSG	KRH	s_a22_026	DIRECT_TRANSLATE		あ……ああ……！	아…… 아아……!	
966	966	event020.tbl#028	event020.tbl	28	MSG	NRT	s_a22_027	STABLE_1G1S	878	この音色…忘れたわけじゃねーよな？	이 소리… 잊은 건 아니지?	
967	967	event020.tbl#029	event020.tbl	29	MSG	NRT	s_a22_028	STABLE_1G1S	879	姉ちゃんが大好きな………あの音色だろ…？	누나가 정말 좋아했던… 그 소리잖아…?	
968	968	event020.tbl#030	event020.tbl	30	MSG	KRH	s_a22_029	STABLE_1G1S	880	うう…。	으으...	
969	969	event020.tbl#031	event020.tbl	31	MSG	KKS	s_a22_030	STABLE_1G1S	881	花澄姫…あの時、みんなが何と言ったか<br>覚えていますか？	카스미 공주… 그때 사람들이 뭐라고<br>했는지 기억하십니까?	<br>
970	970	event020.tbl#032	event020.tbl	32	MSG	KRH	s_a22_031	STABLE_1G1S	882	く………。	크...	
971	971	event020.tbl#033	event020.tbl	33	MSG		s_a13_013e	DIRECT_TRANSLATE		姫様、アナタが私たちのことを<br>想ってくださることと同じように……、	공주님, 당신이 저희를<br>생각해 주시는 것처럼……	<br>
972	972	event020.tbl#034	event020.tbl	34	MSG		s_a13_014e	DIRECT_TRANSLATE		私たちもまた…<br>アナタのことを想っているんですよ。	저희도 역시…<br>공주님을 생각하고 있어요.	<br>
973	973	event020.tbl#035	event020.tbl	35	MSG	KRH	s_a22_032	STABLE_1G1S	885	み……みん…な…。	모… 모두…	
974	974	event020.tbl#036	event020.tbl	36	MSG	NRT	s_a22_033	STABLE_1G1S	886	姉ちゃん！　みんなは今の姉ちゃんの姿なんか<br>望んでねェ！！	누나! 다들 지금의 누나 모습을<br>바라지 않아!!	<br>
975	975	event020.tbl#037	event020.tbl	37	MSG	KRH	s_a22_034	MERGE_SUBTITLE_PARTS_TO_1G	887 888	う…るさ…い。<br>私は…木ノ葉に…復讐を……。	시… 시끄러워…<br>난… 나뭇잎 마을에… 복수를……	<br>
976	976	event020.tbl#038	event020.tbl	38	MSG	NRT	s_a22_035	STABLE_1G1S	889	みんなの望みは木ノ葉に仕返しを<br>することだったか！！？	모두의 바람이 나뭇잎 마을에<br>복수하는 거였냐고!!?	<br>
977	977	event020.tbl#039	event020.tbl	39	MSG	KRH	s_a22_036	DIRECT_TRANSLATE		っ…！	큭…!	
978	978	event020.tbl#040	event020.tbl	40	MSG	NRT	s_a22_037	STABLE_1G1S	890	違うだろ！！　みんな…姉ちゃんの<br>“幸せ”を願っていたはずだ！！	아니잖아!! 다들… 누나의<br>'행복'을 바랐을 거야!!	<br>
979	979	event020.tbl#041	event020.tbl	41	MSG		s_a13_016e	DIRECT_TRANSLATE		姫様…私たちはアナタのおかげで幸せです。<br>だからアナタも幸せになってください。	공주님… 저희는 공주님 덕분에 행복합니다.<br>그러니 공주님도 행복해지세요.	<br>
980	980	event020.tbl#042	event020.tbl	42	MSG	NRT	s_a22_038	EXCEPTION_1G1S	892	今の姉ちゃんは幸せか！！？　<br>違うだろ！	지금 누나는 행복해!?<br>아니잖아!!	<br>
981	981	event020.tbl#043	event020.tbl	43	MSG	KRH	s_a22_039	STABLE_1G1S	893	うう…！！	으으…!!	
982	982	event020.tbl#044	event020.tbl	44	MSG	NRT	s_a22_040	STABLE_1G1S	894	姉ちゃんは……みんなの想いを…、<br>無駄にしていいのかよ！！！！	누나는… 모두의 마음을…<br>헛되게 해도 되는 거냐고!!!!	<br>
983	983	event020.tbl#045	event020.tbl	45	MSG	KRH	s_a22_042	STABLE_1G1S	895	ぐう…う。<br>みん…な……。	으… 으으…<br>모… 모두……	<br>
984	984	event020.tbl#046	event020.tbl	46	MSG	NRT	s_a22_043	STABLE_1G1S	896	少しでもいいから…、<br>あの優しさを取りもどしてくれよ…！	조금이라도 좋으니까…<br>그 따뜻한 마음을 되찾아 줘…!	<br>
985	985	event020.tbl#047	event020.tbl	47	MSG	KRH	s_a22_044	STABLE_1G1S	897	う…うう…ううう…！！	으… 으으… 으으으…!!	
986	986	event020.tbl#048	event020.tbl	48	MSG	KRH	s_a22_045	STABLE_1G1S	898	うるさいうるさいうるさーーーーい！！！！	시끄러워 시끄러워 시끄러워――――!!!!	
987	987	event020.tbl#049	event020.tbl	49	MSG	NRT		DIRECT_TRANSLATE		…！	…!	
988	988	event020.tbl#050	event020.tbl	50	MSG	KKS	s_a22_046	STABLE_1G1S	899	三代目！？	3대 호카게님!?	
989	989	event020.tbl#051	event020.tbl	51	MSG	KRH	s_a22_047	STABLE_1G1S	900	私を惑わすな！　私にウソをつくな！　<br>お前たちは…消えろーーー！！！	날 현혹하지 마! 나한테 거짓말하지 마!<br>너희들은… 사라져라―――!!!	<br>
990	990	event020.tbl#052	event020.tbl	52	MSG	SIK	s_a22_049	STABLE_1G1S	901	くそっ…いねェ！	젠장… 사라졌어!	
991	991	event020.tbl#053	event020.tbl	53	MSG	NRT	s_a22_050	STABLE_1G1S	902	ここまで来たんだ…！<br>絶対に逃がさねー！！！	여기까지 왔다고…!<br>절대 놓치지 않겠어!!!	<br>
992	992	event020.tbl#054	event020.tbl	54	MSG	SIK	s_a22_051	STABLE_1G1S	903	バカ！　<br>一人でつっ走るな！！	이 바보!<br>혼자서 뛰쳐나가지 마!!!	<br>
993	993	event020.tbl#055	event020.tbl	55	MSG	SKR	s_a22_052	STABLE_1G1S	904	駄目…行っちゃったわ…。	안 돼… 가버렸어…	
994	994	event020.tbl#056	event020.tbl	56	MSG	KKS	s_a22_053	STABLE_1G1S	905	アイツ一人じゃ危険過ぎる。<br>追うぞ！	저 녀석 혼자서는 너무 위험해.<br>쫓아가자!	<br>
995	995	event021.tbl#001	event021.tbl	1	MSG	KRH	s_a23_000	STABLE_1G1S	906	ハァハァ！	하아… 하아…	
996	996	event021.tbl#002	event021.tbl	2	MSG		s_a22_015e	DIRECT_TRANSLATE		大蛇丸は…アイツは<br>姉ちゃんをだましてるんだ…！	오로치마루는… 그 녀석은<br>누나를 속이고 있어…!	<br>
997	997	event021.tbl#003	event021.tbl	3	MSG		s_a22_043e	DIRECT_TRANSLATE		少しでもいいから…、<br>あの優しさを取りもどしてくれよ。	조금이라도 좋으니까…<br>그 따뜻한 마음을 되찾아 줘.	<br>
998	998	event021.tbl#004	event021.tbl	4	MSG	KRH	s_a23_001	MERGE_SUBTITLE_PARTS_TO_1G	909 910	ハァハァ…。　<br>ヤツの言うことなど…ウソに決まっている…。	하아… 하아… 그 녀석이 하는<br>말 따위… 거짓말일 게 뻔해…	<br>
999	999	event021.tbl#005	event021.tbl	5	MSG	KRH	s_a23_002	STABLE_1G1S	911	<KOFF>（<KON>なのに……何故…こんなに心が揺れる…？<KOFF>）<KON>	<KOFF>（<KON>그런데… 어째서… 이렇게<br>마음이 흔들리는 거지…?<KOFF>）<KON>	<KOFF> <KON> <KOFF> <KON>
1000	1000	event021.tbl#006	event021.tbl	6	MSG	KRH	s_a23_003	STABLE_1G1S	912	うう…う……。	으으… 으……	
1001	1001	event021.tbl#007	event021.tbl	7	MSG		s_a23_004	DIRECT_TRANSLATE		まったく…失敗を続けることはないだろうと<br>思っていたのに…。	정말이지… 또 실패하진 않을 거라<br>생각했는데…	<br>
1002	1002	event021.tbl#008	event021.tbl	8	MSG	KRH	s_a23_005	STABLE_1G1S	914	カ…カブト…さま…。	카… 카부토… 님…	
1003	1003	event021.tbl#009	event021.tbl	9	MSG	KBT	s_a23_006	DIRECT_TRANSLATE		キミには…ほとほと呆れたよ…。	너한테는… 정말 질렸어…	
1004	1004	event021.tbl#010	event021.tbl	10	MSG	KBT	s_a23_007	EXCEPTION_1G1S	915	ここまで失敗を繰り返すとはね…。	이렇게까지 실패를 반복할 줄이야...	
1005	1005	event021.tbl#011	event021.tbl	11	MSG	KRH		DIRECT_TRANSLATE		………。	……….	
1006	1006	event021.tbl#012	event021.tbl	12	MSG	KBT	s_a23_008	MERGE_SUBTITLE_PARTS_TO_1G	916 917	夕霧の民を生き返らせたいんだろ？　<br>だったら大蛇丸様の役に立たないと。	저녁안개 백성들을 되살리고 싶잖아?<br>그렇다면 오로치마루 님께 도움이 돼야지.	<br>
1007	1007	event021.tbl#013	event021.tbl	13	MSG	KRH	s_a23_009	STABLE_1G1S	918	そ…そのことなんですが…。	그… 그거 말입니다만…	
1008	1008	event021.tbl#014	event021.tbl	14	MSG	KRH	s_a23_010	STABLE_1G1S	919	それは本当ですよね。<br>ウソじゃないですよね？　	그거 정말이죠?<br>거짓말 아니죠?	<br>
1009	1009	event021.tbl#015	event021.tbl	15	MSG	KRH	s_a23_011	STABLE_1G1S	920	木ノ葉を滅ぼせば…、<br>みんなを生き返らせてくれるんですよね…！？	나뭇잎 마을을 멸망시키면…<br>모두를 되살려 주시는 거죠…!?	<br>
1010	1010	event021.tbl#016	event021.tbl	16	MSG	KBT		EXCEPTION_UNVOICED_1G1S	921	…………。	………….	
1011	1011	event021.tbl#017	event021.tbl	17	MSG	KBT	s_a23_012	STABLE_1G1S	922	フフフ……当然じゃないか…。<br>大蛇丸様がウソをつくとでも…？	후후후… 당연하잖아…<br>오로치마루 님이 거짓말할 것 같아…?	<br>
1012	1012	event021.tbl#018	event021.tbl	18	MSG	KRH	s_a23_013	STABLE_1G1S	923	そ…そうですよね…。	그… 그렇죠…	
1013	1013	event021.tbl#019	event021.tbl	19	MSG	NRT	s_a23_014	STABLE_1G1S	924	ウソだッ！！！！	거짓말이야!!!	
1014	1014	event021.tbl#020	event021.tbl	20	MSG	KRH	s_a23_015	EXCEPTION_1G1S	925	！？	!?	
1015	1015	event021.tbl#021	event021.tbl	21	MSG	KBT	s_a23_017	STABLE_1G1S	926	ナルトくん…。	나루토 군…	
1016	1016	event021.tbl#022	event021.tbl	22	MSG	NRT	s_a23_016	STABLE_1G1S	927	だまされちゃ駄目だ！！　<br>コイツらは姉ちゃんを利用したいだけだ！！	속으면 안 돼!!<br>이 녀석들은 누나를 이용하려는 것뿐이야!!	<br>
1017	1017	event021.tbl#023	event021.tbl	23	MSG	NRT	s_a23_018	MERGE_SUBTITLE_PARTS_TO_1G	928 929	ウソしか言わねェ！　人をだますことしか考えてねェ！<br>コイツらの言葉を信じちゃ駄目だッ！！！	거짓말만 해! 사람을 속일 생각뿐이야!<br>이 녀석들 말을 믿으면 안 돼!!!	<br>
1018	1018	event021.tbl#024	event021.tbl	24	MSG	KRH	s_a23_019	MERGE_SUBTITLE_PARTS_TO_1G	930 931	く……お前など信じてたまるか…。<br>私は大蛇丸様を…信じる…。	큭…… 너 따위를 믿을까 보냐…<br>난 오로치마루 님을… 믿어…	<br>
1019	1019	event021.tbl#025	event021.tbl	25	MSG	NRT	s_a23_020	STABLE_1G1S	932	姉ちゃん！！！　<br>姉ちゃんの心がそう言ってんのか！？	누나!!<br>누나 마음이 그렇게 말하는 거야!?	<br>
1020	1020	event021.tbl#026	event021.tbl	26	MSG	NRT	s_a23_021	STABLE_1G1S	933	コイツらが信用できるって…<br>本当に思ってんのか！！！	이 녀석들을 믿을 수 있다고…<br>정말 그렇게 생각하냐고!!	<br>
1021	1021	event021.tbl#027	event021.tbl	27	MSG	KRH	s_a23_022	EXCEPTION_1G1S	934	う……。	으…….	
1022	1022	event021.tbl#028	event021.tbl	28	MSG	NRT	s_a23_023	STABLE_1G1S	935	オレは絶対にウソはつかな……<br>うッ！？	난 절대 거짓말은 안…<br>으윽!?	<br>
1023	1023	event021.tbl#029	event021.tbl	29	MSG	KRH	s_a23_024	STABLE_1G1S	936	……！？	……!?	
1024	1024	event021.tbl#030	event021.tbl	30	MSG	NRT	s_a23_025	STABLE_1G1S	937	体が…動か…ねぇ……。	몸이… 안… 움직여…	
1025	1025	event021.tbl#031	event021.tbl	31	MSG	KBT	s_a23_026	STABLE_1G1S	938	ナルトくん、あまりしつこいと嫌われるよ。	나루토 군, 너무 끈질기면 미움받는다고.	
1026	1026	event021.tbl#032	event021.tbl	32	MSG	NRT	s_a23_027	STABLE_1G1S	939	何を…しやがっ…た……！	무슨 짓을… 한 거냐…!	
1027	1027	event021.tbl#033	event021.tbl	33	MSG	KBT	s_a23_028	STABLE_1G1S	940	なぁに…ちょっとした幻術縛りさ。	별거 아냐… 간단한 결박환술이야.	
1028	1028	event021.tbl#034	event021.tbl	34	MSG	NRT	s_a23_029	STABLE_1G1S	941	く……。	큭…	
1029	1029	event021.tbl#035	event021.tbl	35	MSG	NRT	s_a23_030	STABLE_1G1S	942	姉ちゃんを…城の人を…、<br>むちゃくちゃに…しやがっ…て！！	누나랑… 성 사람들을…<br>엉망으로… 만들어 놓고!!	<br>
1030	1030	event021.tbl#036	event021.tbl	36	MSG	NRT	s_a23_031	STABLE_1G1S	943	許せないっ…てばよ…！	용서… 못 한다니깐…!	
1031	1031	event021.tbl#037	event021.tbl	37	MSG	KBT	s_a23_032	STABLE_1G1S	944	まったく…。<br>その状態でよく吠えるね。	정말이지…<br>그 상태로도 잘 떠드는군.	<br>
1032	1032	event021.tbl#038	event021.tbl	38	MSG	NRT	s_a23_033	STABLE_1G1S	945	絶対に……許すわけ…には…<br>いかねェ…ってばよ…！	절대로… 용서할…<br>수는… 없단… 말야…!	<br>
1033	1033	event021.tbl#039	event021.tbl	39	MSG	KBT	s_a23_034	STABLE_1G1S	946	ふー…相変わらずキミはうるさいね。<br>正直…目障りだよ。	후… 여전히 넌 시끄럽구나.<br>솔직히… 거슬려.	<br>
1034	1034	event021.tbl#040	event021.tbl	40	MSG	NRT	s_a23_035	STABLE_1G1S	947	な…なにィ…！	뭐… 뭐라고…!	
1035	1035	event021.tbl#041	event021.tbl	41	MSG	KBT	s_a23_036	STABLE_1G1S	948	さっさと消えてもらうか…。<br>ねえ…花澄くん？	빨리 없애버릴까…<br>그렇지, 카스미?	<br>
1036	1036	event021.tbl#042	event021.tbl	42	MSG	KRH	s_a23_037	STABLE_1G1S	949	え…。	에…	
1037	1037	event021.tbl#043	event021.tbl	43	MSG	KBT	s_a23_038	STABLE_1G1S	950	動くことのできないただのガキだったら、<br>キミでもたやすく葬れるだろう？	움직일 수도 없는 평범한 꼬맹이라면<br>너라도 손쉽게 해치울 수 있겠지?	<br>
1038	1038	event021.tbl#044	event021.tbl	44	MSG	KRH	s_a23_039	DIRECT_TRANSLATE		――！	――!	
1039	1039	event021.tbl#045	event021.tbl	45	MSG	NRT	s_a23_040	STABLE_1G1S	951	な、なん…だと……！	뭐… 뭐라고…!?	
1040	1040	event021.tbl#046	event021.tbl	46	MSG	KBT	s_a23_041	STABLE_1G1S	952	最後のチャンスだ…そのガキを葬れば、<br>キミの失敗を許してあげよう…。	마지막 기회다… 저 꼬마를 처리하면<br>네 실패를 용서해 주지…	<br>
1041	1041	event021.tbl#047	event021.tbl	47	MSG	NRT		DIRECT_TRANSLATE		……！	……!	
1042	1042	event021.tbl#048	event021.tbl	48	MSG	KBT	s_a23_043	STABLE_1G1S	953	さあ、そのガキを始末するんだ。	자, 저 꼬마를 처리해.	
1043	1043	event021.tbl#049	event021.tbl	49	MSG	KRH	s_a23_044	EXCEPTION_1G1S	954	は…はい。	네… 네.	
1044	1044	event021.tbl#050	event021.tbl	50	MSG	NRT	s_a23_045	STABLE_1G1S	955	くっ……。	큭…….	
1045	1045	event021.tbl#051	event021.tbl	51	MSG	KRH		DIRECT_TRANSLATE		……。	…….	
1046	1046	event021.tbl#052	event021.tbl	52	MSG	NRT	s_a23_046	DIRECT_TRANSLATE		思い出し…て…くれ…。<br>みんな…を…。	기억해… 줘…<br>모두를……	<br>
1047	1047	event021.tbl#053	event021.tbl	53	MSG	KRH		DIRECT_TRANSLATE		……！	……!	
1048	1048	event021.tbl#054	event021.tbl	54	MSG_FORCED		s_a23_047	DIRECT_TRANSLATE		幸せになってください。	행복해지세요.	
1049	1049	event021.tbl#055	event021.tbl	55	MSG	KBT	s_a23_048	STABLE_1G1S	957	どうした？　<br>早く始末するんだ。	왜 그러지?<br>빨리 처리해.	<br>
1050	1050	event021.tbl#056	event021.tbl	56	MSG	KRH	s_a23_049	EXCEPTION_1G1S	958	……でき…ません…。	…못… 합니다…	
1051	1051	event021.tbl#057	event021.tbl	57	MSG	KBT	s_a23_050	STABLE_1G1S	959	…何を言ってる？	…뭐라고?	
1052	1052	event021.tbl#058	event021.tbl	58	MSG	KBT	s_a23_051	STABLE_1G1S	960	キミは亡くなった夕霧の民を<br>生き返らせたいんだろ？	죽은 저녁안개 백성들을<br>되살리고 싶은 거잖아?	<br>
1053	1053	event021.tbl#059	event021.tbl	59	MSG	KBT	s_a23_052	STABLE_1G1S	961	だから、大蛇丸様に忠誠を誓った…。<br>“全てを大蛇丸様に捧げる”ってね。	그래서 오로치마루 님에게 충성을 맹세했지…<br>'모든 걸 오로치마루 님께 바친다'고…	<br>
1054	1054	event021.tbl#060	event021.tbl	60	MSG	KRH	s_a23_053	MERGE_SUBTITLE_PARTS_TO_1G	962 963	確かに…そう言いました。<br>でも…できないんです…。	분명… 그렇게 말했습니다.<br>하지만… 못 하겠어요…	<br>
1055	1055	event021.tbl#061	event021.tbl	61	MSG	KBT	s_a23_054	STABLE_1G1S	964	なぜ…？	왜지…?	
1056	1056	event021.tbl#062	event021.tbl	62	MSG	KRH		DIRECT_TRANSLATE		…………。	………….	
1057	1057	event021.tbl#063	event021.tbl	63	MSG	KRH	s_a23_055	STABLE_1G1S	965	思い出したから……。<br>みんなの言葉を……。	떠올렸으니까……<br>다들 해준 말을……	<br>
1058	1058	event021.tbl#064	event021.tbl	64	MSG	KRH	s_a23_056	STABLE_1G1S	966	幸せになってって……、<br>みんなが言ってくれた……。	행복해지라고……<br>다들 말해줬어……	<br>
1059	1059	event021.tbl#065	event021.tbl	65	MSG	KRH	s_a23_058	MERGE_SUBTITLE_PARTS_TO_1G	967 968	それを…この子が…思い出させてくれた…。<br>だから…私は……。	그걸… 이 아이가… 떠올리게 해 줬어…<br>그러니까… 나는……	<br>
1060	1060	event021.tbl#066	event021.tbl	66	MSG	NRT	s_a23_057	STABLE_1G1S	969	ねえ…ちゃん……。	누… 나……	
1061	1061	event021.tbl#067	event021.tbl	67	MSG	KBT	s_a23_059	STABLE_1G1S	970	花澄くん…今になって<br>大蛇丸様を裏切る気なのかい？	카스미… 이제 와서<br>오로치마루 님을 배신할 셈이냐?	<br>
1062	1062	event021.tbl#068	event021.tbl	68	MSG	KRH		DIRECT_TRANSLATE		…………。	………….	
1063	1063	event021.tbl#069	event021.tbl	69	MSG	KBT		DIRECT_TRANSLATE		………。	……….	
1064	1064	event021.tbl#070	event021.tbl	70	MSG	KBT	s_a23_060	DIRECT_TRANSLATE		ふー………ここまでのようだね。	후우……… 여기까지인 모양이네.	
1065	1065	event021.tbl#071	event021.tbl	71	MSG	KRH	s_a23_061	EXCEPTION_1G1S	971	カブト…さま…？	카부토… 님…?	
1066	1066	event021.tbl#072	event021.tbl	72	MSG	KBT	s_a23_062	STABLE_1G1S	972	命令違反はできそこないの<br>“おもちゃ”がやることだ。	명령을 어기는 건 실패작인<br>'장난감'이 하는 짓이지.	<br>
1067	1067	event021.tbl#073	event021.tbl	73	MSG	KRH	s_a23_063	STABLE_1G1S	973	な…何を！？	무… 무슨 소리야!?	
1068	1068	event021.tbl#074	event021.tbl	74	MSG	KBT	s_a23_064	STABLE_1G1S	974	悪いけど…キミにはこの巻物の中で<br>眠ってもらおう…永久にね…。	미안하지만… 넌 이 두루마리 안에서<br>영원히 잠들어 줘야겠어…	<br>
1069	1069	event021.tbl#075	event021.tbl	75	MSG	KRH	s_a23_065	STABLE_1G1S	975	え…！？	에…!?	
1070	1070	event021.tbl#076	event021.tbl	76	MSG	KBT	s_a23_066	STABLE_1G1S	976	せっかく、幻影を操る仮面をあげたのに、<br>キミはそれを上手く利用できなかった…。	모처럼 환영을 조종하는 가면을 줬는데,<br>넌 그걸 제대로 활용하지 못했어…	<br>
1071	1071	event021.tbl#077	event021.tbl	77	MSG	KBT	s_a23_067	STABLE_1G1S	977	所詮…キミは失敗作の“おもちゃ”だったんだ。<br>もう大蛇丸様に顔向けできないだろ？	결국… 넌 실패작인 '장난감'이었어.<br>이젠 오로치마루 님을 볼 면목이 없겠지?	<br>
1072	1072	event021.tbl#078	event021.tbl	78	MSG	KBT	s_a23_068	STABLE_1G1S	978	だから…キミはここでお役ごめんだ。	그러니까… 넌 여기서 끝이야.	
1073	1073	event021.tbl#079	event021.tbl	79	MSG	KRH	s_a23_069	STABLE_1G1S	979	そ…そんな…。	그… 그럴 수가…	
1074	1074	event021.tbl#080	event021.tbl	80	MSG	KBT	s_a23_070	STABLE_1G1S	980	ああ、そうだ。　<br>最後にひとつだけいいことを教えてあげよう。	아, 맞다.<br>마지막으로 하나 좋은 걸 알려주지.	<br>
1075	1075	event021.tbl#081	event021.tbl	81	MSG	NRT		DIRECT_TRANSLATE		……！	……!	
1076	1076	event021.tbl#082	event021.tbl	82	MSG	KBT	s_a23_072	STABLE_1G1S	981	そこのナルトくんが言うとおり、<br>全ては大蛇丸様が計画されたこと。	저기 있는 나루토 군 말대로,<br>전부 오로치마루 님이 계획한 일이야.	<br>
1077	1077	event021.tbl#083	event021.tbl	83	MSG	KBT	s_a23_073	STABLE_1G1S	982	大蛇丸様が口寄せ用の城を欲しがられてね。<br>キミの城に白羽の矢が立ったのさ。	오로치마루 님께 소환용 성이 필요해서<br>말야. 네 성이 선택된 거지.	<br>
1078	1078	event021.tbl#084	event021.tbl	84	MSG	KRH	s_a23_074	DIRECT_TRANSLATE		！！！	!!!	
1079	1079	event021.tbl#085	event021.tbl	85	MSG	KBT	s_a23_075	STABLE_1G1S	983	フフフ…。	후후후...	
1080	1080	event021.tbl#086	event021.tbl	86	MSG	KRH	s_a23_076	STABLE_1G1S	984	ま…まさか……じゃあ…、<br>木ノ葉に襲われたっていうのは…。	서… 설마…… 그럼…<br>나뭇잎에게 습격당했다는 건……	<br>
1081	1081	event021.tbl#087	event021.tbl	87	MSG	KBT	s_a23_077	STABLE_1G1S	985	もう分かってるだろ？　<br>全ては大蛇丸様が“計画”されたこと…。	이제 알겠지?<br>전부 오로치마루 님이 '계획'한 일…	<br>
1082	1082	event021.tbl#088	event021.tbl	88	MSG	KRH	s_a23_078	SPLIT_1S_TO_2G	986	――！！！	――!!!	
1083	1083	event021.tbl#089	event021.tbl	89	MSG	KRH	s_a23_080	SPLIT_1S_TO_2G	986	そ…そんな…。	그… 그럴 수가…	
1084	1084	event021.tbl#090	event021.tbl	90	MSG	KBT	s_a23_081	STABLE_1G1S	987	…さて、お喋りが過ぎたね。<br>そろそろお別れの時間だ。	이런… 수다가 길었군.<br>슬슬 작별할 시간이야.	<br>
1085	1085	event021.tbl#091	event021.tbl	91	MSG	NRT	s_a23_082	STABLE_1G1S	988	<KOFF>（<KON>う…ご…け……う…ごけ…<KOFF>）<KON>	<KOFF>（<KON>움… 직… 여…… 움… 직여…<KOFF>）<KON>	<KOFF> <KON> <KOFF> <KON>
1086	1086	event021.tbl#092	event021.tbl	92	MSG	KRH	s_a23_083	EXCEPTION_1G1S	989	う…うう…。	으… 으으…	
1087	1087	event021.tbl#093	event021.tbl	93	MSG	NRT	s_a23_084	STABLE_1G1S	990	<KOFF>（<KON>うごけ…！<KOFF>）<KON>	<KOFF>（<KON>움직여…!<KOFF>）<KON>	<KOFF> <KON> <KOFF> <KON>
1088	1088	event021.tbl#094	event021.tbl	94	MSG	KBT	s_a23_085	DIRECT_TRANSLATE		封印術…。	봉인술…	
1089	1089	event021.tbl#095	event021.tbl	95	MSG	NRT	s_a23_086	DIRECT_TRANSLATE		うごけェーーー！！！	움직여어어어!!!	
1090	1090	event021.tbl#096	event021.tbl	96	MSG_FORCED	KBT	s_a23_087	EXCEPTION_1G1S	991	心力封印！！	심력봉인!!	
1091	1091	event021.tbl#097	event021.tbl	97	MSG	KBT	s_a23_088	STABLE_1G1S	992	なっ！！	뭐!!	
1092	1092	event021.tbl#098	event021.tbl	98	MSG	KRH	s_a23_089	DIRECT_TRANSLATE		！！！！	!!!!	
1093	1093	event021.tbl#099	event021.tbl	99	MSG	NRT	s_a23_090	STABLE_1G1S	993	な…何とか間に合ったってばよ…。	어… 어떻게든 막았다니깐…	
1094	1094	event021.tbl#100	event021.tbl	100	MSG	KBT	s_a23_091	STABLE_1G1S	994	ナルトくん！？　<br>あの幻術縛りを…！？	나루토 군!?<br>그 결박환술을…!?	<br>
1095	1095	event021.tbl#101	event021.tbl	101	MSG	KRH	s_a23_092	EXCEPTION_1G1S	995	な…何で…！	어… 어째서…!	
1096	1096	event021.tbl#102	event021.tbl	102	MSG	NRT	s_a23_093	EXCEPTION_1G1S	996	へ…へへへ……、<br>敵じゃ…ねーから…。	헤… 헤헤헤……<br>적이… 아니니까…	<br>
1097	1097	event021.tbl#103	event021.tbl	103	MSG	KRH	s_a23_094	DIRECT_TRANSLATE		え……。	어……?	
1098	1098	event021.tbl#104	event021.tbl	104	MSG	NRT	s_a23_095	STABLE_1G1S	998	姉ちゃんも……あの…大蛇丸に…<br>だまされた…被害者…だか…ら…。	누나도… 그 오로치마루한테…<br>속은 피해자…니까…	<br>
1099	1099	event021.tbl#105	event021.tbl	105	MSG	NRT	s_a23_096	STABLE_1G1S	999	だから…絶対…オレが…守る…！	그러니까… 반드시… 내가… 지킬 거야…!	
1100	1100	event021.tbl#106	event021.tbl	106	MSG	KRH	s_a23_097	DIRECT_TRANSLATE		――！	――!	
1101	1101	event021.tbl#107	event021.tbl	107	MSG	NRT	s_a23_098	STABLE_1G1S	1001	それが……木ノ葉流だ！	그게…… 나뭇잎식이다!	
1102	1102	event021.tbl#108	event021.tbl	108	MSG	KBT	s_a23_099	STABLE_1G1S	1002	やれやれ…ホント、口だけは達者だね。<br>キミは…。	이런… 정말 입만 살아 있군,<br>넌…	<br>
1103	1103	event021.tbl#109	event021.tbl	109	MSG	KBT	s_a23_100	STABLE_1G1S	1003	守る？　生気を封じ込まれ、<br>動くことすらままならない今のキミが…、	지킨다고? 생기를 봉인당해<br>움직일 수도 없는 지금의 네가…	<br>
1104	1104	event021.tbl#110	event021.tbl	110	MSG	KBT	s_a23_101	STABLE_1G1S	1004	どうやってそこの“おもちゃ”を守ろうと<br>考えているんだい？	어떻게 저 '장난감'을 지킬 수 있다고<br>생각하는 거지?	<br>
1105	1105	event021.tbl#111	event021.tbl	111	MSG	NRT	s_a23_102	STABLE_1G1S	1005	く…。	큭…	
1106	1106	event021.tbl#112	event021.tbl	112	MSG	KBT	s_a23_103	STABLE_1G1S	1006	フン…ガキはいつでも無計画で<br>自分の立場を考えない…。	흥, 철부지는 언제나 계획도 없고<br>자신의 입장을 생각하지 않지...	<br>
1107	1107	event021.tbl#113	event021.tbl	113	MSG	KBT	s_a23_104	STABLE_1G1S	1007	だから…ボクを苛立たせる…。	그래서… 날 화나게 해…	
1108	1108	event021.tbl#114	event021.tbl	114	MSG	KBT	s_a23_112	STABLE_1G1S	1013	へえ…まさかキミがここに現れるなんてね。	해에… 설마 네가 여기 나타날 줄이야.	
1109	1109	event021.tbl#115	event021.tbl	115	MSG	GAR		DIRECT_TRANSLATE		………。	……….	
1110	1110	event021.tbl#116	event021.tbl	116	MSG	KBT	s_a23_113	EXCEPTION_1G1S	1014	<KOFF>（<KON>チィ…木ノ葉が応援を頼んでいたのか…。<br>　手回しのいい…<KOFF>）<KON>	<KOFF>（<KON>쳇… 나뭇잎 마을이 지원을 요청했나…<br>손을 빨리 썼군…<KOFF>）<KON>	<KOFF> <KON> <br> <KOFF> <KON>
1111	1111	event021.tbl#117	event021.tbl	117	MSG	KBT	s_a23_114	STABLE_1G1S	1015	まあいい。<br>ここは一度退くか…。	뭐, 좋아.<br>지금은 일단 물러나지…	<br>
1112	1112	event021.tbl#118	event021.tbl	118	MSG	GAR		DIRECT_TRANSLATE		………。	……….	
1113	1113	event021.tbl#119	event021.tbl	119	MSG	SKR	s_a23_117	STABLE_1G1S	1016	ナルト！？	나루토!?	
1114	1114	event021.tbl#120	event021.tbl	120	MSG	SIK	s_a23_115	DIRECT_TRANSLATE		おい！？	야!?	
1115	1115	event021.tbl#121	event021.tbl	121	MSG	NRT	s_a23_116	STABLE_1G1S	1017	う…うう…！	으… 으으…!	
1116	1116	event021.tbl#122	event021.tbl	122	MSG	KKS	s_a23_118	STABLE_1G1S	1018	まったく無茶ばかりして…。	정말이지… 무리만 하고…	
1117	1117	event021.tbl#123	event021.tbl	123	MSG	NRT	s_a23_119	STABLE_1G1S	1019	ううっ！	으윽!	
1118	1118	event021.tbl#124	event021.tbl	124	MSG	HNT	s_a23_120	STABLE_1G1S	1020	ナ…ナルトくん…！？	나… 나루토 군…!?	
1119	1119	event021.tbl#125	event021.tbl	125	MSG	NEJ		DIRECT_TRANSLATE		………。	……….	
1120	1120	event021.tbl#126	event021.tbl	126	MSG	NEJ	s_a23_121	STABLE_1G1S	1021	これは…。	이건…	
1121	1121	event021.tbl#127	event021.tbl	127	MSG	NEJ	s_a23_122	STABLE_1G1S	1022	まずいぞ…ナルトのチャクラ…、<br>いや全ての心肺機能が急速に弱ってきている。	위험하다… 나루토의 차크라… 아니,<br>심폐 기능 전체가 빠르게 약해지고 있어.	<br>
1122	1122	event021.tbl#128	event021.tbl	128	MSG	KRH		DIRECT_TRANSLATE		……。	…….	
1123	1123	event021.tbl#129	event021.tbl	129	MSG		s_a23_095e	DIRECT_TRANSLATE		姉ちゃんも……あの…大蛇丸に…<br>だまされた…被害者だから…。	누나도…… 저… 오로치마루에게…<br>속은 피해자니까…	<br>
1124	1124	event021.tbl#130	event021.tbl	130	MSG		s_a23_096e	DIRECT_TRANSLATE		だから…絶対…オレが…守る…！	그러니까… 반드시… 내가… 지킬게…!	
1125	1125	event021.tbl#131	event021.tbl	131	MSG	KRH		DIRECT_TRANSLATE		……………。	……………	
1126	1126	event021.tbl#132	event021.tbl	132	MSG	KRH	s_a23_123	EXCEPTION_1G1S	1025	…来て…。	…와…	
1127	1127	event021.tbl#133	event021.tbl	133	MSG	KKS	s_a23_124	STABLE_1G1S	1026	？	?	
1128	1128	event021.tbl#134	event021.tbl	134	MSG	KRH	s_a23_125	STABLE_1G1S	1027	私に…ついて来て…。	나를… 따라와…	
1129	1129	event021.tbl#135	event021.tbl	135	MSG	SKR	s_a23_126	STABLE_1G1S	1028	どういうこと…？	무슨 소리야…?	
1130	1130	event021.tbl#136	event021.tbl	136	MSG	KRH	s_a23_127	STABLE_1G1S	1029	アイツが…向かった場所まで…<br>案内…する…。	그 녀석이 간 곳까지…<br>안내하겠어…	<br>
1131	1131	event021.tbl#137	event021.tbl	137	MSG	SIK		DIRECT_TRANSLATE		………。	……….	
1132	1132	event021.tbl#138	event021.tbl	138	MSG	KRH	s_a23_128	STABLE_1G1S	1030	アイツが…この子の生気を巻物に<br>封印したから…だから…。	그 녀석이… 이 아이의 생기를<br>두루마리에 봉인했어… 그래서…	<br>
1133	1133	event021.tbl#139	event021.tbl	139	MSG	SIK	s_a23_129	STABLE_1G1S	1031	その巻物を手に入れて<br>封印を解けばいいってわけか…。	그 두루마리를 손에 넣어서<br>봉인을 풀면 된다는 거군…	<br>
1134	1134	event021.tbl#140	event021.tbl	140	MSG	KRH	s_a23_130	DIRECT_TRANSLATE		……そう…。	……그래…	
1135	1135	event021.tbl#141	event021.tbl	141	MSG	NRT	s_a23_131	STABLE_1G1S	1032	うう…！	으으…!	
1136	1136	event021.tbl#142	event021.tbl	142	MSG	KKS	s_a23_132	STABLE_1G1S	1033	ナルト……。	나루토……	
1137	1137	event021.tbl#143	event021.tbl	143	MSG	KKS	s_a23_133	STABLE_1G1S	1034	我愛羅くん、悪いけど頼まれてくれないかい？<br>オレは後からナルトを連れて行くから。	가아라 군, 미안하지만 먼저 가 줄래?<br>난 뒤에서 나루토를 데리고 갈게.	<br>
1138	1138	event021.tbl#144	event021.tbl	144	MSG	GAR	s_a23_134	STABLE_1G1S	1035	ああ…。	그래…	
1139	1139	event021.tbl#145	event021.tbl	145	MSG	KKS	s_a23_135	STABLE_1G1S	1036	すまないね。	미안하네.	
1140	1140	event021.tbl#146	event021.tbl	146	MSG	GAR	s_a23_136	STABLE_1G1S	1037	うずまきナルト…、<br>ここからはオレに任せろ。	우즈마키 나루토…<br>여기서부턴 내게 맡겨라.	<br>
1141	1141	event022.tbl#001	event022.tbl	1	MSG	KBT		DIRECT_TRANSLATE		……！	……!	
1142	1142	event022.tbl#002	event022.tbl	2	MSG	KBT	s_a24_000	STABLE_1G1S	1038	へえ…よくここが分かったね…。<br>城の中でも秘密の部屋なのに。	해에… 잘도 여길 알아냈군…<br>성 안에서도 숨겨진 방인데.	<br>
1143	1143	event022.tbl#003	event022.tbl	3	MSG	KRH	s_a24_001	STABLE_1G1S	1039	カブト…！	카부토…!	
1144	1144	event022.tbl#004	event022.tbl	4	MSG	KBT	s_a24_002	STABLE_1G1S	1040	ああ、そうか…、<br>そっちにはキミがいたか。	아아, 그렇군…<br>그쪽엔 네가 있었지.	<br>
1145	1145	event022.tbl#005	event022.tbl	5	MSG	KBT	s_a24_003	MERGE_SUBTITLE_PARTS_TO_1G	1041 1042	フフフ…よかったじゃないか…、存在理由を<br>失くしたキミでも役に立てることがあって。	후후후… 잘됐잖아.<br>존재 이유를 잃은 너라도 쓸모가 있다니.	<br>
1146	1146	event022.tbl#006	event022.tbl	6	MSG	KRH	s_a24_004	STABLE_1G1S	1043	くっ…！	큭…!	
1147	1147	event022.tbl#007	event022.tbl	7	MSG	GAR	s_a24_005	STABLE_1G1S	1044	フン…くだらない話はまだ続くのか…。	흥… 시시한 얘기는 아직도 계속할 셈인가…	
1148	1148	event022.tbl#008	event022.tbl	8	MSG	KBT	s_a24_006	DIRECT_TRANSLATE		…！	…!	
1149	1149	event022.tbl#009	event022.tbl	9	MSG	GAR	s_a24_007	STABLE_1G1S	1045	オレは忙しい…。<br>さっさとその巻物をいただく。	난 바쁘다…<br>당장 그 두루마리를 받겠다.	<br>
1150	1150	event022.tbl#010	event022.tbl	10	MSG	KBT	s_a24_008	STABLE_1G1S	1046	この巻物をどうするんだい？　<br>キミには関係ないだろう。	그 두루마리로 뭘 하려는 거지?<br>너하곤 상관없는 일이잖아.	<br>
1151	1151	event022.tbl#011	event022.tbl	11	MSG	GAR	s_a24_009	STABLE_1G1S	1047	うずまきナルトを助ける…。	우즈마키 나루토를 구한다…	
1152	1152	event022.tbl#012	event022.tbl	12	MSG	KBT	s_a24_010	STABLE_1G1S	1048	ふー…なぜそこまで真剣になる？　<br>キミにとって彼は別に…。	후우… 왜 그렇게까지 진지해지는 거지?<br>너한테 그 녀석은 딱히…	<br>
1153	1153	event022.tbl#013	event022.tbl	13	MSG	GAR	s_a24_011	STABLE_1G1S	1049	仲間だ。<br>だから助ける。	동료다.<br>그러니 구한다.	<br>
1154	1154	event022.tbl#014	event022.tbl	14	MSG	KBT	s_a24_012	STABLE_1G1S	1050	フフ…キミも変わったね。	후후… 너도 변했군.	
1155	1155	event022.tbl#015	event022.tbl	15	MSG	KBT	s_a24_013	STABLE_1G1S	1051	まさか、キミまでボクの神経を<br>逆なでするとは思わなかったよ。	설마 너까지 내 신경을<br>거슬리게 할 줄은 몰랐어.	<br>
1156	1156	event022.tbl#016	event022.tbl	16	MSG	KBT	s_a24_014	STABLE_1G1S	1052	仲間だとか…そんなくだらないものに<br>縛られている限り、キミはボクに勝てない。	동료니 뭐니… 그런 시시한 것에<br>얽매이면 넌 나를 이길 수 없어.	<br>
1157	1157	event022.tbl#017	event022.tbl	17	MSG	GAR	s_a24_015	STABLE_1G1S	1053	話は終わりか？　<br>ならばこちらから行く…。	얘기는 끝났나?<br>그럼 내가 먼저 간다…	<br>
1158	1158	event022.tbl#018	event022.tbl	18	MSG	KBT	s_a24_016	STABLE_1G1S	1054	<KOFF>（<KON>こいつ…<KOFF>）<KON>	<KOFF>（<KON>이 녀석…<KOFF>）<KON>	<KOFF> <KON> <KOFF> <KON>
1159	1159	event022.tbl#019	event022.tbl	19	MSG	KBT	s_a24_017	STABLE_1G1S	1055	チィ…！	쳇…!	
1160	1160	event022.tbl#021	event022.tbl	21	MSG	GAR	s_a24_018	STABLE_1G1S	1056	これでうずまきナルトを助けることができる…。	이걸로 우즈마키 나루토를 구할 수 있다…	
1161	1161	event022.tbl#022	event022.tbl	22	MSG	KBT	s_a24_019	STABLE_1G1S	1057	くっ…この借りは必ず…返す…。	큭… 이 빚은 반드시… 갚겠다…	
1162	1162	event022.tbl#023	event022.tbl	23	MSG	GAR	s_a24_020	STABLE_1G1S	1058	逃げたか……。	도망쳤나……	
1163	1163	event022.tbl#024	event022.tbl	24	MSG	KKS	s_a24_021	STABLE_1G1S	1059	ふう…どうやら上手く巻物を<br>手に入れたみたいだね。	후우… 아무래도 두루마리를<br>무사히 손에 넣은 모양이네.	<br>
1164	1164	event022.tbl#025	event022.tbl	25	MSG	GAR	s_a24_022	STABLE_1G1S	1060	うずまきナルトは連れて来ているか…。	우즈마키 나루토는 데려왔나…	
1165	1165	event022.tbl#026	event022.tbl	26	MSG	KKS	s_a24_023	STABLE_1G1S	1061	もちろん。<br>そこで寝かせてるよ。	물론.<br>저기 누워 있어.	<br>
1166	1166	event022.tbl#027	event022.tbl	27	MSG	GAR		DIRECT_TRANSLATE		……。	…….	
1167	1167	event022.tbl#028	event022.tbl	28	MSG	KKS	s_a24_024	STABLE_1G1S	1062	さて…あとは、この巻物を…。	자… 이제 남은 건 이 두루마리를…	
1168	1168	event022.tbl#029	event022.tbl	29	MSG_FORCED	KKS	s_a24_025	STABLE_1G1S	1063	解！！	해!!	
1169	1169	event022.tbl#030	event022.tbl	30	MSG	NRT	s_a24_026	STABLE_1G1S	1064	！！！	!!!	
1170	1170	event022.tbl#031	event022.tbl	31	MSG	KKS	s_a24_027	STABLE_1G1S	1065	どーやら、元に戻ったみたいだな。	아무래도 원래대로 돌아온 것 같군.	
1171	1171	event022.tbl#032	event022.tbl	32	MSG	HNT	s_a24_028	STABLE_1G1S	1066	よかった…。<br>本当によかった…ナルトくん…。	다행이다…<br>정말 다행이야… 나루토 군…	<br>
1172	1172	event022.tbl#033	event022.tbl	33	MSG	NRT	s_a24_029	STABLE_1G1S	1067	カ…カカシ先生！！　<br>カブトはどこだよ！！	카… 카카시 선생님!!<br>카부토는 어디 갔냐고!!	<br>
1173	1173	event022.tbl#034	event022.tbl	34	MSG	NRT	s_a24_030	STABLE_1G1S	1068	姉ちゃんをむちゃくちゃにしやがって！！　<br>ぜってー許せねぇ！！	누나한테 저런 짓을 하고!!<br>절대 용서 못 해!!	<br>
1174	1174	event022.tbl#035	event022.tbl	35	MSG	KKS	s_a24_031	STABLE_1G1S	1069	落ち着け。<br>カブトはもういないよ。	진정해.<br>카부토는 이제 없어.	<br>
1175	1175	event022.tbl#036	event022.tbl	36	MSG	NRT	s_a24_032	EXCEPTION_1G1S	1070	あれ…？	어…?	
1176	1176	event022.tbl#037	event022.tbl	37	MSG	KRH		DIRECT_TRANSLATE		………。	……….	
1177	1177	event022.tbl#038	event022.tbl	38	MSG	NRT	s_a24_033	DIRECT_TRANSLATE		あ…姉ちゃん…。	아… 누나…	
1178	1178	event022.tbl#039	event022.tbl	39	MSG	KRH	s_a24_034	EXCEPTION_1G1S	1071	あ…あの…ごめんなさい……私……。	아… 저기… 미안해요… 저……	
1179	1179	event022.tbl#040	event022.tbl	40	MSG	NRT	s_a24_035	EXCEPTION_1G1S	1072	え……？	에…?	
1180	1180	event022.tbl#041	event022.tbl	41	MSG	KRH	s_a24_036	MERGE_SUBTITLE_PARTS_TO_1G	1073 1074	私…今まで…アナタたちを……。<br>ごめんなさい…。	나… 지금까지… 당신들에게 그런 짓을…<br>미안해요…	<br>
1181	1181	event022.tbl#042	event022.tbl	42	MSG	NRT		DIRECT_TRANSLATE		…………。	………….	
1182	1182	event022.tbl#043	event022.tbl	43	MSG	NRT	s_a24_037	STABLE_1G1S	1075	オレさ……。	나 말이야……	
1183	1183	event022.tbl#044	event022.tbl	44	MSG	NRT	s_a24_038	DIRECT_TRANSLATE		姉ちゃんがひとりぼっちになったときの寂しさ…、<br>よく…分かるってばよ…。	누나가 혼자가 됐을 때의 외로움…<br>나도… 잘 안다니깐…	<br>
1184	1184	event022.tbl#045	event022.tbl	45	MSG	NRT	s_a24_039	STABLE_1G1S	1076	すごく辛くて…苦しくて……。	정말 힘들고… 괴로워서……	
1185	1185	event022.tbl#046	event022.tbl	46	MSG	KRH		DIRECT_TRANSLATE		………。	……….	
1186	1186	event022.tbl#047	event022.tbl	47	MSG	NRT	s_a24_040	STABLE_1G1S	1077	だから…その気持ちを悪用した<br>大蛇丸たちを絶対に…、	그래서… 그 마음을 악용한<br>오로치마루 녀석들을 절대로…	<br>
1187	1187	event022.tbl#048	event022.tbl	48	MSG	NRT	s_a24_041	STABLE_1G1S	1078	絶対に許すわけにはいかねーんだ…！	절대로 용서할 수 없단 말이야…!	
1188	1188	event022.tbl#049	event022.tbl	49	MSG	KRH		DIRECT_TRANSLATE		………。	……….	
1189	1189	event022.tbl#050	event022.tbl	50	MSG	NRT	s_a24_043	STABLE_1G1S	1079	だから、今は…謝ることよりも<br>大蛇丸をぶっ倒すことを考えようぜ！！	그러니까 지금은… 사과하는 것보다<br>오로치마루를 쓰러뜨릴 생각을 하자고!!	<br>
1190	1190	event022.tbl#051	event022.tbl	51	MSG	NRT	s_a24_044	STABLE_1G1S	1080	なっ！！	알겠지!!	
1191	1191	event022.tbl#052	event022.tbl	52	MSG	KRH		DIRECT_TRANSLATE		………………。	……………….	
1192	1192	event022.tbl#053	event022.tbl	53	MSG	NRT	s_a24_046	STABLE_1G1S	1081	それにさ、実は謝らなきゃいけねーのは<br>こっちの方だからな…。	그리고 말야, 사실 사과해야 하는 건<br>내 쪽이라고…	<br>
1193	1193	event022.tbl#054	event022.tbl	54	MSG	KRH	s_a24_047	STABLE_1G1S	1082	え…。	에…?	
1194	1194	event022.tbl#055	event022.tbl	55	MSG	NRT	s_a24_048	STABLE_1G1S	1083	姉ちゃんのオルゴール…渡し損ねちまって<br>ずっと持ってたんだ……ごめんな。	누나 오르골… 건네줄 기회를 놓쳐서<br>계속 갖고 있었어… 미안.	<br>
1195	1195	event022.tbl#056	event022.tbl	56	MSG	KRH	s_a24_049	STABLE_1G1S	1084	オルゴール…。	오르골……	
1196	1196	event022.tbl#057	event022.tbl	57	MSG	KRH	s_a24_050	DIRECT_TRANSLATE		あ………。	아………	
1197	1197	event022.tbl#058	event022.tbl	58	MSG	SKR	s_a24_051	STABLE_1G1S	1085	わぁ…。	와아…	
1198	1198	event022.tbl#059	event022.tbl	59	MSG	KKS	s_a24_052	STABLE_1G1S	1086	いい音色だ…。	좋은 소리다…	
1199	1199	event022.tbl#060	event022.tbl	60	MSG	KRH		DIRECT_TRANSLATE		……………。	…………….	
1200	1200	event022.tbl#061	event022.tbl	61	MSG_FORCED	SN1	s_a24_054_plus_echo	DIRECT_TRANSLATE		姫様…。	공주님…	
1201	1201	event022.tbl#062	event022.tbl	62	MSG_FORCED	SN1	s_a24_055	DIRECT_TRANSLATE		お姉ちゃん…。	누나…	
1202	1202	event022.tbl#063	event022.tbl	63	MSG_FORCED	SNS	s_a24_058_plus_echo	DIRECT_TRANSLATE		おかえりなさい…。	어서 와…	
1203	1203	event022.tbl#064	event022.tbl	64	MSG	KRH		DIRECT_TRANSLATE		……………。	…………….	
1204	1204	event022.tbl#065	event022.tbl	65	MSG_FORCED	KRH	s_a24_059	EXCEPTION_1G1S	1087	ただいま……。<br>ただいま…みん…な…。	다녀왔어…….<br>다녀왔어… 다들…	<br>
1205	1205	event022.tbl#066	event022.tbl	66	MSG	NRT	s_a24_060	STABLE_1G1S	1088	へへ……！	헤헤...!	
1206	1206	event022.tbl#067	event022.tbl	67	MSG	NRT	s_a24_061	STABLE_1G1S	1089	よーし！！　こっからは、このうずまきナルト様に<br>任せとけってばよ！！　	좋았어!! 이제부턴 이 우즈마키<br>나루토 님에게 맡기라니깐!!	<br>
1207	1207	event022.tbl#068	event022.tbl	68	MSG	NRT	s_a24_062	STABLE_1G1S	1090	大蛇丸をぶっ倒して、姉ちゃんを<br>この城から救い出してやっからな！！！	오로치마루를 박살내고 누나를<br>이 성에서 구해낼 테니까!!	<br>
1208	1208	event022.tbl#069	event022.tbl	69	MSG	KRH	s_a24_063	STABLE_1G1S	1091	うずまき……ナルト……。	우즈마키… 나루토…	
1209	1209	event022.tbl#070	event022.tbl	70	MSG	NRT	s_a24_064	STABLE_1G1S	1092	約束だってばよ！！！	약속이라니깐!!	
1210	1210	event022.tbl#071	event022.tbl	71	MSG	KRH		DIRECT_TRANSLATE		……………。	…………….	
1211	1211	event022.tbl#072	event022.tbl	72	MSG	NRT	s_a24_065	DIRECT_TRANSLATE		ニシシシシ！	히히히히!	
1212	1212	event022.tbl#073	event022.tbl	73	MSG_FORCED	KRH	s_a24_066	EXCEPTION_1G1S	1093	ありが…とう……。	고마…워…….	
1213	1213	event022.tbl#074	event022.tbl	74	MSG_FORCED	KRH	s_a24_067	STABLE_1G1S	1094	ありがとう…ナルト…。	고마워… 나루토…	
1214	1214	event022.tbl#075	event022.tbl	75	MSG	KSU	s_a24_068	STABLE_1G1S	1095	か…仮面が…。	가… 가면이…	
1215	1215	event022.tbl#076	event022.tbl	76	MSG	KKS	s_a24_069	STABLE_1G1S	1096	<KOFF>（<KON>心を取り戻したことで<br>　仮面の呪縛は外れた…か<KOFF>）<KON>	<KOFF>（<KON>마음을 되찾아서<br>가면의 주박이 풀린 건가…<KOFF>）<KON>	<KOFF> <KON> <br> <KOFF> <KON>
1216	1216	event022.tbl#077	event022.tbl	77	MSG	NRT	s_a24_070	STABLE_1G1S	1097	へへ…そっちの方がいいってばよ、<br>姉ちゃん…！	헤헤… 누나는 그 모습이 훨씬<br>낫다니깐…!	<br>
1217	1217	event022.tbl#078	event022.tbl	78	MSG	KSU	s_a24_071	STABLE_1G1S	1098	……うん…。	……응…	
1218	1218	event022.tbl#079	event022.tbl	79	MSG	NRT	s_a24_072	STABLE_1G1S	1099	よっしゃー！！　<br>行くぜェ！！！	좋아!!<br>가자!!!	<br>
1219	1219	event023.tbl#001	event023.tbl	1	MSG	KSU	s_a25_000	EXCEPTION_1G1S	1100	――！！	!!	
1220	1220	event023.tbl#002	event023.tbl	2	MSG	NRT	s_a25_001	STABLE_1G1S	1101	どうした姉ちゃん…！？	왜 그래, 누나…!?	
1221	1221	event023.tbl#003	event023.tbl	3	MSG	KSU	s_a25_002	STABLE_1G1S	1102	この感じ…城の生気吸収の量が<br>また増大してる…。	이 느낌… 성이 생기를 흡수하는<br>양이 또 증가하고 있어…	<br>
1222	1222	event023.tbl#004	event023.tbl	4	MSG	NRT	s_a25_003	STABLE_1G1S	1103	え…！	에…!	
1223	1223	event023.tbl#005	event023.tbl	5	MSG	KSU	s_a25_004	STABLE_1G1S	1104	このままでは…この城を消す前に<br>木ノ葉が壊滅するかも…！	이대로 가면… 이 성을 없애기 전에<br>나뭇잎 마을이 괴멸할지도!	<br>
1224	1224	event023.tbl#006	event023.tbl	6	MSG	NRT	s_a25_005	EXCEPTION_1G1S	1105	させねェ！！	놔둘까 보냐!!	
1225	1225	event023.tbl#007	event023.tbl	7	MSG	KSU	s_a25_006	EXCEPTION_1G1S	1106	え…？	에…?	
1226	1226	event023.tbl#008	event023.tbl	8	MSG	NRT	s_a25_007	STABLE_1G1S	1107	ここで諦めたら全て終わりだ！！　<br>まだ間に合う！！	여기서 포기하면 전부 끝장이야!!<br>아직 늦지 않았어!!	<br>
1227	1227	event023.tbl#009	event023.tbl	9	MSG	KSU		DIRECT_TRANSLATE		………。	……….	
1228	1228	event023.tbl#010	event023.tbl	10	MSG	KSU	s_a25_008	STABLE_1G1S	1108	そうね……そうよね…！	그래… 맞아…!	
1229	1229	event023.tbl#011	event023.tbl	11	MSG	NRT	s_a25_009	STABLE_1G1S	1109	急ごうぜ！！	서두르자고!!	
1230	1230	event024.tbl#001	event024.tbl	1	MSG	NRT	s_a26_000	STABLE_1G1S	1110	何だここ…。<br>すげー広い部屋だってばよ。	여긴 뭐야…<br>무지 큰 방인걸.	<br>
1231	1231	event024.tbl#002	event024.tbl	2	MSG		s_a26_001	DIRECT_TRANSLATE		よく来たね。<br>褒めてあげるよ。	잘 왔네.<br>칭찬해 주지.	<br>
1232	1232	event024.tbl#003	event024.tbl	3	MSG	NRT	s_a26_002	EXCEPTION_1G1S	1112	…カブト！	… 카부토!	
1233	1233	event024.tbl#004	event024.tbl	4	MSG	KBT	s_a26_003	STABLE_1G1S	1113	だが、キミたちは<br>これ以上先に進むことはできない…。	하지만 너희는<br>더 이상 앞으로 나아갈 수 없어…	<br>
1234	1234	event024.tbl#005	event024.tbl	5	MSG	NRT	s_a26_004	STABLE_1G1S	1114	！！	!!	
1235	1235	event024.tbl#006	event024.tbl	6	MSG	NRT	s_a26_005	STABLE_1G1S	1115	そんな！？　あれって、<br>姉ちゃんしか操れねーんじゃねーのか！？	그럴 수가!? 저건 누나밖에<br>조종 못 하는 거 아니었어!?	<br>
1236	1236	event024.tbl#007	event024.tbl	7	MSG	KSU	s_a26_006	STABLE_1G1S	1116	ううん…私は城が周りから吸収した生気を<br>利用していただけにすぎないの…。	아니… 난 성이 주변에서 흡수한 생기를<br>이용했을 뿐이야…	<br>
1237	1237	event024.tbl#008	event024.tbl	8	MSG	KSU	s_a26_007	STABLE_1G1S	1117	だから…この城が生気を吸収している限り、<br>幻影は出続けるわ。	그러니까… 이 성이 생기를 흡수하는 한<br>환영은 계속 나타날 거야.	<br>
1238	1238	event024.tbl#009	event024.tbl	9	MSG	NRT	s_a26_008	STABLE_1G1S	1118	くっそー！　<br>だったら早くこの城を消さねーと！	젠장! 그럼<br>이 성을 빨리 없애야지!	<br>
1239	1239	event024.tbl#010	event024.tbl	10	MSG	NRT	s_a26_009	STABLE_1G1S	1119	バアちゃん！？	할망구!?	
1240	1240	event024.tbl#011	event024.tbl	11	MSG	KBT	s_a26_010	STABLE_1G1S	1120	言っただろう、キミたちはこれ以上先へは<br>進むことはできないと…。	말했잖아. 너희는 더 이상<br>앞으로 나아갈 수 없다고…	<br>
1241	1241	event024.tbl#012	event024.tbl	12	MSG	TND		DIRECT_TRANSLATE		…………。	………….	
1242	1242	event024.tbl#013	event024.tbl	13	MSG	SKR	s_a26_011	STABLE_1G1S	1121	師匠…すみませんが、<br>先に進ませてもらいます！！	스승님… 죄송하지만<br>지나가겠습니다!!	<br>
1243	1243	event024.tbl#014	event024.tbl	14	MSG	NRT	s_a26_012	STABLE_1G1S	1122	こんなトコで時間食うわけには<br>行かねーんだ！！	이런 데서 시간을 잡아먹을<br>순 없다니깐!!	<br>
1244	1244	event024.tbl#015	event024.tbl	15	MSG	KBT	s_a26_013	STABLE_1G1S	1123	無駄だよ。	소용없다.	
1245	1245	event024.tbl#016	event024.tbl	16	MSG	NRT	s_a26_015	EXCEPTION_1G1S	1124	くっ…どうしようもねェのかよ！！	큭… 어쩔 방법이 없는 거야!!?	
1246	1246	event024.tbl#017	event024.tbl	17	MSG	NRT		EXCEPTION_UNVOICED_1G1S	1125	…！	…!	
1247	1247	event024.tbl#018	event024.tbl	18	MSG	ROC	s_a26_016	STABLE_1G1S	1126	ナルトくん！　<br>ここはボクたちが引き受けます！！	나루토 군!<br>여긴 저희가 맡겠습니다!!	<br>
1248	1248	event024.tbl#019	event024.tbl	19	MSG	INO	s_a26_017	STABLE_1G1S	1127	アンタは先に行きなさい！	넌 먼저 가!	
1249	1249	event024.tbl#020	event024.tbl	20	MSG	NRT	s_a26_018	STABLE_1G1S	1128	み…みんな！　<br>でも…！	모… 모두!<br>하지만…!	<br>
1250	1250	event024.tbl#021	event024.tbl	21	MSG	KIB	s_a26_019	STABLE_1G1S	1129	おい！　お前はその女を城から救い出すって<br>約束したんだろーが！！	어이! 너 그 여자를 성에서 구해내겠다고<br>약속했잖아!!	<br>
1251	1251	event024.tbl#022	event024.tbl	22	MSG	HNT	s_a26_020	STABLE_1G1S	1130	だから、ナルトくんはいつも通り、<br>前だけを見て進んで…！	그러니까 나루토 군은 평소처럼<br>앞만 보고 나아가…!	<br>
1252	1252	event024.tbl#023	event024.tbl	23	MSG	TYO	s_a26_021	STABLE_1G1S	1131	そうそう！　<br>そうじゃないとナルトらしくないよ！	그래, 그래!<br>그래야 나루토답지!	<br>
1253	1253	event024.tbl#024	event024.tbl	24	MSG	SIN	s_a26_022	STABLE_1G1S	1132	行け……ここは任せろ…。	가라… 여긴 맡겨라…	
1254	1254	event024.tbl#025	event024.tbl	25	MSG	NRT	s_a26_023	STABLE_1G1S	1133	みんな…。	모두…	
1255	1255	event024.tbl#026	event024.tbl	26	MSG	TEN	s_a26_024	STABLE_1G1S	1134	キミにしかできないことがあるはずよ！	너밖에 할 수 없는 일이 있잖아!	
1256	1256	event024.tbl#027	event024.tbl	27	MSG	NEJ	s_a26_025	STABLE_1G1S	1135	時間は残り少ない…！　<br>ナルト！	시간이 얼마 남지 않았다…!<br>나루토!	<br>
1257	1257	event024.tbl#028	event024.tbl	28	MSG	GUY	s_a26_026	STABLE_1G1S	1136	さあ、行くんだ！！	자, 가거라!!	
1258	1258	event024.tbl#029	event024.tbl	29	MSG	NRT	s_a26_027	STABLE_1G1S	1137	分かったってばよ！！<br>姉ちゃん！　行こうぜ！！	알았다니깐!!<br>누나! 가자!!	<br>
1259	1259	event024.tbl#030	event024.tbl	30	MSG	KSU	s_a26_028	STABLE_1G1S	1138	うん…！！	응…!!	
1260	1260	event024.tbl#031	event024.tbl	31	MSG	KBT	s_a26_029	STABLE_1G1S	1139	無駄なことを…！	소용없는 짓을…!	
1261	1261	event024.tbl#032	event024.tbl	32	MSG	SIK	s_a26_030	STABLE_1G1S	1140	へっ…。<br>アイツにはアイツの役割があるんでな。	흥…<br>저 녀석에겐 저 녀석 역할이 있으니까.	<br>
1262	1262	event024.tbl#033	event024.tbl	33	MSG	KBT	s_a26_031	STABLE_1G1S	1141	彼に何を期待しているのかは知らないが、<br>キミたちの行動は全く無意味だ。	그에게 뭘 기대하는지는 모르겠지만,<br>너희 행동은 완전히 무의미해.	<br>
1263	1263	event024.tbl#034	event024.tbl	34	MSG	GAR	s_a26_032	STABLE_1G1S	1142	御託はいい…。<br>さっさと来い…。	헛소린 이제<br>됐다… 냉큼 덤벼라…	<br>
1264	1264	event024.tbl#035	event024.tbl	35	MSG	KBT	s_a26_033	STABLE_1G1S	1143	く…やるね…。	크… 제법이군…	
1265	1265	event024.tbl#036	event024.tbl	36	MSG	GAR	s_a26_034	EXCEPTION_1G1S	1144	フン……。	흥…….	
1266	1266	event024.tbl#037	event024.tbl	37	MSG	KKS	s_a26_035	EXCEPTION_1G1S	1145	よし…待ってろよ、ナルト。	좋았어… 기다려라, 나루토!	
1267	1267	event024.tbl#038	event024.tbl	38	MSG	KBT	s_a26_036	STABLE_1G1S	1146	フフ…無駄だよ……ナルトくんは<br>本当の無幻城の主にやられている頃だ。	후후… 소용없어…… 나루토 군은 지금쯤<br>진짜 무환성의 주인에게 당하고 있을 거야.	<br>
1268	1268	event024.tbl#039	event024.tbl	39	MSG	KKS	s_a26_037	STABLE_1G1S	1147	何…？	뭐라고…?	
1269	1269	event024.tbl#040	event024.tbl	40	MSG	KBT	s_a26_038	DIRECT_TRANSLATE		フフフ…。	후후후…	
1270	1270	event024.tbl#041	event024.tbl	41	MSG	KKS	s_a26_039	STABLE_1G1S	1148	！？	!?	
1271	1271	event024.tbl#042	event024.tbl	42	MSG		s_a26_040	DIRECT_TRANSLATE		ククククク…。	크크크크크…	
1272	1272	event024.tbl#043	event024.tbl	43	MSG	KKS	s_a26_041	EXCEPTION_1G1S	1150	<KOFF>（<KON>何だ…あの余裕は…<KOFF>）<KON>	<KOFF>（<KON>뭐지… 저 여유는…<KOFF>）<KON>	<KOFF> <KON> <KOFF> <KON>
1273	1273	event025.tbl#001	event025.tbl	1	MSG	NRT	s_a27_000	STABLE_1G1S	1151	ハァハァ…姉ちゃん！　<br>最後の札はどこにあんだよ！？	하아하아… 누나!<br>마지막 부적은 어디 있어!?	<br>
1274	1274	event025.tbl#002	event025.tbl	2	MSG	KSU	s_a27_001	STABLE_1G1S	1152	あそこよ…。	저기야…	
1275	1275	event025.tbl#003	event025.tbl	3	MSG	NRT	s_a27_002	DIRECT_TRANSLATE		！！！！	!!!!	
1276	1276	event025.tbl#004	event025.tbl	4	MSG	KSU	s_a27_003	EXCEPTION_1G1S	1153	あの水晶の中におさめられているのが<br>最後の札よ…。	저 수정 안에 들어 있는 게<br>마지막 부적이야…	<br>
1277	1277	event025.tbl#005	event025.tbl	5	MSG	NRT	s_a27_004	STABLE_1G1S	1154	あ…あれが最後の札！？	저… 저게 마지막 부적!?	
1278	1278	event025.tbl#006	event025.tbl	6	MSG	KSU	s_a27_005	STABLE_1G1S	1155	そう…。<br>あれを壊せば…城は消える…。	그래…<br>저걸 부수면… 성은 사라져…	<br>
1279	1279	event025.tbl#007	event025.tbl	7	MSG	NRT	s_a27_006	STABLE_1G1S	1156	で…でも…あの中にあるのって…　<br>姉ちゃんの身体だよな！！！	그… 그런데… 저 안에 있는 건…<br>누나 몸이잖아!!!	<br>
1280	1280	event025.tbl#008	event025.tbl	8	MSG	NRT	s_a27_007	STABLE_1G1S	1157	それを壊すって…。<br>そんなことしたら姉ちゃんの身体は…！	저걸 부수면…<br>그랬다간 누나의 몸이…!	<br>
1281	1281	event025.tbl#009	event025.tbl	9	MSG	KSU	s_a27_008	STABLE_1G1S	1158	いいの…。<br>あの身体は…もう私のものではない…。	괜찮아…<br>저 몸은… 더 이상 내 것이 아니야…	<br>
1282	1282	event025.tbl#010	event025.tbl	10	MSG	KSU	s_a27_009	STABLE_1G1S	1159	私はすでにこの世から切り離されているから…<br>だから…お願い。	난 이미 이 세상과 떨어져<br>있으니까… 그러니까… 부탁이야…	<br>
1283	1283	event025.tbl#011	event025.tbl	11	MSG	NRT	s_a27_012	STABLE_1G1S	1160	でも…でもさ……！	하지만… 하지만 말야!!	
1284	1284	event025.tbl#012	event025.tbl	12	MSG	KSU	s_a27_011	EXCEPTION_1G1S	1161	もうこれ以上、<br>みんなを苦しめたくないの…。	이제 더는<br>모두를 괴롭히고 싶지 않아…	<br>
1285	1285	event025.tbl#013	event025.tbl	13	MSG	NRT		DIRECT_TRANSLATE		……………。	…………….	
1286	1286	event025.tbl#014	event025.tbl	14	MSG	KSU	s_a27_013	EXCEPTION_1G1S	1162	お願い…ナルト。<br>早くしないと里が壊滅しちゃう…！	부탁이야… 나루토.<br>서두르지 않으면 마을이 괴멸해버려…!	<br>
1287	1287	event025.tbl#015	event025.tbl	15	MSG	NRT		DIRECT_TRANSLATE		……………………。	…………………….	
1288	1288	event025.tbl#016	event025.tbl	16	MSG	NRT	s_a27_015	EXCEPTION_1G1S	1163	それで……それで本当に姉ちゃんは<br>救われるのか…？	그럼… 그럼 정말 누나는<br>구원받는 거야…?	<br>
1289	1289	event025.tbl#017	event025.tbl	17	MSG	KSU	s_a27_016	DIRECT_TRANSLATE		うん…。	응…	
1290	1290	event025.tbl#018	event025.tbl	18	MSG	NRT	s_a27_017	STABLE_1G1S	1164	絶対に絶対か…！？	진짜로 진짜지…!?	
1291	1291	event025.tbl#019	event025.tbl	19	MSG	KSU	s_a27_018	DIRECT_TRANSLATE		うん……。	응……	
1292	1292	event025.tbl#020	event025.tbl	20	MSG	NRT		DIRECT_TRANSLATE		…………。	………….	
1293	1293	event025.tbl#021	event025.tbl	21	MSG	NRT	s_a27_019	STABLE_1G1S	1165	分かった…。　オレは姉ちゃんを救い出すって<br>約束したからな…。	알았어… 난 누나를 구하겠다고<br>약속했으니까…	<br>
1294	1294	event025.tbl#022	event025.tbl	22	MSG	NRT	s_a27_020	STABLE_1G1S	1166	見てろよ…。	지켜봐…	
1295	1295	event025.tbl#023	event025.tbl	23	MSG	NRT	s_a27_021	STABLE_1G1S	1167	すぐに…姉ちゃんを救い出してやる！！！	금방… 누나를 구해줄게!!!	
1296	1296	event025.tbl#024	event025.tbl	24	MSG_FORCED	NRT	s_a27_022	STABLE_1G1S	1168	はあああああああ！！	하아아아아아아!!	
1297	1297	event025.tbl#025	event025.tbl	25	MSG_FORCED	NRT	s_a27_023	STABLE_1G1S	1169	螺旋――！！	나선――!!	
1298	1298	event025.tbl#026	event025.tbl	26	MSG_FORCED		s_a27_024	STABLE_1G1S	1170	無駄よ。	소용없어.	
1299	1299	event025.tbl#027	event025.tbl	27	MSG_FORCED	NRT	s_a27_025	STABLE_1G1S	1171	――！？	――!?	
1300	1300	event025.tbl#028	event025.tbl	28	MSG	ORC	s_a27_026	STABLE_1G1S	1172	ククク……。	크크크...	
1301	1301	event025.tbl#029	event025.tbl	29	MSG	NRT	s_a27_027	STABLE_1G1S	1173	大蛇丸！！	오로치마루!!	
1302	1302	event025.tbl#030	event025.tbl	30	MSG	ORC	s_a27_028	MERGE_SUBTITLE_PARTS_TO_1G	1174 1175	その水晶には特殊なチャクラが流れている…。<br>何をしようと傷ひとつつけられやしないわ…。	그 수정엔 특수한 차크라가 흐르고 있어…<br>무슨 짓을 해도 흠집 하나 낼 수 없지…	<br>
1303	1303	event025.tbl#031	event025.tbl	31	MSG	ORC	s_a27_029	STABLE_1G1S	1176	ましてや…サスケくんのような才能を<br>持っていないキミではねぇ…。	하물며… 사스케 군 같은 재능을<br>갖지 못한 너라면 더더욱…	<br>
1304	1304	event025.tbl#032	event025.tbl	32	MSG	NRT	s_a27_030	STABLE_1G1S	1177	サスケ…だと…。<br>てんめぇ…！	사스케… 라고…<br>이 자식…!!	<br>
1305	1305	event025.tbl#033	event025.tbl	33	MSG	ORC	s_a27_031	STABLE_1G1S	1178	クク…。<br>サスケくんはどこだって目をしてるわね…。	크크… 사스케 군이 어디 있냐는<br>눈빛이네…	<br>
1306	1306	event025.tbl#034	event025.tbl	34	MSG	ORC	s_a27_032	MERGE_SUBTITLE_PARTS_TO_1G	1179 1180	安心なさい…彼は大切に扱っているわ。<br>どこぞの“おもちゃ”と違ってね…。	안심해… 그 녀석은 소중히 다루고 있어.<br>어떤 '장난감'과는 다르게 말이지…	<br>
1307	1307	event025.tbl#035	event025.tbl	35	MSG	KSU	s_a27_033	STABLE_1G1S	1181	大蛇丸…！！	오로치마루…!!	
1308	1308	event025.tbl#036	event025.tbl	36	MSG	ORC	s_a27_034	MERGE_SUBTITLE_PARTS_TO_1G	1182 1183	あら…もう呼び捨て？　つれないわね…。<br>前は私のことをあんなに敬愛してくれていたのに。	어머… 벌써 그냥 이름으로 부르는 거야?<br>매정하네… 전에는 날 그렇게 존경했으면서.	<br>
1309	1309	event025.tbl#037	event025.tbl	37	MSG	KSU	s_a27_035	STABLE_1G1S	1184	っ…！	크…!!	
1310	1310	event025.tbl#038	event025.tbl	38	MSG	ORC	s_a27_036	STABLE_1G1S	1185	せっかく贈った仮面も割ってしまうし…。<br>ずいぶん嫌われたものだわね…。	모처럼 선물한 가면도 깨뜨리고…<br>날 꽤 미워하게 됐나 보네…	<br>
1311	1311	event025.tbl#039	event025.tbl	39	MSG	KSU	s_a27_037	STABLE_1G1S	1186	お前は私をだました…私の幸せを奪った！<br>私の全てを…全てを奪った！！！	넌 날 속였어… 내 행복을 빼앗았어!<br>내 모든 걸… 전부 빼앗았어!!!	<br>
1312	1312	event025.tbl#040	event025.tbl	40	MSG	ORC	s_a27_038	STABLE_1G1S	1187	クク…それで？<br>それがどうかしたかしら？	크크… 그래서?<br>그게 뭐 어쨌다는 거지?	<br>
1313	1313	event025.tbl#041	event025.tbl	41	MSG	KSU	s_a27_039	DIRECT_TRANSLATE		なっ…！？	뭐…!?	
1314	1314	event025.tbl#042	event025.tbl	42	MSG	ORC	s_a27_040	STABLE_1G1S	1188	お前は私の術の一端を担ったのよ…？　	넌 내 술법의 일부를 맡았던 거야…?	
1315	1315	event025.tbl#043	event025.tbl	43	MSG	ORC	s_a27_041	STABLE_1G1S	1189	礼を言われることはあっても<br>恨まれる筋合いはないわね。	오히려 감사받아야 할 일이지,<br>원망받을 이유는 없어.	<br>
1316	1316	event025.tbl#044	event025.tbl	44	MSG	KSU	s_a27_042	DIRECT_TRANSLATE		！！	!!	
1317	1317	event025.tbl#045	event025.tbl	45	MSG	NRT	s_a27_043	STABLE_1G1S	1191	てめえ！！　姉ちゃんの全てを<br>奪っておいて何てこと言ってやがる！！！	이 자식!! 누나의 모든 것을 빼앗아놓고는<br>무슨 그런 소릴 하는 거냐!!	<br>
1318	1318	event025.tbl#046	event025.tbl	46	MSG	NRT	s_a27_044	STABLE_1G1S	1192	お前だけは…どんなことがあっても…<br>許すわけにはいかねェ！！！	너만큼은… 무슨 일이 있어도…<br>용서할 수 없다고!!	<br>
1319	1319	event025.tbl#047	event025.tbl	47	MSG	ORC	s_a27_045	STABLE_1G1S	1193	吠えるわね…ナルトくん。	잘도 떠드는구나… 나루토 군.	
1320	1320	event025.tbl#048	event025.tbl	48	MSG	ORC	s_a27_046	STABLE_1G1S	1194	でもね…。	하지만 말이지...	
1321	1321	event025.tbl#049	event025.tbl	49	MSG	ORC	s_a27_047	STABLE_1G1S	1195	一介の下忍に過ぎないただのガキが、<br>私を相手に何ができるというの？	일개 하급닌자에 불과한 꼬맹이가,<br>날 상대로 뭘 할 수 있겠어?	<br>
1322	1322	event025.tbl#050	event025.tbl	50	MSG	NRT	s_a27_048	STABLE_1G1S	1196	うっせー！！　お前はぜってーぶっ倒して<br>姉ちゃんを救い出す！！　そして…。	시끄러!! 널 반드시 쓰러뜨리고<br>누나를 구해낼 거야!! 그리고…	<br>
1323	1323	event025.tbl#051	event025.tbl	51	MSG	NRT	s_a27_049	STABLE_1G1S	1197	サスケも助け出す！！	사스케도 구해낼 거야!!	
1324	1324	event025.tbl#052	event025.tbl	52	MSG	ORC	s_a27_050	STABLE_1G1S	1198	クク…！　<br>愚かにも程があるわね。	크크…!<br>어리석은 것도 정도가 있지.	<br>
1325	1325	event025.tbl#053	event025.tbl	53	MSG	NRT	s_a27_051	STABLE_1G1S	1199	ハァハァ…。	하아하아...	
1326	1326	event025.tbl#054	event025.tbl	54	MSG	ORC	s_a27_052	STABLE_1G1S	1200	まあ…キミの力ならこんなものでしょう…。	뭐… 네 힘이라면 이 정도겠지…	
1327	1327	event025.tbl#055	event025.tbl	55	MSG	NRT	s_a27_053	STABLE_1G1S	1201	何だってばよ…あれだけ攻撃したのに…。	대체 뭐냐고… 그렇게나 공격했는데…	
1328	1328	event025.tbl#056	event025.tbl	56	MSG	ORC	s_a27_054	STABLE_1G1S	1202	様子見はおしまい…。	간 보기도 이젠 끝...	
1329	1329	event025.tbl#057	event025.tbl	57	MSG	ORC	s_a27_055	STABLE_1G1S	1203	そろそろ本気で片を付けさせてもらうわ。	이제 진심으로 끝내주지.	
1330	1330	event025.tbl#058	event025.tbl	58	MSG	ORC	s_a27_058	STABLE_1G1S	1204	ククク…！	크크크…!	
1331	1331	event025.tbl#059	event025.tbl	59	MSG	ORC	s_a27_060	DIRECT_TRANSLATE		さあ…行くわよ…。	자… 간다…	
1332	1332	event025.tbl#060	event025.tbl	60	MSG	KSU	s_a27_056	STABLE_1G1S	1205	な…なんてチャクラ…。<br>こんな…。	무… 무슨 차크라야…<br>이럴 수가…	<br>
1333	1333	event025.tbl#061	event025.tbl	61	MSG	NRT	s_a27_057	STABLE_1G1S	1206	くっ…負けねェ…！<br>オレは姉ちゃんを救い出すんだ…！！	크… 질까 보냐…!<br>난 누나를 구해낼 거야!!	<br>
1334	1334	event025.tbl#062	event025.tbl	62	MSG	KSU	s_a27_059	STABLE_1G1S	1207	<KOFF>（<KON>駄目…これじゃあ…<KOFF>）<KON>	<KOFF>（<KON>안 돼… 이래선…<KOFF>）<KON>	<KOFF> <KON> <KOFF> <KON>
1335	1335	event025.tbl#063	event025.tbl	63	MSG	KSU	s_a27_061	STABLE_1G1S	1208	ナルト…もういい…もういいわ！	나루토… 이제 됐어… 이제 그만해!	
1336	1336	event025.tbl#064	event025.tbl	64	MSG	NRT	s_a27_062	STABLE_1G1S	1209	姉ちゃん…！？	누나…!?	
1337	1337	event025.tbl#065	event025.tbl	65	MSG	KSU	s_a27_063	EXCEPTION_1G1S	1210	私のことは…もういいから…逃げて！　<br>このままだとアナタが！！	난 이제 됐으니까… 도망쳐!<br>이대로 가다간 네가…!	<br>
1338	1338	event025.tbl#066	event025.tbl	66	MSG	NRT		DIRECT_TRANSLATE		…………。	………….	
1339	1339	event025.tbl#067	event025.tbl	67	MSG	KSU	s_a27_065	EXCEPTION_1G1S	1211	お願い！！	부탁이야!!	
1340	1340	event025.tbl#068	event025.tbl	68	MSG	NRT	s_a27_066	STABLE_1G1S	1212	わりーけど…、<br>そのお願いは聞けねってばよ…。	미안하지만…<br>그 부탁은 못 들어주겠다니깐…	<br>
1341	1341	event025.tbl#069	event025.tbl	69	MSG	KSU	s_a27_067	EXCEPTION_1G1S	1213	え…！？	에…!?	
1342	1342	event025.tbl#070	event025.tbl	70	MSG	NRT	s_a27_068	STABLE_1G1S	1214	オレってば…約束したからな…。	난 말야… 약속했으니까 말야…	
1343	1343	event025.tbl#071	event025.tbl	71	MSG	NRT	s_a27_069	STABLE_1G1S	1215	姉ちゃんはこのオレが救い出すって…。	누나는 바로 내가 구해내겠다고…	
1344	1344	event025.tbl#072	event025.tbl	72	MSG	KSU	s_a27_070	EXCEPTION_1G1S	1216	でも…このままじゃ…！	하지만… 이대로는…!	
1345	1345	event025.tbl#073	event025.tbl	73	MSG	NRT	s_a27_071	STABLE_1G1S	1217	約束は絶対に守る………。	약속은 반드시 지킨다……….	
1346	1346	event025.tbl#074	event025.tbl	74	MSG	KSU	s_a27_072	EXCEPTION_1G1S	1218	……！	……!	
1347	1347	event025.tbl#075	event025.tbl	75	MSG_FORCED	NRT	s_a27_073	EXCEPTION_1G1S	1219	まっすぐ…自分の言葉は曲げねェ……。<br>それが…、	한번 한 말은 절대 뒤집지 않아…….<br>그게…	<br>
1348	1348	event025.tbl#076	event025.tbl	76	MSG_FORCED	NRT	s_a27_074	STABLE_1G1S	1220	オレの忍道だからな！！！	내 닌자의 길이니까 말야!!!	
1349	1349	event025.tbl#077	event025.tbl	77	MSG	KSU	s_a27_075	STABLE_1G1S	1221	ナ…ナルト……。	나… 나루토…	
1350	1350	event025.tbl#078	event025.tbl	78	MSG	ORC	s_a27_064	STABLE_1G1S	1222	ククククク…！！	크크크크크…!!	
1351	1351	event025.tbl#079	event025.tbl	79	MSG	ORC	s_a27_076	MERGE_SUBTITLE_PARTS_TO_1G	1223 1224	自分の言葉は曲げない……。<br>クク…くだらないガキの戯言ね…。	자기 말은 바꾸지 않는다……<br>크크… 시시한 꼬맹이의 헛소리군…	<br>
1352	1352	event025.tbl#080	event025.tbl	80	MSG	NRT	s_a27_077	STABLE_1G1S	1225	うっせェ！！　オレは負けねェ…！！　<br>ぜってー負けるわけにはいかねェ！！！	시끄러!! 난 안 져…!!<br>절대로 질 수 없단 말야!!!	<br>
1353	1353	event025.tbl#081	event025.tbl	81	MSG_FORCED	NRT	s_a27_078	STABLE_1G1S	1226	はああああああああ！！！！	하아아아아아아아아아!!!!	
1354	1354	event025.tbl#082	event025.tbl	82	MSG	ORC	s_a27_080	STABLE_1G1S	1227	このガキ…！？	이 꼬마가…!?	
1355	1355	event025.tbl#083	event025.tbl	83	MSG	NRT	s_a27_081	STABLE_1G1S	1228	うおおおおおおおおお！！！！	우오오오오오오오오오!!!!	
1356	1356	event025.tbl#084	event025.tbl	84	MSG	ORC	s_a27_082	STABLE_1G1S	1229	く…まさか……！？	크… 설마…!?	
1357	1357	event025.tbl#085	event025.tbl	85	MSG	NRT	s_a27_083	STABLE_1G1S	1230	ハァハァ！！	하아하아!!	
1358	1358	event025.tbl#086	event025.tbl	86	MSG	ORC	s_a27_084	STABLE_1G1S	1231	やるわね…。<br>けど…まったく無駄なことだわ。	제법이군…<br>하지만… 실로 무의미한 일이다.	<br>
1359	1359	event025.tbl#087	event025.tbl	87	MSG	NRT	s_a27_085	STABLE_1G1S	1232	なに…！	뭐라고…!	
1360	1360	event025.tbl#088	event025.tbl	88	MSG	ORC	s_a27_086	MERGE_SUBTITLE_PARTS_TO_1G	1233 1234	もう木ノ葉に残された時間は少ない。<br>城に生気を吸い尽くされ…木ノ葉は滅びるのよ。	나뭇잎 마을에 남은 시간은 얼마 없어.<br>생기를 다 빼앗기면 마을은 멸망해.	<br>
1361	1361	event025.tbl#089	event025.tbl	89	MSG	NRT	s_a27_087	STABLE_1G1S	1235	ハァハァ…！	하아하아…!	
1362	1362	event025.tbl#090	event025.tbl	90	MSG	ORC	s_a27_088	STABLE_1G1S	1236	キミのがんばりも無意味に終わる…。<br>クク…哀れね。	네 노력도 아무 의미 없이 끝날 거야…<br>크크… 불쌍하네.	<br>
1363	1363	event025.tbl#091	event025.tbl	91	MSG	NRT	s_a27_089	STABLE_1G1S	1237	うっせーってばよ…。<br>オレは…最後まで諦めねェ…！	시끄럽다고…. 난…<br>마지막까지 포기하지 않아…!	<br>
1364	1364	event025.tbl#092	event025.tbl	92	MSG	ORC	s_a27_090	STABLE_1G1S	1238	せいぜい吠えるがいいわ…。	실컷 소리쳐 보거라...	
1365	1365	event025.tbl#093	event025.tbl	93	MSG	ORC	s_a27_091	STABLE_1G1S	1239	クハハハハハハ……。	크하하하하하하…	
1366	1366	event025.tbl#094	event025.tbl	94	MSG	KSU	s_a27_092	STABLE_1G1S	1240	げ…幻影…！？	화… 환영…!?	
1367	1367	event025.tbl#095	event025.tbl	95	MSG	NRT	s_a27_093	STABLE_1G1S	1241	ハァハァ…くそ…。	하아하아… 젠장…	
1368	1368	event025.tbl#096	event025.tbl	96	MSG	KSU	s_a27_094	STABLE_1G1S	1242	ナルト…大丈夫…？	나루토… 괜찮아…?	
1369	1369	event025.tbl#097	event025.tbl	97	MSG	NRT	s_a27_095	STABLE_1G1S	1243	ああ…。<br>今は……早く水晶を壊さねーと…。	아아… 지금은…<br>빨리 수정을 부수지 않으면…	<br>
1370	1370	event025.tbl#098	event025.tbl	98	MSG	NRT	s_a27_096	EXCEPTION_1G1S	1244	姉ちゃん……すぐに…、<br>すぐに救い出してやっからな…！	누나… 금방…<br>금방 구해줄 테니까…!	<br>
1371	1371	event025.tbl#099	event025.tbl	99	MSG	NRT	s_a27_097	EXCEPTION_1G1S	1245	くっ！！	큭!!	
1372	1372	event025.tbl#100	event025.tbl	100	MSG	KSU	s_a27_098	STABLE_1G1S	1246	ど…どうしたの！？	왜… 왜 그래!?	
1373	1373	event025.tbl#101	event025.tbl	101	MSG	NRT	s_a27_099	STABLE_1G1S	1247	チャ…チャクラが……ハァハァ…。	차… 차크라가…… 하아하아…	
1374	1374	event025.tbl#102	event025.tbl	102	MSG	NRT	s_a27_100	STABLE_1G1S	1248	くそ…諦めて…たまるか…。	젠장… 포기할까 보냐…	
1375	1375	event025.tbl#103	event025.tbl	103	MSG	NRT	s_a27_102	EXCEPTION_1G1S	1249	はあああああああ！	하아아아아아아아!!	
1376	1376	event025.tbl#104	event025.tbl	104	MSG	NRT	s_a27_103	EXCEPTION_1G1S	1250	ハァハァ！！	하아하아!!	
1377	1377	event025.tbl#105	event025.tbl	105	MSG	NRT	s_a27_104	STABLE_1G1S	1251	くそォ！　<br>まだ…諦めねーぞ！！	젠장… 아직<br>포기할 순 없어!!!	<br>
1378	1378	event025.tbl#106	event025.tbl	106	MSG	NRT	s_a27_105	STABLE_1G1S	1252	はあああああああ！	하아아아아아아!	
1379	1379	event025.tbl#107	event025.tbl	107	MSG	KSU		DIRECT_TRANSLATE		………。	……….	
1380	1380	event025.tbl#108	event025.tbl	108	MSG	NRT	s_a27_106	STABLE_1G1S	1253	ハァハァ…くそ……。	하아하아… 젠장…….	
1381	1381	event025.tbl#109	event025.tbl	109	MSG	KSU		EXCEPTION_UNVOICED_1G1S	1254	………。	……….	
1382	1382	event025.tbl#110	event025.tbl	110	MSG	NRT	s_a27_107	STABLE_1G1S	1255	まだまだぁ！！	아직이야!!!	
1383	1383	event025.tbl#111	event025.tbl	111	MSG	NRT	s_a27_103	STABLE_1G1S	1256	ハァハァ！！	하아하아!!	
1384	1384	event025.tbl#112	event025.tbl	112	MSG	KSU		DIRECT_TRANSLATE		………。	……….	
1385	1385	event025.tbl#113	event025.tbl	113	MSG	KSU	s_a27_108	STABLE_1G1S	1257	ナルト…。	나루토…	
1386	1386	event025.tbl#114	event025.tbl	114	MSG	NRT	s_a27_109	DIRECT_TRANSLATE		え……。	어……?	
1387	1387	event025.tbl#115	event025.tbl	115	MSG	NRT	s_a27_110	EXCEPTION_1G1S	1258	姉ちゃん……？	누나…?	
1388	1388	event025.tbl#116	event025.tbl	116	MSG	KSU	s_a27_111	MERGE_SUBTITLE_PARTS_TO_1G	1259 1260	ごめんね……私にはもう力はない…。<br>アナタを助けることも…何もできない……。	미안해…… 나에겐 이제 힘이 없어…<br>널 도와줄 수도… 아무것도 할 수 없어……	<br>
1389	1389	event025.tbl#117	event025.tbl	117	MSG	KSU	s_a27_112	MERGE_SUBTITLE_PARTS_TO_1G	1261 1262	でも……それでも……。<br>ナルト…お願い……。	하지만…… 그래도……<br>나루토… 부탁이야……	<br>
1390	1390	event025.tbl#118	event025.tbl	118	MSG	NRT		DIRECT_TRANSLATE		……………。	…………….	
1391	1391	event025.tbl#119	event025.tbl	119	MSG	KSU	s_a27_113	STABLE_1G1S	1263	夕霧のみんなを………木ノ葉のみんなを…<br>助けてあげて…！！	저녁안개성 사람들을……… 나뭇잎 사람들을…<br>구해줘…!!	<br>
1392	1392	event025.tbl#120	event025.tbl	120	MSG	NRT		DIRECT_TRANSLATE		……。	…….	
1393	1393	event025.tbl#121	event025.tbl	121	MSG	NRT	s_a27_115	STABLE_1G1S	1264	へっ……へへへ…！	헤... 헤헤헤...!	
1394	1394	event025.tbl#122	event025.tbl	122	MSG	NRT	s_a27_116	STABLE_1G1S	1265	あっっっったりまえだっ！！！！	당연하지!!!!	
1395	1395	event025.tbl#123	event025.tbl	123	MSG	KSU	s_a27_117	EXCEPTION_1G1S	1266	え…！？	에…!?	
1396	1396	event025.tbl#124	event025.tbl	124	MSG	NRT	s_a27_118	STABLE_1G1S	1267	これってば…チャクラ…？	이건… 차크라…?	
1397	1397	event025.tbl#125	event025.tbl	125	MSG	KSU	s_a27_119	STABLE_1G1S	1268	あったかい…。	따뜻해...	
1398	1398	event025.tbl#126	event025.tbl	126	MSG	NRT	s_a27_120	STABLE_1G1S	1269	これなら…！！！	이거라면…!!!	
1399	1399	event025.tbl#127	event025.tbl	127	MSG	NRT		DIRECT_TRANSLATE		……………。	…………….	
1400	1400	event025.tbl#128	event025.tbl	128	MSG	NRT	s_a28_000	STABLE_1G1S	1272	…………あれ…どこだ…ここ…。	……어라… 여긴 어디지…	
1401	1401	event025.tbl#129	event025.tbl	129	MSG	NRT	s_a28_001	STABLE_1G1S	1273	オレってば…水晶を壊して…。	나… 수정을 부수고…	
1402	1402	event025.tbl#130	event025.tbl	130	MSG	NRT	s_a28_002	STABLE_1G1S	1274	そ、そうだ！　姉ちゃんは！？	아, 맞다! 누나는!?	
1403	1403	event025.tbl#131	event025.tbl	131	MSG	KSU	s_a28_003	STABLE_1G1S	1275	気がついたのね……。	정신이 들었구나…	
1404	1404	event025.tbl#132	event025.tbl	132	MSG	NRT	s_a28_004	STABLE_1G1S	1276	姉ちゃん…。	누나...	
1405	1405	event025.tbl#133	event025.tbl	133	MSG	KSU	s_a28_005	DIRECT_TRANSLATE		ナルト……。	나루토……	
1406	1406	event025.tbl#134	event025.tbl	134	MSG	KSU	s_a28_006	EXCEPTION_1G1S	1277	あなたのおかげで…私は救われた…。	네 덕분에… 난 구원받았어…	
1407	1407	event025.tbl#135	event025.tbl	135	MSG	NRT	s_a28_007	EXCEPTION_1G1S	1278	だから言ったろ？　<br>オレは約束を守るって！	그러니까 말했잖아?<br>난 약속은 지킨다고!	<br>
1408	1408	event025.tbl#136	event025.tbl	136	MSG	KSU	s_a28_009	EXCEPTION_1G1S	1279	フフ…。	후후...	
1409	1409	event025.tbl#137	event025.tbl	137	MSG	KSU	s_a28_010	EXCEPTION_1G1S	1280	アナタがいなければ私はずっと暗くて、<br>辛くて、苦しい思いをしていたわ。	네가 없었다면 난 계속 어둡고,<br>힘들고 괴로운 마음으로 살았을 거야.	<br>
1410	1410	event025.tbl#138	event025.tbl	138	MSG	NRT	s_a28_011	DIRECT_TRANSLATE		うん…。	응…	
1411	1411	event025.tbl#139	event025.tbl	139	MSG	KSU	s_a28_012	MERGE_SUBTITLE_PARTS_TO_1G	1281 1282	でも、アナタはそれを飛ばしてくれた。<br>私を暖かい場所に戻してくれた…。	하지만 넌 그걸 날려 버렸어.<br>날 따뜻한 곳으로 돌아오게 해 줬어…	<br>
1412	1412	event025.tbl#140	event025.tbl	140	MSG	KSU	s_a28_013	MERGE_SUBTITLE_PARTS_TO_1G	1283 1284 1285	アナタは私を救ってくれた…助けてくれた…。<br>こんな心地よさ…忘れてた…。	넌 날 구해 줬어… 도와줬어…<br>이런 포근함… 잊고 있었어…	<br>
1413	1413	event025.tbl#141	event025.tbl	141	MSG	NRT		DIRECT_TRANSLATE		…………。	………….	
1414	1414	event025.tbl#142	event025.tbl	142	MSG	KSU	s_a28_015	MERGE_SUBTITLE_PARTS_TO_1G	1286 1287	アナタに出会えたこと…、<br>私…絶対に忘れない。	너를 만난 걸…<br>나… 절대로 잊지 않을게.	<br>
1415	1415	event025.tbl#143	event025.tbl	143	MSG	NRT	s_a28_016	STABLE_1G1S	1288	あれ…！？	어라…!?	
1416	1416	event025.tbl#144	event025.tbl	144	MSG	KSU	s_a28_017	STABLE_1G1S	1289	ごめんね、もう行かなきゃ。	미안해, 이제 가봐야 해.	
1417	1417	event025.tbl#145	event025.tbl	145	MSG	NRT	s_a28_018	STABLE_1G1S	1290	そんなぁ…！	그럴 수가…!	
1418	1418	event025.tbl#146	event025.tbl	146	MSG	KSU	s_a28_019	MERGE_SUBTITLE_PARTS_TO_1G	1291 1292	フフ…アナタには<br>どんなにお礼を言っても足りない…。	후후… 너에겐<br>아무리 감사해도 모자라…	<br>
1419	1419	event025.tbl#147	event025.tbl	147	MSG	KSU	s_a28_020	EXCEPTION_1G1S	1293	私を…救ってくれて…ありがとう…。	나를 구해줘서… 고마워…	
1420	1420	event025.tbl#148	event025.tbl	148	MSG	NRT	s_a28_021	STABLE_1G1S	1294	へへっ…オレは当然のことを<br>しただけだってばよ。	헤헷… 난 당연한 걸<br>했을 뿐이라니깐.	<br>
1421	1421	event025.tbl#149	event025.tbl	149	MSG	KSU	s_a28_005	STABLE_1G1S	1295	ナルト……。	나루토...	
1422	1422	event025.tbl#150	event025.tbl	150	MSG	NRT	s_a28_023	STABLE_1G1S	1296	そういえば…さっきオレと出会ったこと<br>忘れないって姉ちゃん言ったよな。	그러고 보니… 아까 누나가 나랑 만난 걸<br>잊지 않겠다고 했었지.	<br>
1423	1423	event025.tbl#151	event025.tbl	151	MSG	KSU	s_a28_024	DIRECT_TRANSLATE		うん…。	응…	
1424	1424	event025.tbl#152	event025.tbl	152	MSG	NRT	s_a28_025	STABLE_1G1S	1297	オレも………姉ちゃんと出会ったこと…<br>ぜってー忘れねー。	나도……… 누나랑 만난 걸…<br>절대 잊지 않겠어.	<br>
1425	1425	event025.tbl#153	event025.tbl	153	MSG_FORCED	NRT	s_a28_026	DIRECT_TRANSLATE		約束だ！！	약속이야!!	
1426	1426	event025.tbl#154	event025.tbl	154	MSG	KSU		EXCEPTION_UNVOICED_1G1S	1298	……！	……!	
1427	1427	event025.tbl#155	event025.tbl	155	MSG	NRT	s_a28_028	STABLE_1G1S	1299	ニシシシシ！	히히히히!	
1428	1428	event025.tbl#156	event025.tbl	156	MSG_FORCED	KSU	s_a28_029	STABLE_1G1S	1300	私も……約束……！	나도… 약속…!	
1429	1429	event025.tbl#157	event025.tbl	157	MSG	NRT	s_a28_030	STABLE_1G1S	1301	……へへ。	…헤헤.	
1430	1430	event025.tbl#158	event025.tbl	158	MSG	KSU	s_a28_031	STABLE_1G1S	1302	フフフ…。	후후후...	
1431	1431	event025.tbl#159	event025.tbl	159	MSG	KSU	s_a28_032	STABLE_1G1S	1303	…ナルト……。	…나루토……	
1432	1432	event025.tbl#160	event025.tbl	160	MSG_FORCED	KSU	s_a28_033	STABLE_1G1S	1304	本当に……あり……う…。	정말로…… 고마…워…	
1433	1433	event025.tbl#161	event025.tbl	161	MSG_FORCED	KSU		DIRECT_TRANSLATE		……………。	…………….	
1434	1434	event025.tbl#162	event025.tbl	162	MSG	KSU		DIRECT_TRANSLATE		………。	……….	
1435	1435	event025.tbl#163	event025.tbl	163	MSG_FORCED	NRT	s_a28_035	STABLE_1G1S	1305	バイバイ…姉ちゃん……。	잘 가… 누나…….	
1436	1436	event025.tbl#164	event025.tbl	164	MSG	KKS	s_a28_036	STABLE_1G1S	1306	ナルト…。	나루토...	
1437	1437	event025.tbl#165	event025.tbl	165	MSG	KKS	s_a28_037	DIRECT_TRANSLATE		上手くやったようだな…。	잘 해낸 모양이군…	
1438	1438	event025.tbl#166	event025.tbl	166	MSG	NRT		DIRECT_TRANSLATE		……。	…….	
1439	1439	event025.tbl#167	event025.tbl	167	MSG	KKS	s_a28_038	EXCEPTION_1G1S	1307	<KOFF>（<KON>満足そうな顔して寝てやがる…<KOFF>）<KON>	<KOFF>（<KON>만족스러운 얼굴로 자고 있군…<KOFF>）<KON>	<KOFF> <KON> <KOFF> <KON>
1440	1440	event025.tbl#168	event025.tbl	168	MSG	KKS	s_a28_039	DIRECT_TRANSLATE		さあ、脱出だ。	자, 탈출하자.	
1441	1441	event025.tbl#169	event025.tbl	169	MSG	TND	s_a29_000	STABLE_1G1S	1308	フウ…。	후우...	
1442	1442	event025.tbl#170	event025.tbl	170	MSG	SZN	s_a29_001	STABLE_1G1S	1309	綱手様ー！	츠나데 님!	
1443	1443	event025.tbl#171	event025.tbl	171	MSG	TND	s_a29_002	STABLE_1G1S	1310	ん…何だ？　<br>騒々しい。	응… 뭐냐?<br>소란스럽군.	<br>
1444	1444	event025.tbl#172	event025.tbl	172	MSG	SZN	s_a29_003	STABLE_1G1S	1311	あの、カカシさん達の姿が見えないんですけど<br>どこに行ったか知りませんか？	저기, 카카시 씨 일행이 안 보이는데<br>어디 갔는지 알고 계신가요?	<br>
1445	1445	event025.tbl#173	event025.tbl	173	MSG	TND	s_a29_004	STABLE_1G1S	1312	カカシたち？	카카시네?	
1446	1446	event025.tbl#174	event025.tbl	174	MSG	SZN	s_a29_005	STABLE_1G1S	1313	はい。	예.	
1447	1447	event025.tbl#175	event025.tbl	175	MSG	SZN	s_a29_006	STABLE_1G1S	1314	例の無幻城の一件で、色々と任務が溜まったので<br>それをやって欲しかったんですが。	지난 무환성 사건으로 임무가 많이 쌓여서<br>그걸 처리해 줬으면 했는데요.	<br>
1448	1448	event025.tbl#176	event025.tbl	176	MSG	TND	s_a29_007	STABLE_1G1S	1315	カカシたちは特別な任務についてもらっている。<br>今は木ノ葉にいないぞ。	카카시 일행은 특별 임무 중이야.<br>지금은 나뭇잎 마을에 없어.	<br>
1449	1449	event025.tbl#177	event025.tbl	177	MSG	SZN	s_a29_008	STABLE_1G1S	1316	え…特別な任務？	에… 특별 임무…?	
1450	1450	event025.tbl#178	event025.tbl	178	MSG	TND	s_a29_009	STABLE_1G1S	1317	ああ…アイツらにしかできない<br>“特別”な任務だ。	그래… 그 녀석들밖에 할 수 없는<br>'특별'한 임무다.	<br>
1451	1451	event025.tbl#179	event025.tbl	179	MSG	SZN	s_a29_010	STABLE_1G1S	1318	…はぁ。	…하아.	
1452	1452	event025.tbl#180	event025.tbl	180	MSG	SKR		DIRECT_TRANSLATE		…………。	………….	
1453	1453	event025.tbl#181	event025.tbl	181	MSG	SKR	s_a29_011	STABLE_1G1S	1319	ねぇ、カカシ先生…。	저기… 카카시 선생님…	
1454	1454	event025.tbl#182	event025.tbl	182	MSG	KKS	s_a29_012	STABLE_1G1S	1320	ん？	응?	
1455	1455	event025.tbl#183	event025.tbl	183	MSG	SKR	s_a29_013	STABLE_1G1S	1321	里を出てずいぶん経ったけど、	마을을 나온 지도 꽤 됐는데…	
1456	1456	event025.tbl#184	event025.tbl	184	MSG	SKR	s_a29_014	STABLE_1G1S	1322	まだ目的地に着かないの？<br>私…もう疲れちゃったぁ。	아직 목적지에 안 도착했어요?<br>저… 벌써 지쳤어요.	<br>
1457	1457	event025.tbl#185	event025.tbl	185	MSG	KKS	s_a29_015	STABLE_1G1S	1323	ん～、いや…そろそろだ。	음~ 아니… 거의 다 왔다.	
1458	1458	event025.tbl#186	event025.tbl	186	MSG	NRT	s_a29_016	STABLE_1G1S	1324	サクラちゃんは体力ねーなぁ。<br>オレなんか全然疲れてねーぜ？	사쿠라짱은 체력이 없구만.<br>난 전혀 안 지쳤는데?	<br>
1459	1459	event025.tbl#187	event025.tbl	187	MSG	SKR	s_a29_017	STABLE_1G1S	1325	アンタって、ホント体力だけはすごいわね。	넌 정말 체력만큼은 대단하다니까.	
1460	1460	event025.tbl#188	event025.tbl	188	MSG	NRT	s_a29_018	STABLE_1G1S	1326	ニシシシシ！	이히히히히!	
1461	1461	event025.tbl#189	event025.tbl	189	MSG	SKR	s_a29_019	STABLE_1G1S	1327	はぁ～。	하아~	
1462	1462	event025.tbl#190	event025.tbl	190	MSG	KKS	s_a29_020	STABLE_1G1S	1328	お、そうこう話してるうちに<br>目的地に近づいたみたいね。	오, 얘기하는 사이에<br>목적지에 가까워진 모양이네.	<br>
1463	1463	event025.tbl#191	event025.tbl	191	MSG	NRT	s_a29_021	EXCEPTION_1G1S	1329	え！	에!	
1464	1464	event025.tbl#192	event025.tbl	192	MSG	KKS	s_a29_022	STABLE_1G1S	1330	あれだ。<br>あの丘を越えたら目的地に到着だ。	저기다.<br>저 언덕을 넘으면 목적지에 도착해.	<br>
1465	1465	event025.tbl#193	event025.tbl	193	MSG	NRT	s_a29_023	STABLE_1G1S	1331	あれか！！	저건가!!	
1466	1466	event025.tbl#194	event025.tbl	194	MSG	SKR	s_a29_024	STABLE_1G1S	1332	あ、こら！　一人で行っちゃ駄目じゃない！　<br>ナルト！	야, 잠깐! 혼자 가면 안 되잖아!<br>나루토!	<br>
1467	1467	event025.tbl#195	event025.tbl	195	MSG	KKS	s_a29_025	STABLE_1G1S	1333	まーまー、今日はいいでしょ。	뭐, 뭐… 오늘은 괜찮잖아.	
1468	1468	event025.tbl#196	event025.tbl	196	MSG_FORCED	NRT	s_a29_026	STABLE_1G1S	1334	うっはーーーー！！！！	우하아아아아!!!!	
1469	1469	event025.tbl#197	event025.tbl	197	MSG_FORCED	NRT	s_a29_027	DIRECT_TRANSLATE		すっっっげーー！！	굉장하다아아!!	
1470	1470	event100.tbl#001	event100.tbl	1	MSG	TND		DIRECT_TRANSLATE		…………。	………….	
1471	1471	event100.tbl#002	event100.tbl	2	MSG	JRY	s_b01_000	STABLE_1G1S	1351	綱手…！	츠나데…!	
1472	1472	event100.tbl#003	event100.tbl	3	MSG	TND	s_b01_001	STABLE_1G1S	1352	じ…自来也…！？	지… 지라이야…!?	
1473	1473	event100.tbl#004	event100.tbl	4	MSG	JRY	s_b01_002	MERGE_SUBTITLE_PARTS_TO_1G	1353 1354	ハァハァ…。<br>やはり…大惨事になっとったか…。	하아하아…<br>역시… 대참사가 벌어진 건가…	<br>
1474	1474	event100.tbl#005	event100.tbl	5	MSG	TND	s_b01_003	STABLE_1G1S	1355	お前、今の今までどこに行っていた！？	너, 지금까지 어디 갔던 거야!?	
1475	1475	event100.tbl#006	event100.tbl	6	MSG	JRY	s_b01_004	STABLE_1G1S	1356	しゅざ…ゴホン。<br>ちょっと任務があってのォ。	취재… 어흠.<br>잠깐 임무가 있어서 말이지.	<br>
1476	1476	event100.tbl#007	event100.tbl	7	MSG	TND	s_b01_005	STABLE_1G1S	1357	まったく…お前は里の一大事に…。	정말이지… 마을이 이 지경인데…	
1477	1477	event100.tbl#008	event100.tbl	8	MSG	JRY	s_b01_006	STABLE_1G1S	1358	と、今はそんなこと言ってる時じゃないだろ。	됐고, 지금 그런 말 할 때가 아니잖아.	
1478	1478	event100.tbl#009	event100.tbl	9	MSG	TND	s_b01_007	STABLE_1G1S	1359	フン…まあいい。<br>確かにお前の言う通りだからな…。	흥… 뭐, 좋아.<br>확실히 네 말이 맞으니까…	<br>
1479	1479	event100.tbl#010	event100.tbl	10	MSG	JRY	s_b01_008	STABLE_1G1S	1360	で、里は今どんな状況になってる？	그래서 마을은 지금 어떤 상태지?	
1480	1480	event100.tbl#011	event100.tbl	11	MSG	TND	s_b01_009	STABLE_1G1S	1361	想像していたよりも、状況の悪化は早い…。<br>すでに１０００名の者たちが倒れている。	생각보다 상황이 더 빨리 나빠지고 있어…<br>이미 1,000명이 쓰러졌어.	<br>
1481	1481	event100.tbl#012	event100.tbl	12	MSG	JRY	s_b01_010	STABLE_1G1S	1362	なるほど…。<br>こりゃおちおちしてられんか…。	그렇군…<br>이거 우물쭈물할 시간이 없겠군…	<br>
1482	1482	event100.tbl#013	event100.tbl	13	MSG	TND	s_b01_011	STABLE_1G1S	1363	お前…何を考えている？	너… 뭘 생각하는 거야?	
1483	1483	event100.tbl#014	event100.tbl	14	MSG	JRY	s_b01_012	STABLE_1G1S	1364	まあ…ここはワシに任せてもらおうか。	뭐… 여긴 나한테 맡겨 줘.	
1484	1484	event100.tbl#015	event100.tbl	15	MSG	SZN	s_b01_013	EXCEPTION_1G1S	1365	綱手様！　駄目です、<br>いくら治療をほどこしても全く回復しません！	츠나데 님! 안 됩니다.<br>아무리 치료해도 전혀 회복하지 않아요!	<br>
1485	1485	event100.tbl#016	event100.tbl	16	MSG	TND	s_b01_014	EXCEPTION_1G1S	1366	チィ…。	쳇...	
1486	1486	event100.tbl#017	event100.tbl	17	MSG	JRY	s_b01_015	STABLE_1G1S	1367	そりゃそうだろうな。	그야 그렇겠지.	
1487	1487	event100.tbl#018	event100.tbl	18	MSG	JRY	s_b01_016	STABLE_1G1S	1368	吸い取られた生気を取り戻さないことには<br>誰も回復はしないだろうのォ。	빼앗긴 생기를 되찾지 못하면<br>아무도 회복하지 못할 거야.	<br>
1488	1488	event100.tbl#019	event100.tbl	19	MSG	TND	s_b01_017	STABLE_1G1S	1369	生気を取り戻す…？　<br>どういうことだ？	생기를 되찾는다고…?<br>무슨 뜻이야?	<br>
1489	1489	event100.tbl#020	event100.tbl	20	MSG	JRY	s_b01_018	STABLE_1G1S	1370	あの無幻城には吸収した生気を<br>一所に集める習性があってな。	저 무환성은 흡수한 생기를<br>한곳에 모아두는 성질이 있어서 말이지.	<br>
1490	1490	event100.tbl#021	event100.tbl	21	MSG	JRY	s_b01_019	STABLE_1G1S	1371	その生気を集める物質を破壊せんことには<br>皆の回復は望めん。	그 생기를 모으는 물질을 부수지 않으면<br>모두의 회복은 기대할 수 없어.	<br>
1491	1491	event100.tbl#022	event100.tbl	22	MSG	TND	s_b01_020	MERGE_SUBTITLE_PARTS_TO_1G	1372 1373	なるほど…。　しかし解せないな。<br>お前、何故そこまで無幻城に詳しい？	그렇군… 하지만 이해가 안 돼.<br>넌 왜 그렇게까지 무환성을 잘 아는 거지?	<br>
1492	1492	event100.tbl#023	event100.tbl	23	MSG	JRY	s_b01_021	MERGE_SUBTITLE_PARTS_TO_1G	1374 1375	フン…あれは大蛇丸が作った術だからのォ。<br>ヤツを監視しているワシが知っていて当然だろう。	흥… 저건 오로치마루가 만든 술법이니까.<br>녀석을 감시하는 내가 아는 게 당연하지.	<br>
1493	1493	event100.tbl#024	event100.tbl	24	MSG	TND	s_b01_022	MERGE_SUBTITLE_PARTS_TO_1G	1376 1377	大蛇丸…。<br>やはりアイツが絡んでいたか…。	오로치마루…<br>역시 그 녀석이 얽혀 있었나…	<br>
1494	1494	event100.tbl#025	event100.tbl	25	MSG	JRY	s_b01_023	STABLE_1G1S	1378	とにかく、ワシはこれから無幻城に<br>向かおうと思うんだが…。	아무튼 난 지금부터 무환성에<br>갈 생각인데...	<br>
1495	1495	event100.tbl#026	event100.tbl	26	MSG	JRY	s_b01_024	STABLE_1G1S	1379	綱手、ちょっとお前に頼みがある。	츠나데, 잠깐 부탁이 하나 있어.	
1496	1496	event100.tbl#027	event100.tbl	27	MSG	TND	s_b01_025	STABLE_1G1S	1380	頼み？	부탁?	
1497	1497	event100.tbl#028	event100.tbl	28	MSG	JRY	s_b01_026	STABLE_1G1S	1381	ああ、すまんがワシの他にあと三人ほど<br>忍を連れて行きたいんだが…誰かおらんか。	그래, 미안하지만 나 말고 닌자 세 명을<br>더 데려가고 싶은데… 누구 없나?	<br>
1498	1498	event100.tbl#029	event100.tbl	29	MSG	TND	s_b01_027	MERGE_SUBTITLE_PARTS_TO_1G	1382 1383	忍…？　珍しいな、お前が他人の力を<br>当てにするなんて。	닌자…? 별일이군. 네가 남의 힘을<br>빌리려고 하다니.	<br>
1499	1499	event100.tbl#030	event100.tbl	30	MSG	JRY	s_b01_028	STABLE_1G1S	1384	まあ、ちょっと思うところがあってのォ。	뭐, 좀 생각이 있어서 말이지.	
1500	1500	event100.tbl#031	event100.tbl	31	MSG	TND	s_b01_029	MERGE_SUBTITLE_PARTS_TO_1G	1385 1386	思うところか…フン。<br>よし…この私自ら力を貸してやろう！	생각이 있다고… 흥.<br>좋아… 내가 직접 힘을 빌려주지!	<br>
1501	1501	event100.tbl#032	event100.tbl	32	MSG	JRY	s_b01_030	MERGE_SUBTITLE_PARTS_TO_1G	1387 1388	おいおい、火影のお前がここを離れていいのか？<br>他のヤツらの方がいいんじゃないかのォ？	이봐, 호카게인 네가 여길 떠나도 되겠어?<br>다른 녀석들이 낫지 않겠나?	<br>
1502	1502	event100.tbl#033	event100.tbl	33	MSG	TND	s_b01_031	STABLE_1G1S	1389	動ける者は皆、無幻城攻略…、<br>もしくは関係各国に情報収集に向かわせている。	움직일 수 있는 자는 전부 무환성 공략이나<br>관계국 정보 수집에 보냈어.	<br>
1503	1503	event100.tbl#034	event100.tbl	34	MSG	TND	s_b01_032	STABLE_1G1S	1390	指示出しはもういいだろ。	지시 내리는 일도 이제 끝났잖아.	
1504	1504	event100.tbl#035	event100.tbl	35	MSG	JRY	s_b01_033	STABLE_1G1S	1391	しかしな…。	하지만 말이지...	
1505	1505	event100.tbl#036	event100.tbl	36	MSG	TND	s_b01_034	MERGE_SUBTITLE_PARTS_TO_1G	1392 1393	それに、私も行った方が早く解決するだろう？<br>里の危険を早く拭ってやらないとな。	게다가 내가 가는 게 더 빨리 해결되겠지?<br>마을의 위험은 빨리 없애야 하니까.	<br>
1506	1506	event100.tbl#037	event100.tbl	37	MSG	JRY	s_b01_035	STABLE_1G1S	1394	まったく…なんつー火影だっての。<br>のォ…シズネ？	정말이지… 별난 호카게라니까…<br>안 그런가… 시즈네?	<br>
1507	1507	event100.tbl#038	event100.tbl	38	MSG	SZN	s_b01_036	STABLE_1G1S	1395	さすが綱手様！<br>私もお供します！	역시 츠나데 님!<br>저도 함께 가겠습니다!	<br>
1508	1508	event100.tbl#039	event100.tbl	39	MSG	JRY	s_b01_037	STABLE_1G1S	1396	はぁ…。<br>シズネ、お前まで…。	하아…<br>시즈네, 너까지…	<br>
1509	1509	event100.tbl#040	event100.tbl	40	MSG	SZN	s_b01_038	STABLE_1G1S	1397	さあ、自来也様！　<br>行きましょう！	자, 지라이야님!<br>가시죠!	<br>
1510	1510	event100.tbl#041	event100.tbl	41	MSG	JRY	s_b01_039	STABLE_1G1S	1398	ふう…まあしょうがない…。	후우… 뭐, 별 수 없지…	
1511	1511	event100.tbl#042	event100.tbl	42	MSG	JRY	s_b01_040	STABLE_1G1S	1399	それで…もう一人の忍だが、<br>綱手、心当たりはないかのォ？	그리고… 한 명 더 필요한데,<br>츠나데, 짐작 가는 사람 없나?	<br>
1512	1512	event100.tbl#043	event100.tbl	43	MSG	TND	s_b01_041	MERGE_SUBTITLE_PARTS_TO_1G	1400 1401	もう一人か。　そうだね…さっきも言った通り、<br>ここにはもう忍はいないんだが…。	한 명 더인가. 그래… 아까도 말했지만,<br>여기엔 이제 닌자가 없어…	<br>
1513	1513	event100.tbl#044	event100.tbl	44	MSG	TND	s_b01_042	EXCEPTION_1G1S	1402	無幻城に向かった者なら、<br>誰かを応援に呼ぶことができるかもしれん。	무환성으로 간 녀석 중에서라면,<br>누군가 지원으로 부를 수 있을지도 모르지.	<br>
1514	1514	event100.tbl#045	event100.tbl	45	MSG	JRY	s_b01_043	STABLE_1G1S	1403	ああ…それでいい。<br>すまんが、一人頼んでくれんかのォ？	그래… 그거면 됐어.<br>미안하지만 한 명 부탁할 수 있을까?	<br>
1515	1515	event100.tbl#046	event100.tbl	46	MSG	TND	s_b01_044	MERGE_SUBTITLE_PARTS_TO_1G	1404 1405	お前が何を考えているのか分からないが…、<br>まあいいだろう。　シズネ。	네가 무슨 생각인진 모르겠지만…<br>뭐, 좋겠지. 시즈네.	<br>
1516	1516	event100.tbl#047	event100.tbl	47	MSG	SZN	s_b01_045	STABLE_1G1S	1406	はい。<br>分かりました。	예.<br>알겠습니다.	<br>
1517	1517	event100.tbl#048	event100.tbl	48	MSG	SZN	s_b01_046	STABLE_1G1S	1407	あ、カカシさんですか？　<br>こちらシズネです。	아, 카카시 씨세요?<br>시즈네입니다.	<br>
1518	1518	event100.tbl#049	event100.tbl	49	MSG	SZN		DIRECT_TRANSLATE		……………。	…………….	
1519	1519	event100.tbl#050	event100.tbl	50	MSG	SZN	s_b01_047	STABLE_1G1S	1408	あの…突然すみません。<br>一度下に戻ってきてもらえませんか？	저기… 갑자기 죄송하지만,<br>잠깐 아래로 돌아와 주실 수 있을까요?	<br>
1520	1520	event100.tbl#051	event100.tbl	51	MSG	SZN		DIRECT_TRANSLATE		……………。	…………….	
1521	1521	event100.tbl#052	event100.tbl	52	MSG	SZN	s_b01_048	STABLE_1G1S	1409	はい…実は今から私たちも<br>無幻城に向かおうとしているのですが、	예… 실은 지금부터 저희도<br>무환성으로 가려는 참인데요.	<br>
1522	1522	event100.tbl#053	event100.tbl	53	MSG	SZN	s_b01_049	STABLE_1G1S	1410	自来也様がどうしても<br>応援が一人欲しいとおっしゃられてて…。	지라이야 님이 꼭<br>지원군 한 명이 필요하다고 하셔서…	<br>
1523	1523	event100.tbl#054	event100.tbl	54	MSG	SZN		DIRECT_TRANSLATE		……………。	……………	
1524	1524	event100.tbl#055	event100.tbl	55	MSG	SZN	s_b01_050	STABLE_1G1S	1411	そうなんですか？　よかった。<br>それじゃあよろしくお願いします。	그런가요? 다행이네요.<br>그럼 잘 부탁드립니다.	<br>
1525	1525	event100.tbl#056	event100.tbl	56	MSG	TND	s_b01_051	STABLE_1G1S	1412	で、何だって？	그래서 뭐래?	
1526	1526	event100.tbl#057	event100.tbl	57	MSG	SZN	s_b01_052	STABLE_1G1S	1413	はい。<br>カカシさんがすぐに戻ってきてくれるそうです。	예. 카카시 씨가<br>바로 내려와 주신다고 합니다.	<br>
1527	1527	event100.tbl#058	event100.tbl	58	MSG	JRY	s_b01_053	STABLE_1G1S	1414	これで何とかなるな。	이걸로 어떻게든 되겠군.	
1528	1528	event100.tbl#059	event100.tbl	59	MSG	TND		EXCEPTION_UNVOICED_1G1S	1415	……？	……?	
1529	1529	event100.tbl#060	event100.tbl	60	MSG	JRY	s_b01_054	STABLE_1G1S	1416	よし…時間がない。<br>ワシたちも無幻城に向かうぞ。	좋아… 시간이 없어.<br>우리도 무환성으로 가자.	<br>
1530	1530	event100.tbl#061	event100.tbl	61	MSG	JRY		DIRECT_TRANSLATE		……。	…….	
1531	1531	event100.tbl#062	event100.tbl	62	MSG	TND	s_b02_000	STABLE_1G1S	1417	フン…なかなかの門構えじゃないか。	흥… 제법 웅장하잖아.	
1532	1532	event100.tbl#063	event100.tbl	63	MSG	JRY	s_b02_001	STABLE_1G1S	1418	<KOFF>（<KON>無幻城になったとは言え、<br>　まだ…夕霧の名残が微かに残っておるのォ<KOFF>）<KON>	<KOFF>（<KON>무환성이 됐다고는 해도, 아직<br>저녁안개성의 흔적이 희미하게 남아 있군…<KOFF>）<KON>	<KOFF> <KON> <br> <KOFF> <KON>
1533	1533	event100.tbl#064	event100.tbl	64	MSG	JRY		DIRECT_TRANSLATE		…………。	………….	
1534	1534	event100.tbl#065	event100.tbl	65	MSG	JRY	s_b02_002	STABLE_1G1S	1419	<KOFF>（<KON>花澄……<KOFF>）<KON>	<KOFF>（<KON>카스미...<KOFF>）<KON>	<KOFF> <KON> <KOFF> <KON>
1535	1535	event100.tbl#066	event100.tbl	66	MSG	JRY	s_b02_003	STABLE_1G1S	1420	この城か…。<br>大蛇丸が変にかぎまわっている城は…。	이 성인가…<br>오로치마루가 묘하게 조사하던 성이…	<br>
1536	1536	event100.tbl#067	event100.tbl	67	MSG	JRY	s_b02_004	STABLE_1G1S	1421	よし…。<br>調べておくか…。	좋아…<br>조사해 볼까…	<br>
1537	1537	event100.tbl#068	event100.tbl	68	MSG	JRY	s_b02_005	STABLE_1G1S	1422	ふぅむ…何もないようだのォ…。<br>問題なし…か…。	흐음… 아무것도 없는 것 같군…<br>문제없는 건가…	<br>
1538	1538	event100.tbl#069	event100.tbl	69	MSG		s_b02_006	DIRECT_TRANSLATE		あら？　<br>そこにいる人は…誰？	어라?<br>저기 있는 사람은… 누구?	<br>
1539	1539	event100.tbl#070	event100.tbl	70	MSG	JRY	s_b02_007	EXCEPTION_1G1S	1424	げっ…！	켁...!	
1540	1540	event100.tbl#071	event100.tbl	71	MSG	KSU	s_b02_008	STABLE_1G1S	1425	どろぼう？	도둑…?	
1541	1541	event100.tbl#072	event100.tbl	72	MSG	JRY	s_b02_009	STABLE_1G1S	1426	ち…違う！　<br>ワシはそんな怪しいもんじゃないぞ！	아… 아냐!<br>난 그런 수상한 사람이 아니라고!	<br>
1542	1542	event100.tbl#073	event100.tbl	73	MSG	KSU	s_b02_010	DIRECT_TRANSLATE		？	?	
1543	1543	event100.tbl#074	event100.tbl	74	MSG	JRY	s_b02_011	STABLE_1G1S	1427	あー…あれだ！　えーと…行商！　<br>そう！　この城に行商に立ち寄っただけでのォ！	아… 그거다! 음… 행상!<br>그래! 이 성에 장사하러 들른 것뿐이야!	<br>
1544	1544	event100.tbl#075	event100.tbl	75	MSG	KSU	s_b02_012	STABLE_1G1S	1428	行商人？　本当に？	행상인? 진짜로?	
1545	1545	event100.tbl#076	event100.tbl	76	MSG	JRY	s_b02_013	STABLE_1G1S	1429	ガ…ガハハ！　ワシのこの美しい瞳は<br>ウソをついておるかのォ！？	카… 카하하! 내 이 아름다운 눈이<br>거짓말을 하고 있는 것 같나!?	<br>
1546	1546	event100.tbl#077	event100.tbl	77	MSG	KSU	s_b02_014	STABLE_1G1S	1430	美しい瞳？	아름다운 눈동자?	
1547	1547	event100.tbl#078	event100.tbl	78	MSG	KSU	s_b02_015	STABLE_1G1S	1431	プッ…フフフ…アハハ…！	푸… 후후후… 아하하…!	
1548	1548	event100.tbl#079	event100.tbl	79	MSG	JRY	s_b02_016	STABLE_1G1S	1432	な…何でそこで笑いが出るかのォ…。	뭐… 왜 거기서 웃는 거야…	
1549	1549	event100.tbl#080	event100.tbl	80	MSG	KSU	s_b02_017	STABLE_1G1S	1433	ごめんなさい…だって…フフフ！	미안해요… 그래도… 후후후!	
1550	1550	event100.tbl#081	event100.tbl	81	MSG	JRY	s_b02_018	STABLE_1G1S	1434	な…何か納得いかん…。	뭐… 뭔가 납득이 안 가는데…	
1551	1551	event100.tbl#082	event100.tbl	82	MSG	HST	s_b02_019	STABLE_1G1S	1435	姫！　変な声が聞こえましたが、<br>何かありましたか！？	공주님! 이상한 목소리가 들렸습니다만,<br>무슨 일 있으십니까!?	<br>
1552	1552	event100.tbl#083	event100.tbl	83	MSG	KSU	s_b02_020	STABLE_1G1S	1436	ううん…！　<br>ちょっと友達が来てるだけよ。	아뇨…!<br>잠깐 친구가 놀러 온 것뿐이에요.	<br>
1553	1553	event100.tbl#084	event100.tbl	84	MSG	JRY	s_b02_021	STABLE_1G1S	1437	ひ…姫？	공… 공주?	
1554	1554	event100.tbl#085	event100.tbl	85	MSG	KSU	s_b02_022	MERGE_SUBTITLE_PARTS_TO_1G	1438 1439	フフ…アナタはウソつきではないわ。<br>行商人さん。	후후… 당신은 거짓말하는 사람이 아니네요.<br>행상인 씨.	<br>
1555	1555	event100.tbl#086	event100.tbl	86	MSG	JRY	s_b02_023	STABLE_1G1S	1440	ほう！　<br>じゃあ…お前が城主の花澄なのか！？	호오! 그럼…<br>네가 성주인 카스미란 말인가!?	<br>
1556	1556	event100.tbl#087	event100.tbl	87	MSG	KSU	s_b02_024	STABLE_1G1S	1441	ええ。	네.	
1557	1557	event100.tbl#088	event100.tbl	88	MSG	JRY	s_b02_025	STABLE_1G1S	1442	いや、これは無礼な態度を<br>見せてしまったようだのォ…悪かった。	이거, 내가 무례한 태도를 보인 모양이군…<br>미안하네.	<br>
1558	1558	event100.tbl#089	event100.tbl	89	MSG	KSU	s_b02_026	STABLE_1G1S	1443	フフ。<br>いいんですよ、私も楽しかったし。	후후.<br>괜찮아요, 저도 즐거웠으니까요.	<br>
1559	1559	event100.tbl#090	event100.tbl	90	MSG	JRY	s_b02_027	STABLE_1G1S	1444	いいや、そうはいかん。<br>何かお詫びをせんとのォ。	아니, 그럴 순 없지.<br>사과의 뜻으로 뭔가 해야겠군.	<br>
1560	1560	event100.tbl#091	event100.tbl	91	MSG	KSU	s_b02_028	STABLE_1G1S	1445	別にいいのに…。	정말 괜찮은데…	
1561	1561	event100.tbl#092	event100.tbl	92	MSG	JRY	s_b02_029	STABLE_1G1S	1446	よし、数日待っておれ。<br>いいものを持って来てやるからのォ。	좋아, 며칠만 기다려.<br>좋은 걸 가져다줄 테니 말이야.	<br>
1562	1562	event100.tbl#093	event100.tbl	93	MSG	KSU	s_b02_030	STABLE_1G1S	1447	いいもの？	좋은 것?	
1563	1563	event100.tbl#094	event100.tbl	94	MSG	JRY	s_b02_031	STABLE_1G1S	1448	フッフッフ。<br>まあ楽しみに待ってろのォ。	후후훗.<br>뭐, 기대하며 기다려 보라고.	<br>
1564	1564	event100.tbl#095	event100.tbl	95	MSG		s_b02_032	DIRECT_TRANSLATE		らい…や…。	지라…이야…	
1565	1565	event100.tbl#096	event100.tbl	96	MSG	TND	s_b02_033	EXCEPTION_1G1S	1449	自来也！	지라이야!	
1566	1566	event100.tbl#097	event100.tbl	97	MSG	JRY	s_b02_034	STABLE_1G1S	1450	――！	――!	
1567	1567	event100.tbl#098	event100.tbl	98	MSG	JRY	s_b02_035	STABLE_1G1S	1451	綱手…？　<br>どうした…？	츠나데…?<br>왜 그러나?	<br>
1568	1568	event100.tbl#099	event100.tbl	99	MSG	TND	s_b02_036	STABLE_1G1S	1452	どうしたもこうしたもない。<br>急にぼけっとして何考えてんだい？	뭐긴 뭐야.<br>갑자기 가만히 서서 무슨 생각을 한 거야?	<br>
1569	1569	event100.tbl#100	event100.tbl	100	MSG	JRY	s_b02_037	STABLE_1G1S	1453	いや…ちょっと昔のことを思い出してのォ…。	아니… 잠깐 옛날 일이 떠올라서 말이지…	
1570	1570	event100.tbl#101	event100.tbl	101	MSG	TND	s_b02_038	STABLE_1G1S	1454	はぁ～、これから無幻城に入るってのに、<br>のんきなヤツだね。	하아~ 지금부터 무환성에 들어가야 하는데,<br>느긋한 녀석이네.	<br>
1571	1571	event100.tbl#102	event100.tbl	102	MSG	JRY	s_b02_039	STABLE_1G1S	1455	フン…！　<br>ちゃんと中ではしっかりするっての。	흥…!<br>안에서는 정신 차릴 거라고.	<br>
1572	1572	event100.tbl#103	event100.tbl	103	MSG	TND	s_b02_040	MERGE_SUBTITLE_PARTS_TO_1G	1456 1457	頼むぞ…？　<br>よし！　それじゃあ行くぞ！	잘 좀 해…?<br>좋아! 그럼 가자!	<br>
1573	1573	event100.tbl#104	event100.tbl	104	MSG	JRY		DIRECT_TRANSLATE		…………。	………….	
1574	1574	event100.tbl#105	event100.tbl	105	MSG	SZN	s_b03_000	STABLE_1G1S	1458	外見以上に…中は不気味ですね…。	보기보다… 안은 더 으스스하네요…	
1575	1575	event100.tbl#106	event100.tbl	106	MSG	TND	s_b03_001	MERGE_SUBTITLE_PARTS_TO_1G	1459 1460	だからと言ってここで足を止めてるわけには<br>いかない。　さっさと先に進むよ。	그렇다고 여기서 멈춰 있을 순 없어.<br>어서 앞으로 가자.	<br>
1576	1576	event100.tbl#107	event100.tbl	107	MSG	JRY	s_b03_002	STABLE_1G1S	1461	さて…。	자, 그럼…	
1577	1577	event100.tbl#108	event100.tbl	108	MSG	JRY	s_b03_003	STABLE_1G1S	1462	<KOFF>（<KON>無幻城…。<br>　今回はひかんぞ…<KOFF>）<KON>	<KOFF>（<KON>무환성…<br>이번에는 물러나지 않겠다…<KOFF>）<KON>	<KOFF> <KON> <br> <KOFF> <KON>
1578	1578	event101.tbl#001	event101.tbl	1	MSG	JRY		EXCEPTION_UNVOICED_1G1S	1463	……！？	……!?	
1579	1579	event101.tbl#002	event101.tbl	2	MSG	SZN	s_b03_004	STABLE_1G1S	1464	あら、ナルトくん…？　<br>こんな所にいたんですか…？	어라, 나루토 군…?<br>이런 데 있었군요…?	<br>
1580	1580	event101.tbl#003	event101.tbl	3	MSG	JRY	s_b03_005	STABLE_1G1S	1465	待てシズネ！　<br>アイツはナルトではない！	기다려, 시즈네!<br>저 녀석은 나루토가 아니야!	<br>
1581	1581	event101.tbl#004	event101.tbl	4	MSG	SZN	s_b03_006	STABLE_1G1S	1466	え…！？	에…!?	
1582	1582	event101.tbl#005	event101.tbl	5	MSG	SZN	s_b03_007	DIRECT_TRANSLATE		なっ！！？	뭐!!?	
1583	1583	event101.tbl#006	event101.tbl	6	MSG	JRY	s_b03_008	STABLE_1G1S	1467	来るぞ！！	온다!!	
1584	1584	event101.tbl#007	event101.tbl	7	MSG	TND	s_b03_009	MERGE_SUBTITLE_PARTS_TO_1G	1468 1469	なるほど…今のが、<br>この城が生み出す幻影か…。	그렇군… 방금 그게<br>이 성이 만들어 내는 환영인가…	<br>
1585	1585	event101.tbl#008	event101.tbl	8	MSG	JRY	s_b03_010	STABLE_1G1S	1470	気をつけろ、これからいたる所で<br>襲撃してくるからのォ。	조심해라. 이제부터 가는 곳마다<br>습격해 올 테니까 말야.	<br>
1586	1586	event101.tbl#009	event101.tbl	9	MSG	TND	s_b03_011	STABLE_1G1S	1471	まったく…幻影と分かっていても…<br>いい気分じゃないね…これは…。	정말이지… 환영이란 걸 알면서도…<br>기분이 좋은 건 아니군…	<br>
1587	1587	event102.tbl#001	event102.tbl	1	MSG	TND	s_b04_000	STABLE_1G1S	1472	よし…それじゃあ先に進むぞ。	좋아… 그럼 앞으로 가자.	
1588	1588	event102.tbl#002	event102.tbl	2	MSG	JRY	s_b04_001	STABLE_1G1S	1473	待て、綱手。<br>そっちじゃない。	기다려, 츠나데.<br>그쪽이 아니야.	<br>
1589	1589	event102.tbl#003	event102.tbl	3	MSG	TND	s_b04_002	STABLE_1G1S	1474	何？	뭐?	
1590	1590	event102.tbl#004	event102.tbl	4	MSG	SZN	s_b04_003	STABLE_1G1S	1475	そっちじゃないって…、<br>この部屋には他に何もないですよ…？	그쪽이 아니라니…<br>이 방엔 다른 건 아무것도 없는데요…?	<br>
1591	1591	event102.tbl#005	event102.tbl	5	MSG	JRY	s_b04_004	STABLE_1G1S	1476	お前たち…分からないか…？	너희… 모르겠나…?	
1592	1592	event102.tbl#006	event102.tbl	6	MSG	SZN	s_b04_005	STABLE_1G1S	1477	え？	에?	
1593	1593	event102.tbl#007	event102.tbl	7	MSG	TND	s_b04_006	MERGE_SUBTITLE_PARTS_TO_1G	1478 1479	フン…なるほどな。<br>これは『此処非<KOFF>（<KON>ここにあらず<KOFF>）<KON>の術』か。	흥… 그렇군.<br>이건 『차처비<KOFF>（<KON>거짓 장소<KOFF>）<KON>의 술』인가.	<br> <KOFF> <KON> <KOFF> <KON>
1594	1594	event102.tbl#008	event102.tbl	8	MSG	SZN	s_b04_007	STABLE_1G1S	1480	此処非の術…？	차처비의 술…?	
1595	1595	event102.tbl#009	event102.tbl	9	MSG	SZN	s_b04_008	STABLE_1G1S	1481	それって自分のいる場所を<br>他の場所に思わせる術ですよね…。	그건 자신이 있는 장소를<br>다른 장소로 착각하게 만드는 술법이었죠…?	<br>
1596	1596	event102.tbl#010	event102.tbl	10	MSG	SZN	s_b04_009	STABLE_1G1S	1482	それがここにかけられてると言うんですか…？	그게 여기에 걸려 있단 말입니까…?	
1597	1597	event102.tbl#011	event102.tbl	11	MSG	JRY	s_b04_010	STABLE_1G1S	1483	ああ…それも大蛇丸が直々にかけた<br>強力なヤツがここにかかっている。	그래… 그것도 오로치마루가 직접 건<br>강력한 술법이 여기 걸려 있지.	<br>
1598	1598	event102.tbl#012	event102.tbl	12	MSG	SZN	s_b04_011	STABLE_1G1S	1484	そんな…気が付かなかった…。	그럴 수가… 전혀 눈치채지 못했습니다…	
1599	1599	event102.tbl#013	event102.tbl	13	MSG	TND	s_b04_012	STABLE_1G1S	1485	シズネ、ショックを受けてる暇はないよ。	시즈네, 놀라고 있을 시간 없어.	
1600	1600	event102.tbl#014	event102.tbl	14	MSG	SZN	s_b04_013	STABLE_1G1S	1486	は…はい！	예… 예!	
1601	1601	event102.tbl#015	event102.tbl	15	MSG	JRY	s_b04_014	STABLE_1G1S	1487	よし…術を解くぞ。	좋아… 술법을 풀겠다.	
1602	1602	event102.tbl#016	event102.tbl	16	MSG_FORCED	JRY	s_b04_015	STABLE_1G1S	1488	解！！	해!!	
1603	1603	event102.tbl#017	event102.tbl	17	MSG	SZN	s_b04_016	DIRECT_TRANSLATE		これは…！	이건…!	
1604	1604	event102.tbl#018	event102.tbl	18	MSG	JRY	s_b04_017	STABLE_1G1S	1489	これが、無幻城の地下に続く階段だ。	이게 무환성 지하로 이어지는 계단이다.	
1605	1605	event102.tbl#019	event102.tbl	19	MSG	TND	s_b04_018	STABLE_1G1S	1490	フン…さしずめ裏・無幻城への<br>入り口ってわけか…。	흥… 말하자면 '이면 무환성'으로<br>들어가는 입구인 셈인가…	<br>
1606	1606	event102.tbl#020	event102.tbl	20	MSG	JRY	s_b04_019	STABLE_1G1S	1491	さて、ここからが本番だ。<br>気を抜くなよ。	자, 여기서부터가 진짜 시작이다.<br>방심하지 마라.	<br>
1607	1607	event102.tbl#021	event102.tbl	21	MSG		s_b04_020	STABLE_1G1S	1493	なるほど…。	과연…	
1608	1608	event102.tbl#022	event102.tbl	22	MSG	JRY		DIRECT_TRANSLATE		……！	……!	
1609	1609	event102.tbl#023	event102.tbl	23	MSG	KKS	s_b04_021	STABLE_1G1S	1494	まさか…此処非の術がかけられてあったとは…。<br>気付きませんでしたよ。	설마… 차처비의 술이 걸려 있었을 줄이야…<br>눈치채지 못했습니다.	<br>
1610	1610	event102.tbl#024	event102.tbl	24	MSG	TND	s_b04_022	MERGE_SUBTITLE_PARTS_TO_1G	1495 1496	カ…カカシ！？　<br>お前…ずいぶんと早かったな！？	카… 카카시!?<br>너… 꽤 빨리 왔구나!?	<br>
1611	1611	event102.tbl#025	event102.tbl	25	MSG	KKS	s_b04_023	STABLE_1G1S	1497	ま、結構飛ばしてきましたからね。	뭐, 꽤 서둘러 왔으니까요.	
1612	1612	event102.tbl#026	event102.tbl	26	MSG	JRY	s_b04_024	STABLE_1G1S	1498	すまないな、カカシ。<br>急に呼び出して。	미안하군, 카카시.<br>갑자기 불러내서.	<br>
1613	1613	event102.tbl#027	event102.tbl	27	MSG	KKS	s_b04_025	STABLE_1G1S	1499	いえ。<br>で、オレに用って何ですか？	아뇨.<br>그래서 제게 무슨 볼일이신가요?	<br>
1614	1614	event102.tbl#028	event102.tbl	28	MSG	JRY	s_b04_026	STABLE_1G1S	1500	それのことなんだが…。<br>ちょっと手伝ってほしいことがあってのォ。	그거 말인데…<br>좀 도와줬으면 하는 일이 있어서 말이지.	<br>
1615	1615	event102.tbl#029	event102.tbl	29	MSG	KKS	s_b04_027	STABLE_1G1S	1501	手伝って欲しいこと…？	도와줬으면 하는 일…?	
1616	1616	event102.tbl#030	event102.tbl	30	MSG	JRY	s_b04_028	STABLE_1G1S	1502	ああ、少しだけワシたちについて来てくれんか。	그래, 잠시 우리를 따라와 주지 않겠나.	
1617	1617	event102.tbl#031	event102.tbl	31	MSG	KKS	s_b04_029	STABLE_1G1S	1503	はぁ、それは構わないのですが、実はオレの方も<br>ちょっとお二人に聞きたいことがあるんです。	네, 그건 상관없습니다만, 실은 저도<br>두 분께 묻고 싶은 게 있습니다.	<br>
1618	1618	event102.tbl#032	event102.tbl	32	MSG	TND	s_b04_030	STABLE_1G1S	1504	聞きたいこと…？	묻고 싶은 것…?	
1619	1619	event102.tbl#033	event102.tbl	33	MSG	JRY	s_b04_031	STABLE_1G1S	1505	まあ、話は進みながらでもできるだろ。<br>今は先に進むぞ。	뭐, 얘기는 가면서도 할 수 있겠지.<br>지금은 앞으로 가자.	<br>
1620	1620	event102.tbl#034	event102.tbl	34	MSG	KKS	s_b04_032	STABLE_1G1S	1506	そうですね。	그렇군요.	
1621	1621	event103.tbl#001	event103.tbl	1	MSG	KKS	s_b04_033	STABLE_1G1S	1507	くっ…ここは…。	큭… 여긴…	
1622	1622	event103.tbl#002	event103.tbl	2	MSG	SZN	s_b04_034	STABLE_1G1S	1508	上とは違って…瘴気が濃いみたいですね…。	위와는 다르게… 독기가 짙은 것 같네요…	
1623	1623	event103.tbl#003	event103.tbl	3	MSG	JRY	s_b04_035	STABLE_1G1S	1509	当然だ…今から向かう先は吸収された<br>生気が集まっている場所だからのォ。	당연하지… 지금부터 갈 곳은 흡수된<br>생기가 모여 있는 장소니까.	<br>
1624	1624	event103.tbl#004	event103.tbl	4	MSG	TND	s_b04_036	STABLE_1G1S	1510	だが…今は前に進まないとな…。<br>里が…。	하지만… 지금은 앞으로 가야겠지…<br>마을이…	<br>
1625	1625	event103.tbl#005	event103.tbl	5	MSG	JRY	s_b04_037	STABLE_1G1S	1511	ああ…。<br>急ぐぞ！	그래…<br>서두르자!	<br>
1626	1626	event104.tbl#001	event104.tbl	1	MSG	JRY	s_b05_000	STABLE_1G1S	1512	さて…カカシ。<br>お前、聞きたいことがあるって言っていたな。	자… 카카시.<br>너, 묻고 싶은 게 있다고 했었지.	<br>
1627	1627	event104.tbl#002	event104.tbl	2	MSG	KKS	s_b05_001	STABLE_1G1S	1513	はい。	예.	
1628	1628	event104.tbl#003	event104.tbl	3	MSG	TND	s_b05_002	STABLE_1G1S	1514	何だ、言ってみろ。	뭐냐, 말해봐라.	
1629	1629	event104.tbl#004	event104.tbl	4	MSG	KKS	s_b05_003	STABLE_1G1S	1515	ええ、実は上の階で…。	네, 실은 위층에서…	
1630	1630	event104.tbl#006	event104.tbl	6	MSG	KKS	s_b05_004	STABLE_1G1S	1517	…ということがありまして…。	…그런 일이 있었습니다…	
1631	1631	event104.tbl#007	event104.tbl	7	MSG	KKS	s_b05_005	STABLE_1G1S	1518	どうもオレには花澄姫と霧姫が<br>同一人物に感じてならないんです。	전 아무래도 카스미 공주와 키리히메가<br>같은 사람인 것 같습니다.	<br>
1632	1632	event104.tbl#008	event104.tbl	8	MSG	JRY		DIRECT_TRANSLATE		………。	……….	
1633	1633	event104.tbl#009	event104.tbl	9	MSG	KKS	s_b05_006	EXCEPTION_1G1S	1520	まぁ、まだオレの予想のはんちゅうを<br>超えてないんですが。	뭐, 아직 제 예상의 범주를 벗어나지<br>못하고 있습니다만.	<br>
1634	1634	event104.tbl#010	event104.tbl	10	MSG	KKS	s_b05_007	EXCEPTION_1G1S	1521	ただ…姫の様子を見る限り、<br>木ノ葉と何かあったことは確か…。	하지만… 공주의 모습을 보아선,<br>나뭇잎과 뭔가 있었던 건 확실합니다…	<br>
1635	1635	event104.tbl#011	event104.tbl	11	MSG	SZN	s_b05_008	STABLE_1G1S	1522	それで、木ノ葉と夕霧の間に何かなかったか、<br>それを聞きたいんですね？	그래서 나뭇잎과 저녁안개 사이에 무슨 일이<br>있었는지 묻고 싶으신 거군요?	<br>
1636	1636	event104.tbl#012	event104.tbl	12	MSG	KKS	s_b05_009	STABLE_1G1S	1523	ええ。	예.	
1637	1637	event104.tbl#013	event104.tbl	13	MSG	TND	s_b05_010	STABLE_1G1S	1524	自来也。<br>この件に関してはお前が専門だろう？	지라이야.<br>이 일에 관해선 네가 전문이지?	<br>
1638	1638	event104.tbl#014	event104.tbl	14	MSG	JRY		DIRECT_TRANSLATE		……………。	……………	
1639	1639	event104.tbl#015	event104.tbl	15	MSG	JRY	s_b05_011	STABLE_1G1S	1525	ふぅ…。	후우...	
1640	1640	event104.tbl#016	event104.tbl	16	MSG	JRY	s_b05_012	MERGE_SUBTITLE_PARTS_TO_1G	1526 1527	カカシ…お前の言うことは間違っていない。<br>霧姫は花澄だ。	카카시… 네 말은 틀리지 않았어.<br>키리히메는 카스미다.	<br>
1641	1641	event104.tbl#017	event104.tbl	17	MSG	KKS	s_b05_013	STABLE_1G1S	1528	やはりそうでしたか…。	역시 그랬군요...	
1642	1642	event104.tbl#018	event104.tbl	18	MSG	TND	s_b05_014	MERGE_SUBTITLE_PARTS_TO_1G	1529 1530	ちょっと待て、なぜそう言い切れる？　<br>仮面をはいで素顔を確かめたのか？	잠깐, 왜 그렇게 단정하는 거지?<br>가면을 벗겨 얼굴이라도 확인했나?	<br>
1643	1643	event104.tbl#019	event104.tbl	19	MSG	JRY	s_b05_015	MERGE_SUBTITLE_PARTS_TO_1G	1531 1532	アイツの…霧姫の頭には…ワシが花澄に贈った<br>髪飾りがついていたのだから…気付いて当然だ。	키리히메 머리에 내가 카스미에게 준<br>머리장식이 있었으니 바로 알았지.	<br>
1644	1644	event104.tbl#020	event104.tbl	20	MSG	TND	s_b05_016	STABLE_1G1S	1533	髪飾り…？	머리장식…?	
1645	1645	event104.tbl#021	event104.tbl	21	MSG	JRY		DIRECT_TRANSLATE		…………。	………….	
1646	1646	event104.tbl#022	event104.tbl	22	MSG	KSU	s_b05_017	STABLE_1G1S	1534	え…これを…！？	에… 이걸…!?	
1647	1647	event104.tbl#023	event104.tbl	23	MSG	JRY	s_b05_018	STABLE_1G1S	1535	ああ。<br>これが前に言った、お詫びの品だ。	그래.<br>전에 말했던 사과의 선물이다.	<br>
1648	1648	event104.tbl#024	event104.tbl	24	MSG	KSU	s_b05_019	STABLE_1G1S	1536	でも…こんな綺麗な髪飾り…もらえない…。	하지만… 이렇게 예쁜<br>머리장식… 받을 수 없어요…	
1649	1649	event104.tbl#025	event104.tbl	25	MSG	JRY	s_b05_020	STABLE_1G1S	1537	ガハハハハ！　遠慮することはないのォ！<br>ワシはこう見えても売れっ子の作家だからのォ！	가하하하하! 사양할 것 없다!<br>난 이래 봬도 잘나가는 작가니까 말야!	<br>
1650	1650	event104.tbl#026	event104.tbl	26	MSG	KSU	s_b05_021	STABLE_1G1S	1538	あら？　<br>美しい瞳の行商人ではなかったですか？	어라?<br>아름다운 눈동자의 행상인이 아니었나요?	<br>
1651	1651	event104.tbl#027	event104.tbl	27	MSG	JRY	s_b05_022	STABLE_1G1S	1539	う…。　ま…まあいい男にはいくつもの顔が<br>あるもんだからのォ！	으… 그… 뭐, 멋진 남자에겐 여러 가지<br>얼굴이 있는 법이니까!	<br>
1652	1652	event104.tbl#028	event104.tbl	28	MSG	KSU	s_b05_023	STABLE_1G1S	1540	フフフ…。	후후후…	
1653	1653	event104.tbl#029	event104.tbl	29	MSG	JRY	s_b05_024	MERGE_SUBTITLE_PARTS_TO_1G	1541 1542	とにかく、その髪飾りはプレゼントだ。<br>お前専用に作ってもらった特注品だからのォ。	아무튼 그 머리장식은 선물이야.<br>너만을 위해 만든 특별 주문품이니까.	<br>
1654	1654	event104.tbl#030	event104.tbl	30	MSG	KSU	s_b05_025	STABLE_1G1S	1543	特注で…？　<br>あ…ありがとう…。	특별 주문으로…?<br>고… 고마워요…	<br>
1655	1655	event104.tbl#031	event104.tbl	31	MSG	JRY	s_b05_026	STABLE_1G1S	1544	ウムウム！	음, 음!	
1656	1656	event104.tbl#032	event104.tbl	32	MSG	KSU	s_b05_027	STABLE_1G1S	1545	あの…ひとつ聞いていいですか？	저기… 한 가지 물어봐도 될까요?	
1657	1657	event104.tbl#033	event104.tbl	33	MSG	JRY	s_b05_028	STABLE_1G1S	1546	ん？　何だ？	응? 뭔데?	
1658	1658	event104.tbl#034	event104.tbl	34	MSG	KSU	s_b05_029	STABLE_1G1S	1547	この髪飾りにあしらわれているのって…、<br>つりがね草ですよね…？	이 머리장식에 달린 건…<br>잔대꽃이죠…?	<br>
1659	1659	event104.tbl#035	event104.tbl	35	MSG	JRY	s_b05_030	STABLE_1G1S	1548	おお、よく分かったのォ。<br>その通りだ。	오오, 잘 알아봤군.<br>맞다.	<br>
1660	1660	event104.tbl#036	event104.tbl	36	MSG	KSU	s_b05_031	STABLE_1G1S	1549	やっぱり…。<br>フフフフ…。	역시…<br>후후후후…	<br>
1661	1661	event104.tbl#037	event104.tbl	37	MSG	JRY	s_b05_032	STABLE_1G1S	1550	な…何だ？　<br>何がおかしい？	뭐… 뭐냐?<br>뭐가 웃긴 거야?	<br>
1662	1662	event104.tbl#038	event104.tbl	38	MSG	KSU	s_b05_033	STABLE_1G1S	1551	たしか…つりがね草の花言葉って…“感謝”。<br>じゃあこれって…。	분명… 잔대꽃의 꽃말은… '감사'.<br>그럼 이건…	<br>
1663	1663	event104.tbl#039	event104.tbl	39	MSG	JRY	s_b05_034	STABLE_1G1S	1552	ゴ…ゴホン！！！　<br>まぁ…何だ…その…それは偶然だ！	어… 어흠!!!<br>뭐… 그… 그건 우연이다!	<br>
1664	1664	event104.tbl#040	event104.tbl	40	MSG	KSU	s_b05_035	STABLE_1G1S	1553	<KOFF>（<KON>フフ…私専用に作ってもらったって言ったのに…<KOFF>）<KON>	<KOFF>（<KON>후후… 내 전용으로<br>만드셨다고 해놓고선…<KOFF>）<KON>	<KOFF> <KON> <KOFF> <KON>
1665	1665	event104.tbl#041	event104.tbl	41	MSG	KSU	s_b05_036	STABLE_1G1S	1554	でも…本当にありがとう……。<br>これ…絶対大切にします…！	그래도… 정말 고마워요…….<br>이거… 꼭 소중히 할게요…!	<br>
1666	1666	event104.tbl#042	event104.tbl	42	MSG	JRY	s_b05_037	STABLE_1G1S	1555	そ…そうか。<br>ガハハハハ！	그… 그런가.<br>가하하하하!	<br>
1667	1667	event104.tbl#043	event104.tbl	43	MSG	KSU	s_b05_038	STABLE_1G1S	1556	うれしい……。	기뻐…….	
1668	1668	event104.tbl#044	event104.tbl	44	MSG	JRY	s_b05_039	DIRECT_TRANSLATE		フッ…。	훗…	
1669	1669	event104.tbl#045	event104.tbl	45	MSG	JRY	s_b05_040	STABLE_1G1S	1557	それから間もなくして、夕霧が大蛇丸の<br>手によって落ちたという情報が入った。	그 뒤 얼마 안 돼, 저녁안개성이<br>오로치마루에게 함락됐다는 정보가 들어왔다.	<br>
1670	1670	event104.tbl#046	event104.tbl	46	MSG	JRY	s_b05_041	STABLE_1G1S	1558	ワシはすぐに救援に向かったのだが…。	난 곧바로 구하러 갔지만…	
1671	1671	event104.tbl#047	event104.tbl	47	MSG	JRY	s_b05_042	MERGE_SUBTITLE_PARTS_TO_1G	1559 1560	時…すでに遅く…。<br>夕霧はその場から消え失せてしまっていた…。	하지만… 이미 늦었고…<br>저녁안개성은 그곳에서 사라져 버렸어…	<br>
1672	1672	event104.tbl#048	event104.tbl	48	MSG	JRY	s_b05_043	EXCEPTION_1G1S	1561	それから時が経って、無幻城という城が出現し、<br>被害が出ている、という情報を得てな…。	그 뒤 무환성이 나타나 피해가 생긴다는<br>정보를 얻었지…	<br>
1673	1673	event104.tbl#049	event104.tbl	49	MSG	JRY	s_b05_044	STABLE_1G1S	1562	調査と事件解決のために、<br>無幻城に向かったんだが…。	조사와 사건 해결을 위해<br>무환성으로 갔지만…	<br>
1674	1674	event104.tbl#050	event104.tbl	50	MSG	JRY	s_b05_045	MERGE_SUBTITLE_PARTS_TO_1G	1563 1564	そこで待ち受けていたのは…霧姫として<br>木ノ葉に恨みを抱いている花澄でのォ。	거기서 기다리던 건… 키리히메가 되어<br>나뭇잎에 원한을 품은 카스미였지.	<br>
1675	1675	event104.tbl#051	event104.tbl	51	MSG	TND	s_b05_046	STABLE_1G1S	1565	木ノ葉に恨み…？　<br>それは一体どういうことだ？	나뭇잎에 원한…?<br>그게 대체 무슨 소리지?	<br>
1676	1676	event104.tbl#052	event104.tbl	52	MSG	JRY	s_b05_047	STABLE_1G1S	1566	分からん…、おそらくは大蛇丸の奴に<br>そそのかされたことだとは思うが…。	모른다… 아마 오로치마루 녀석에게<br>속은 거라 생각하지만…	<br>
1677	1677	event104.tbl#053	event104.tbl	53	MSG	JRY	s_b05_048	STABLE_1G1S	1567	花澄は……夕霧城は木ノ葉の忍に<br>落とされたと思い込んでいた。	카스미는…… 저녁안개성이 나뭇잎 닌자에게<br>함락됐다고 굳게 믿고 있었어.	<br>
1678	1678	event104.tbl#054	event104.tbl	54	MSG	TND	s_b05_049	STABLE_1G1S	1568	何だと！！	뭐라고!!	
1679	1679	event104.tbl#055	event104.tbl	55	MSG	KKS	s_b05_050	STABLE_1G1S	1569	その件に関しては…オレも確認しました。	그 건에 관해서는… 저도 확인했습니다.	
1680	1680	event104.tbl#056	event104.tbl	56	MSG	KKS	s_b05_051	STABLE_1G1S	1570	残念ながら彼女の恨みはかなりのものでした…。	안타깝게도 그녀의 원한은 상당했습니다…	
1681	1681	event104.tbl#057	event104.tbl	57	MSG	TND	s_b05_052	STABLE_1G1S	1571	くそ！　大蛇丸のヤツ！！	젠장! 오로치마루 녀석!!	
1682	1682	event104.tbl#058	event104.tbl	58	MSG	JRY	s_b05_053	STABLE_1G1S	1572	とにかく、どんなに様子が変わってもワシは<br>それが花澄だと分かった。	아무튼 아무리 모습이 달라졌어도<br>난 그게 카스미란 걸 알았다.	<br>
1683	1683	event104.tbl#059	event104.tbl	59	MSG	JRY	s_b05_054	STABLE_1G1S	1573	だからこそ救ってやりたかったんだが…。	그렇기에 구해주고 싶었다만…	
1684	1684	event104.tbl#060	event104.tbl	60	MSG	JRY	s_b05_055	STABLE_1G1S	1574	ワシのどんな言葉も…、<br>花澄に届くことはなかった…。	내가 무슨 말을 해도…<br>카스미에게 닿지 않았어…	<br>
1685	1685	event104.tbl#061	event104.tbl	61	MSG	KKS		DIRECT_TRANSLATE		…………。	………….	
1686	1686	event104.tbl#062	event104.tbl	62	MSG	JRY	s_b05_056	STABLE_1G1S	1575	結局、生気が集中する場所を<br>ある程度突き止めることはできたものの…。	결국 생기가 집중되는 장소를<br>어느 정도 찾아내긴 했지만…	<br>
1687	1687	event104.tbl#063	event104.tbl	63	MSG	JRY	s_b05_057	STABLE_1G1S	1576	それ以外…まったく…、<br>何もできず……ワシは……。	그 밖에는… 전혀…<br>아무것도 못 하고…… 난……	<br>
1688	1688	event104.tbl#064	event104.tbl	64	MSG	KKS		DIRECT_TRANSLATE		………………。	……………….	
1689	1689	event104.tbl#065	event104.tbl	65	MSG	TND	s_b05_058	MERGE_SUBTITLE_PARTS_TO_1G	1577 1578	しかし花澄姫か…。　お前がそこまで<br>他人に固執するのは珍しいな…。	하지만 카스미 공주라… 네가 그렇게까지<br>남에게 집착하는 건 드문 일이군…	<br>
1690	1690	event104.tbl#066	event104.tbl	66	MSG	JRY	s_b05_059	STABLE_1G1S	1579	そうだのォ…今でも花澄の笑顔が<br>忘れられないからかもしれん…。	그렇군… 아직도 카스미의 미소를<br>잊지 못해서일지도 모르지…	<br>
1691	1691	event104.tbl#067	event104.tbl	67	MSG	TND	s_b05_060	STABLE_1G1S	1580	自来也……。	지라이야...	
1692	1692	event104.tbl#068	event104.tbl	68	MSG	JRY	s_b05_061	MERGE_SUBTITLE_PARTS_TO_1G	1581 1582	と、今は感慨にふける時ではないのォ。<br>里の奴らを助けてやらんとな…！	하지만 지금 감상에 빠질 때는 아니지.<br>마을 사람들을 구해야 해…!	<br>
1693	1693	event104.tbl#069	event104.tbl	69	MSG	TND	s_b05_062	STABLE_1G1S	1583	ああ…そうだな…。	그래… 그렇지…	
1694	1694	event104.tbl#070	event104.tbl	70	MSG	JRY	s_b05_063	STABLE_1G1S	1584	よし！　先を急ぐぞ！	좋아! 서두르자!	
1695	1695	event105.tbl#001	event105.tbl	1	MSG	JRY	s_b06_000	STABLE_1G1S	1586	ここだ。	여기다.	
1696	1696	event105.tbl#002	event105.tbl	2	MSG	TND	s_b06_001	STABLE_1G1S	1587	なるほど…なかなか強力な封印を<br>しているみたいじゃないか。	과연… 꽤 강력하게<br>봉인되어 있는 모양이군.	<br>
1697	1697	event105.tbl#003	event105.tbl	3	MSG	SZN	s_b06_002	STABLE_1G1S	1588	見る限り、この封印を解くには<br>四人は必要ですね。	보기엔 이 봉인을 풀려면<br>4명은 필요하겠네요.	<br>
1698	1698	event105.tbl#004	event105.tbl	4	MSG	JRY	s_b06_003	STABLE_1G1S	1589	以前のワシは、生気の集中する場所を<br>ここまで突き止めることはできたんだが…。	전에 난 생기가 집중되는 장소를<br>여기까지 찾아내긴 했지만…	<br>
1699	1699	event105.tbl#005	event105.tbl	5	MSG	JRY	s_b06_004	STABLE_1G1S	1590	結局、一人ではこの門の封印を<br>解くことができなくてな…。	결국 혼자서는 이 문의 봉인을<br>풀 수 없었지…	<br>
1700	1700	event105.tbl#006	event105.tbl	6	MSG	KKS	s_b06_005	STABLE_1G1S	1591	だから…今回は、アナタ方三人に加え、<br>このオレを呼んだんですね。	그래서… 이번에는 세 분에 더해,<br>저를 부르신 거군요.	<br>
1701	1701	event105.tbl#007	event105.tbl	7	MSG	JRY	s_b06_006	EXCEPTION_1G1S	1592	そうだ。<br>すまんが力を貸してくれ。	그렇다.<br>미안하지만 힘을 빌려다오.	<br>
1702	1702	event105.tbl#008	event105.tbl	8	MSG	KKS	s_b06_007	EXCEPTION_1G1S	1593	ええ、了解です…が。	네, 알겠습니다… 다만.	
1703	1703	event105.tbl#009	event105.tbl	9	MSG	JRY	s_b06_008	STABLE_1G1S	1594	？	?	
1704	1704	event105.tbl#010	event105.tbl	10	MSG	KKS	s_b06_009	MERGE_SUBTITLE_PARTS_TO_1G	1595 1596	その前に…五代目。<br>ひとつだけ教えてください。	그 전에… 5대 호카게 님.<br>한 가지만 알려 주십시오.	<br>
1705	1705	event105.tbl#011	event105.tbl	11	MSG	TND	s_b06_010	STABLE_1G1S	1597	何だ？	뭐냐?	
1706	1706	event105.tbl#012	event105.tbl	12	MSG	KKS	s_b06_011	STABLE_1G1S	1598	最後の確認です。　木ノ葉がかつて<br>夕霧に攻め入ったとかそういうことは…。	마지막으로 확인하고 싶습니다. 나뭇잎이<br>과거 저녁안개성을 공격한 적은…	<br>
1707	1707	event105.tbl#013	event105.tbl	13	MSG	TND	s_b06_012	STABLE_1G1S	1599	絶対にありえない。<br>これは火影の名を賭けてもいい。	절대로 있을 수 없어.<br>호카게의 이름을 걸어도 좋다.	<br>
1708	1708	event105.tbl#014	event105.tbl	14	MSG	KKS	s_b06_013	MERGE_SUBTITLE_PARTS_TO_1G	1600 1601	フッ…分かりました。<br>これで“アイツ”も安心するはずです。	훗… 알겠습니다.<br>이걸로 '그 녀석'도 안심할 겁니다.	<br>
1709	1709	event105.tbl#015	event105.tbl	15	MSG	JRY	s_b06_014	STABLE_1G1S	1602	よし！　それじゃ始めるぞ！	좋아! 그럼 시작한다!	
1710	1710	event105.tbl#016	event105.tbl	16	MSG_FORCED	JRS	s_b06_018_plus_echo	STABLE_1G1S	1604	解！！！	해!!!	
1711	1711	event105.tbl#017	event105.tbl	17	MSG	TND	s_b06_019	STABLE_1G1S	1605	よし…行くぞ…！	좋아… 간다…!	
1712	1712	event105.tbl#018	event105.tbl	18	MSG	KKS	s_b06_020	STABLE_1G1S	1606	いえ…待ってください。<br>そう簡単には問屋がおろさないようです。	아니… 기다려 주십시오. 그렇게 쉽게<br>보내줄 생각은 없는 모양입니다.	<br>
1713	1713	event105.tbl#019	event105.tbl	19	MSG	JRY		EXCEPTION_UNVOICED_1G1S	1607	………！	………!	
1714	1714	event105.tbl#020	event105.tbl	20	MSG	SZN	s_b06_021	STABLE_1G1S	1608	これは…！？	이건…!?	
1715	1715	event105.tbl#021	event105.tbl	21	MSG	JRY	s_b06_022	STABLE_1G1S	1609	気をつけろ！　<br>扉の罠だ！	조심해라!<br>문의 함정이다!	<br>
1716	1716	event105.tbl#022	event105.tbl	22	MSG	KKS	s_b06_023	STABLE_1G1S	1610	来る！	온다!	
1717	1717	event105.tbl#023	event105.tbl	23	MSG	TND	s_b06_024	STABLE_1G1S	1611	フン！　十年早いよ！	흥! 10년은 이르다!	
1718	1718	event105.tbl#024	event105.tbl	24	MSG	SZN	s_b06_025	STABLE_1G1S	1612	綱手様！　まだ来ますよ！！	츠나데 님! 아직 더 옵니다!!	
1719	1719	event105.tbl#025	event105.tbl	25	MSG	JRY		DIRECT_TRANSLATE		………。	……….	
1720	1720	event105.tbl#026	event105.tbl	26	MSG	KKS	s_b06_026	STABLE_1G1S	1613	ふう…しつこいですね…。	후우… 끈질기군요…	
1721	1721	event105.tbl#027	event105.tbl	27	MSG	JRY	s_b06_027	STABLE_1G1S	1614	カカシ、敵はワシたちが引き付けておく。<br>その隙にお前はナルトたちの下へ戻れ。	카카시, 적은 우리가 붙잡아둘 테니<br>그 틈에 넌 나루토 일행에게 돌아가라.	<br>
1722	1722	event105.tbl#028	event105.tbl	28	MSG	KKS	s_b06_028	STABLE_1G1S	1615	え…しかし…。	네…? 하지만…	
1723	1723	event105.tbl#029	event105.tbl	29	MSG	JRY	s_b06_029	STABLE_1G1S	1616	封印が解けた今、後はワシたちに<br>任せてもらって構わん。	봉인이 풀린 이상, 나머지는 우리에게<br>맡겨도 상관없다.	<br>
1724	1724	event105.tbl#030	event105.tbl	30	MSG	JRY	s_b06_030	STABLE_1G1S	1617	それに…ナルトたちには…、<br>お前の力が必要だ。	게다가… 나루토 일행에겐<br>네 힘이 필요해.	<br>
1725	1725	event105.tbl#031	event105.tbl	31	MSG	KKS		DIRECT_TRANSLATE		………。	……….	
1726	1726	event105.tbl#032	event105.tbl	32	MSG	KKS	s_b06_031	STABLE_1G1S	1618	…分かりました。	…알겠습니다.	
1727	1727	event105.tbl#033	event105.tbl	33	MSG	JRY	s_b06_032	STABLE_1G1S	1619	まずは隙を作る！　<br>行くぞ！！	우선 빈틈을 만든다!<br>간다!!	<br>
1728	1728	event105.tbl#034	event105.tbl	34	MSG	JRY	s_b06_033	STABLE_1G1S	1620	今だ！　行け！！	지금이다! 가라!!	
1729	1729	event105.tbl#035	event105.tbl	35	MSG	KKS	s_b06_034	STABLE_1G1S	1621	はい！	예!!	
1730	1730	event105.tbl#036	event105.tbl	36	MSG	JRY	s_b06_035	STABLE_1G1S	1622	カカシ！　<br>花澄のことはお前たちに任せたぞ！	카카시!<br>카스미는 너희에게 맡기겠다!	<br>
1731	1731	event105.tbl#037	event105.tbl	37	MSG	KKS	s_b06_036	STABLE_1G1S	1623	分かりました！	알겠습니다!	
1732	1732	event105.tbl#038	event105.tbl	38	MSG	JRY	s_b06_037	STABLE_1G1S	1624	よし！　<br>ワシたちは地下に向かうぞ！	좋아!<br>우린 지하로 간다!	<br>
1733	1733	event105.tbl#039	event105.tbl	39	MSG	TND	s_b06_038	STABLE_1G1S	1625	ああ！	그래!	
1734	1734	event106.tbl#001	event106.tbl	1	MSG	TND	s_b07_000	STABLE_1G1S	1626	何とか…幻影たちをまいたようだな。	어떻게든 환영들을 따돌린 모양이군.	
1735	1735	event106.tbl#002	event106.tbl	2	MSG	JRY		DIRECT_TRANSLATE		………。	……….	
1736	1736	event106.tbl#003	event106.tbl	3	MSG	JRY	s_b07_002	STABLE_1G1S	1627	――！	――!	
1737	1737	event106.tbl#004	event106.tbl	4	MSG		s_b07_001	DIRECT_TRANSLATE		ククク…封印を解くものがいると思えば…。	크크크… 봉인을 푸는 자가 있다 했더니…	
1738	1738	event106.tbl#005	event106.tbl	5	MSG		s_b07_003	DIRECT_TRANSLATE		まさかお前たちが来ていたとはね…。<br>綱手…自来也。	설마 너희가 와 있었을 줄이야…<br>츠나데… 지라이야.	<br>
1739	1739	event106.tbl#006	event106.tbl	6	MSG	JRY	s_b07_004	STABLE_1G1S	1631	大蛇丸…！	오로치마루…!	
1740	1740	event106.tbl#007	event106.tbl	7	MSG	ORC	s_b07_005	STABLE_1G1S	1632	自来也…またこの無幻城に来るなんて<br>まったく…こりないわね…。	지라이야… 또 이 무환성에 오다니<br>정말… 질리지도 않는군…	<br>
1741	1741	event106.tbl#008	event106.tbl	8	MSG	JRY	s_b07_006	STABLE_1G1S	1633	フン…里のため…、<br>ワシたちは絶対に負けん！	흥… 마을을 위해서…<br>우린 절대 지지 않는다!	<br>
1742	1742	event106.tbl#009	event106.tbl	9	MSG	ORC	s_b07_007	MERGE_SUBTITLE_PARTS_TO_1G	1634 1635	いいわ…。<br>じゃあ始めようじゃない…潰しあいを！！	좋아… 그럼 시작해 볼까…<br>서로 죽고 죽이는 걸!!	<br>
1743	1743	event106.tbl#010	event106.tbl	10	MSG	JRY	s_b07_008	STABLE_1G1S	1636	首を洗って待っているがいいのォ！	각오하고 기다리는 게 좋을 거다!	
1744	1744	event106.tbl#011	event106.tbl	11	MSG	ORC	s_b07_009	STABLE_1G1S	1637	ククククク…！！	크크크크크크…!!	
1745	1745	event107.tbl#001	event107.tbl	1	MSG	JRY	s_b08_000	SPLIT_1S_TO_2G	1638	――！	――!	
1746	1746	event107.tbl#002	event107.tbl	2	MSG	JRY	s_b08_001	SPLIT_1S_TO_2G	1638	何かが…来る…。	뭔가가… 온다…	
1747	1747	event107.tbl#003	event107.tbl	3	MSG	KSM		DIRECT_TRANSLATE		………………。	……………….	
1748	1748	event107.tbl#004	event107.tbl	4	MSG	JRY	s_b08_002	STABLE_1G1S	1639	こいつは…暁の…干柿鬼鮫…。	이 녀석은… 아카츠키의… 호시가키 키사메…	
1749	1749	event107.tbl#005	event107.tbl	5	MSG	TND	s_b08_003	STABLE_1G1S	1640	自来也…こいつも幻影か…？	지라이야… 이 녀석도 환영인가…?	
1750	1750	event107.tbl#006	event107.tbl	6	MSG	JRY	s_b08_004	STABLE_1G1S	1641	ああ、だが…今までの相手とは<br>勝手が違うみたいだのォ。	그래, 하지만… 지금까지 상대와는<br>뭔가 다른 모양이군.	<br>
1751	1751	event107.tbl#007	event107.tbl	7	MSG	KSM		DIRECT_TRANSLATE		……。	…….	
1752	1752	event107.tbl#008	event107.tbl	8	MSG	JRY	s_b08_005	STABLE_1G1S	1642	来るぞ！！	온다!!	
1753	1753	event107.tbl#009	event107.tbl	9	MSG	TND	s_b08_006	STABLE_1G1S	1643	こんな奴も幻影として出てくるのか…。<br>まったく何て城だ…。	이런 녀석까지 환영으로 나오는 건가…<br>정말이지 터무니없는 성이군…	<br>
1754	1754	event107.tbl#010	event107.tbl	10	MSG	JRY	s_b08_007	STABLE_1G1S	1644	だからといって<br>ここで止まっているわけにはいかん。	그렇다고<br>여기서 멈춰 있을 순 없다.	<br>
1755	1755	event107.tbl#011	event107.tbl	11	MSG	JRY	s_b08_008	STABLE_1G1S	1645	先を急ぐぞ！	서두르자!	
1756	1756	event108.tbl#001	event108.tbl	1	MSG	JRY	s_b09_000	STABLE_1G1S	1646	………！	………!	
1757	1757	event108.tbl#002	event108.tbl	2	MSG	TND	s_b09_001	STABLE_1G1S	1647	そこにいるのは誰だ…！？	거기 있는 건 누구냐…!?	
1758	1758	event108.tbl#003	event108.tbl	3	MSG		s_b09_002	DIRECT_TRANSLATE		ボクの気配に気付くなんて…さすがですね。<br>自来也様…綱手様。	내 기척을 알아차리다니… 역시 대단하군요.<br>지라이야 님… 츠나데 님.	<br>
1759	1759	event108.tbl#004	event108.tbl	4	MSG	JRY	s_b09_003	EXCEPTION_1G1S	1649	お前は…！	너는…!	
1760	1760	event108.tbl#005	event108.tbl	5	MSG	KBT	s_b09_004	STABLE_1G1S	1650	この瘴気の重圧の中…よくここまで…。<br>賞賛に値しますよ。	이 독기의 중압 속에서 잘도 여기까지…<br>칭찬할 만하군요.	<br>
1761	1761	event108.tbl#006	event108.tbl	6	MSG	JRY	s_b09_005	STABLE_1G1S	1651	フン、悪いがお前など相手にしている暇はない。<br>すぐに片付ける！	흥, 미안하지만 너 따윌 상대할<br>시간이 없다. 당장 처리해주지!	<br>
1762	1762	event108.tbl#007	event108.tbl	7	MSG	KBT	s_b09_006	MERGE_SUBTITLE_PARTS_TO_1G	1652 1653	フフ…つれないですね。<br>でも、アナタ方の相手はボクではない。	후후… 매정하군요.<br>하지만 당신들의 상대는 제가 아닙니다.	<br>
1763	1763	event108.tbl#008	event108.tbl	8	MSG	TND	s_b09_007	STABLE_1G1S	1654	どういうことだ…。	무슨 소리냐…?	
1764	1764	event108.tbl#009	event108.tbl	9	MSG	KBT	s_b09_008	STABLE_1G1S	1655	アナタ方の相手は……彼ですよ。	당신들의 상대는…… 그 사람입니다.	
1765	1765	event108.tbl#010	event108.tbl	10	MSG	JRY	s_b09_009	DIRECT_TRANSLATE		！	!	
1766	1766	event108.tbl#011	event108.tbl	11	MSG	TND	s_b09_010	STABLE_1G1S	1657	こいつは…うちはイタチか…。	이 녀석은… 우치하 이타치인가…	
1767	1767	event108.tbl#012	event108.tbl	12	MSG	KBT	s_b09_011	MERGE_SUBTITLE_PARTS_TO_1G	1658 1659	伝説の三忍と…うちは一族最強の男…。<br>どんな闘いをするのか見ものですね。	전설의 3닌자와… 우치하 일족 최강의<br>남자… 어떤 싸움을 할지 볼 만하겠군요.	<br>
1768	1768	event108.tbl#013	event108.tbl	13	MSG	JRY	s_b09_012	STABLE_1G1S	1660	チィ……。	쳇…	
1769	1769	event108.tbl#014	event108.tbl	14	MSG	KBT	s_b09_013	STABLE_1G1S	1661	さて、それじゃあ三忍の闘いぶりを<br>見せてもらいましょうか！	자, 그럼 전설의 3닌자의 싸움을<br>보여주시죠!	<br>
1770	1770	event108.tbl#015	event108.tbl	15	MSG	KBT	s_b09_014	STABLE_1G1S	1662	へえ…すごいですね。<br>まさか彼の幻影を倒すなんて…。	해에… 대단하군요.<br>설마 그의 환영을 쓰러뜨리다니…	<br>
1771	1771	event108.tbl#016	event108.tbl	16	MSG	TND	s_b09_015	STABLE_1G1S	1663	次はお前の番だ…。	다음은 네 차례다…	
1772	1772	event108.tbl#017	event108.tbl	17	MSG	KBT	s_b09_016	STABLE_1G1S	1664	クク…さて…できますかねぇ…。	크크… 과연… 할 수 있을까요…	
1773	1773	event108.tbl#018	event108.tbl	18	MSG	KBT	s_b09_017	STABLE_1G1S	1665	さっきの戦闘でアナタたちの動きは<br>分析させてもらいましたよ。	아까 전투로 당신들의 움직임은<br>분석을 마쳤습니다.	<br>
1774	1774	event108.tbl#019	event108.tbl	19	MSG	JRY	s_b09_018	STABLE_1G1S	1666	ガキが…、ワシたちの力を<br>そう簡単に分析できると思うんじゃねーのォ！	애송이가… 우리 힘을 그렇게 간단히<br>분석할 수 있다고 생각 마라!	<br>
1775	1775	event108.tbl#020	event108.tbl	20	MSG	JRY	s_b09_019	STABLE_1G1S	1667	何…！？　<br>こいつも…。	뭐…!?<br>이 녀석도…	<br>
1776	1776	event108.tbl#021	event108.tbl	21	MSG		s_b09_020	DIRECT_TRANSLATE		残念でしたね…。<br>本当は生身でアナタ方と闘いたかったのですが、	아쉽군요…<br>사실은 직접 당신들과 싸우고 싶었지만,	<br>
1777	1777	event108.tbl#022	event108.tbl	22	MSG		s_b09_021	DIRECT_TRANSLATE		あいにく…ボクは上の相手が忙しくてね…。	공교롭게도… 전 위쪽 상대를<br>처리하느라 바빠서요…	
1778	1778	event108.tbl#023	event108.tbl	23	MSG	TND	s_b09_022	EXCEPTION_1G1S	1670	くっ…！	큭…!	
1779	1779	event108.tbl#024	event108.tbl	24	MSG		s_b09_023	DIRECT_TRANSLATE		フフフフフ…。	후후후후후…	
1780	1780	event108.tbl#025	event108.tbl	25	MSG	JRY	s_b09_024	EXCEPTION_1G1S	1672	上の相手だと…。	위쪽 상대라고…	
1781	1781	event108.tbl#026	event108.tbl	26	MSG	JRY	s_b09_025	MERGE_SUBTITLE_PARTS_TO_1G	1673 1674	気をつけろよ…カカシ…。<br>そちらもかなりの修羅場になりそうだぞ…。	조심해라… 카카시…<br>그쪽도 꽤 험한 싸움이 될 것 같군…	<br>
1782	1782	event109.tbl#001	event109.tbl	1	MSG	TND	s_b10_000	STABLE_1G1S	1675	だいぶ降りてきたな…。	꽤 내려왔군…	
1783	1783	event109.tbl#002	event109.tbl	2	MSG	JRY	s_b10_001	STABLE_1G1S	1676	ああ。<br>もう少しだ。	그래.<br>얼마 안 남았다.	<br>
1784	1784	event109.tbl#003	event109.tbl	3	MSG		s_b10_002	DIRECT_TRANSLATE		クク…思ったより粘るじゃない…。	크크… 생각보다 끈질기군…	
1785	1785	event109.tbl#004	event109.tbl	4	MSG	TND	s_b10_003	STABLE_1G1S	1678	大蛇丸…。	오로치마루...	
1786	1786	event109.tbl#005	event109.tbl	5	MSG	JRY	s_b10_004	STABLE_1G1S	1679	さて…お前ともそろそろケリをつけようかのォ！	자… 너와도 슬슬 결판을 내자꾸나!	
1787	1787	event109.tbl#006	event109.tbl	6	MSG	ORC	s_b10_005	STABLE_1G1S	1680	相変わらずせわしないわね…自来也…。	여전히 성급하네… 지라이야…	
1788	1788	event109.tbl#007	event109.tbl	7	MSG	JRY	s_b10_006	STABLE_1G1S	1681	問答無用だ！　<br>行くぞ！！	문답무용이다!<br>간다!!	<br>
1789	1789	event109.tbl#008	event109.tbl	8	MSG	TND	s_b10_007	STABLE_1G1S	1682	ここまでだな…大蛇丸…！	여기까지다… 오로치마루…!	
1790	1790	event109.tbl#009	event109.tbl	9	MSG	ORC	s_b10_008	STABLE_1G1S	1683	ククク…。	크크크...	
1791	1791	event109.tbl#010	event109.tbl	10	MSG	JRY	s_b10_009	STABLE_1G1S	1684	何だ…何がおかしい…！？	뭐냐… 뭐가 우습지…!?	
1792	1792	event109.tbl#011	event109.tbl	11	MSG	TND	s_b10_010	DIRECT_TRANSLATE		――！？	――!?	
1793	1793	event109.tbl#012	event109.tbl	12	MSG	JRY	s_b10_011	STABLE_1G1S	1685	何だこれは！？	이건 뭐냐!?	
1794	1794	event109.tbl#013	event109.tbl	13	MSG_FORCED	ORC	s_b10_012	STABLE_1G1S	1686	幻術…無幻帰想<KOFF>（<KON>むげんきそう<KOFF>）<KON>…。	환술… 무환귀상<KOFF>（<KON>무환귀상<KOFF>）<KON>…	<KOFF> <KON> <KOFF> <KON>
1795	1795	event109.tbl#014	event109.tbl	14	MSG	JRY	s_b10_013	STABLE_1G1S	1687	この霧は…。	이 안개는…	
1796	1796	event109.tbl#015	event109.tbl	15	MSG	TND	s_b10_014	STABLE_1G1S	1688	おそらく…幻術だ…。<br>気をつけろ…。	아마도… 환술이다…<br>조심해라…	<br>
1797	1797	event109.tbl#016	event109.tbl	16	MSG	SZN	s_b10_015	STABLE_1G1S	1689	あ…あれは…？　<br>何か見えますよ…？	저… 저건…?<br>뭔가 보여요…?	<br>
1798	1798	event109.tbl#017	event109.tbl	17	MSG	TND	s_b10_016	STABLE_1G1S	1690	猿飛先生…！？	사루토비 선생님…!?	
1799	1799	event109.tbl#018	event109.tbl	18	MSG	JRY	s_b10_017	STABLE_1G1S	1691	これは…。<br>大蛇丸が木ノ葉を潰しにきた時の…！？	이건… 오로치마루가<br>나뭇잎 마을을 무너뜨리려 했을 때의…!?	<br>
1800	1800	event109.tbl#019	event109.tbl	19	MSG	HKG	s_b10_018	STABLE_1G1S	1692	がはっ…。	커헉…	
1801	1801	event109.tbl#020	event109.tbl	20	MSG	ORC	s_b10_019	STABLE_1G1S	1693	老いとは悲しいものですね…猿飛先生…？	늙는다는 건 슬픈 거군요…<br>사루토비 선생님…?	
1802	1802	event109.tbl#021	event109.tbl	21	MSG	HKG	s_b10_020	STABLE_1G1S	1694	う…うう……。	으… 으으…….	
1803	1803	event109.tbl#022	event109.tbl	22	MSG	ORC	s_b10_021	MERGE_SUBTITLE_PARTS_TO_1G	1695 1696	地に這いつくばる今の姿…。<br>お似合いですよ…ククク！	땅바닥을 기는 지금 그 모습…<br>아주 잘 어울리는군요… 크크크!	<br>
1804	1804	event109.tbl#023	event109.tbl	23	MSG	HKG	s_b10_022	STABLE_1G1S	1697	誰か…助け…。	누가… 도와줘…	
1805	1805	event109.tbl#024	event109.tbl	24	MSG	ORC	s_b10_023	MERGE_SUBTITLE_PARTS_TO_1G	1698 1699	アナタを助けるものは誰もいません。<br>そう…自来也も…綱手もね。	당신을 도울 사람은 아무도 없습니다.<br>그래요… 지라이야도… 츠나데도.	<br>
1806	1806	event109.tbl#025	event109.tbl	25	MSG	HKG	s_b10_024	STABLE_1G1S	1700	自来也……綱手……助け…てくれ……。	지라이야… 츠나데… 도와… 다오…	
1807	1807	event109.tbl#026	event109.tbl	26	MSG	ORC	s_b10_025	MERGE_SUBTITLE_PARTS_TO_1G	1701 1702	さて…そろそろ消えてもらいましょうか…。	자… 슬슬 사라져 주실까요…	
1808	1808	event109.tbl#027	event109.tbl	27	MSG	TND	s_b10_028	STABLE_1G1S	1703	ハァハァ…。	하아하아…	
1809	1809	event109.tbl#028	event109.tbl	28	MSG	TND	s_b10_029	STABLE_1G1S	1704	何だ…今のは…。	뭐야… 방금 그건…	
1810	1810	event109.tbl#029	event109.tbl	29	MSG	JRY	s_b10_030	STABLE_1G1S	1705	恐らく…ワシたちの動揺を誘うために<br>ヤツが作り出した偽りの映像だと思うが…。	아마… 우리를 동요시키려고<br>놈이 만든 거짓 영상이겠지…	<br>
1811	1811	event109.tbl#030	event109.tbl	30	MSG	JRY	s_b10_031	STABLE_1G1S	1706	それにしても…タチが悪すぎる…。	그래도… 너무 악질이군…	
1812	1812	event109.tbl#031	event109.tbl	31	MSG	TND	s_b10_032	MERGE_SUBTITLE_PARTS_TO_1G	1707 1708	大蛇丸…！　<br>この借りは必ず返す…。	오로치마루…!<br>이 빚은 반드시 갚아 주마…	<br>
1813	1813	event110.tbl#001	event110.tbl	1	MSG	JRY		DIRECT_TRANSLATE		……！	……!	
1814	1814	event110.tbl#002	event110.tbl	2	MSG	ORC	s_b11_000	STABLE_1G1S	1709	待っていたわ…。	기다리고 있었어…	
1815	1815	event110.tbl#003	event110.tbl	3	MSG	JRY	s_b11_001	STABLE_1G1S	1710	大蛇丸…さっきはよくもやってくれたのォ…。	오로치마루… 아까는 잘도<br>그런 짓을 했겠다…	
1816	1816	event110.tbl#004	event110.tbl	4	MSG	ORC	s_b11_002	STABLE_1G1S	1711	クク…喜んでもらえたかしら？	크크… 즐거웠나?	
1817	1817	event110.tbl#005	event110.tbl	5	MSG	TND	s_b11_003	STABLE_1G1S	1712	ふざけるな！！	웃기지마!!	
1818	1818	event110.tbl#006	event110.tbl	6	MSG	ORC	s_b11_004	MERGE_SUBTITLE_PARTS_TO_1G	1713 1714	どうやらお気に召さなかったみたいね…。<br>でも…これなら喜んでくれるんじゃないかしら？	아무래도 마음에 안 든 모양이네…<br>하지만… 이거라면 기뻐하지 않을까?	<br>
1819	1819	event110.tbl#007	event110.tbl	7	MSG	JRY	s_b11_005	EXCEPTION_1G1S	1715	何…？	뭐…?	
1820	1820	event110.tbl#008	event110.tbl	8	MSG	JRY	s_b11_007	STABLE_1G1S	1716	さ…三代目…！	사… 3대…!	
1821	1821	event110.tbl#009	event110.tbl	9	MSG	ORC	s_b11_008	MERGE_SUBTITLE_PARTS_TO_1G	1717 1718	師との再会…。<br>クク…嬉しいでしょう？	스승과의 재회…<br>크크… 기쁘겠지?	<br>
1822	1822	event110.tbl#010	event110.tbl	10	MSG	HKG	s_b11_009	STABLE_1G1S	1719	なぜ…ワシの下からいなくなった…。	왜… 내게서 떠났느냐…	
1823	1823	event110.tbl#011	event110.tbl	11	MSG	JRY	s_b11_010	DIRECT_TRANSLATE		っ……！	큭……!	
1824	1824	event110.tbl#012	event110.tbl	12	MSG	HKG	s_b11_011	STABLE_1G1S	1720	お前たちがいたら…ワシは死ぬことなど<br>なかっただろうに……。	너희들이 있었다면… 난 죽지<br>않았을 텐데…	<br>
1825	1825	event110.tbl#013	event110.tbl	13	MSG	TND	s_b11_012	STABLE_1G1S	1721	猿飛先生…私たちは…！	사루토비 선생님… 저희들은…!	
1826	1826	event110.tbl#014	event110.tbl	14	MSG	HKG	s_b11_013	MERGE_SUBTITLE_PARTS_TO_1G	1722 1723	何故…ワシを見捨てた…。<br>自来也…綱手…。	왜… 나를 버렸느냐…<br>지라이야… 츠나데…	<br>
1827	1827	event110.tbl#015	event110.tbl	15	MSG	HKG	s_b11_014	EXCEPTION_1G1S	1724	憎い……ううう…。	밉다…… 으으으…….	
1828	1828	event110.tbl#016	event110.tbl	16	MSG	ORC	s_b11_015	MERGE_SUBTITLE_PARTS_TO_1G	1725 1726	あの時…お前たちが駆けつけていれば、<br>猿飛先生は死なずに済んだかもしれないわね？	그때… 너희가 달려왔더라면,<br>사루토비 선생님은 죽지 않았을지도 모르지?	<br>
1829	1829	event110.tbl#017	event110.tbl	17	MSG	JRY	s_b11_016	EXCEPTION_1G1S	1727	くっ…。	큭…	
1830	1830	event110.tbl#018	event110.tbl	18	MSG	ORC	s_b11_017	MERGE_SUBTITLE_PARTS_TO_1G	1728 1729	さあ…！　猿飛先生！　<br>恨みを晴らしなさい！！	자…! 사루토비 선생님!<br>원한을 푸세요!!	<br>
1831	1831	event110.tbl#019	event110.tbl	19	MSG	HKG	s_b11_018	EXCEPTION_1G1S	1730	うう…憎…い……憎い……。	으으… 밉…다…… 밉다…….	
1832	1832	event110.tbl#020	event110.tbl	20	MSG	ORC	s_b11_019	STABLE_1G1S	1731	ククククク！！！	크크크크크!!!	
1833	1833	event110.tbl#021	event110.tbl	21	MSG	TND	s_b11_020	STABLE_1G1S	1732	大蛇丸！！	오로치마루!!	
1834	1834	event110.tbl#022	event110.tbl	22	MSG	HKG	s_b11_021	STABLE_1G1S	1733	お前たちを…許しはせん……。	너희들을… 용서치 않겠다…	
1835	1835	event110.tbl#023	event110.tbl	23	MSG	JRY	s_b11_022	STABLE_1G1S	1734	くっ…三代目…スマン。	큭… 3대… 미안하오…	
1836	1836	event110.tbl#024	event110.tbl	24	MSG_FORCED	HKG	s_b11_023	STABLE_1G1S	1735	うおぉぉ……。	우오오오…….	
1837	1837	event110.tbl#025	event110.tbl	25	MSG	TND	s_b11_024	STABLE_1G1S	1736	ハァハァ…。	하아하아…	
1838	1838	event110.tbl#026	event110.tbl	26	MSG	JRY	s_b11_025	STABLE_1G1S	1737	行くぞ…綱手。	가자… 츠나데…	
1839	1839	event110.tbl#027	event110.tbl	27	MSG	TND	s_b11_026	STABLE_1G1S	1738	あ…ああ…。	아… 그래…	
1840	1840	event110.tbl#028	event110.tbl	28	MSG	JRY		DIRECT_TRANSLATE		…………。	………….	
1841	1841	event110.tbl#029	event110.tbl	29	MSG	JRY	s_b11_027	STABLE_1G1S	1739	<KOFF>（<KON>ジジイ……<KOFF>）<KON>	<KOFF>（<KON>할아범……<KOFF>）<KON>	<KOFF> <KON> <KOFF> <KON>
1842	1842	event111.tbl#001	event111.tbl	1	MSG	JRY	s_b12_000	STABLE_1G1S	1740	どうやら…目標は近いようだのォ…。	아무래도… 목표가 가까운 것 같군…	
1843	1843	event111.tbl#002	event111.tbl	2	MSG	TND		DIRECT_TRANSLATE		………。	……….	
1844	1844	event111.tbl#003	event111.tbl	3	MSG	JRY	s_b12_001	STABLE_1G1S	1741	どうした…綱手…？	왜 그러나… 츠나데…?	
1845	1845	event111.tbl#004	event111.tbl	4	MSG	TND	s_b12_002	STABLE_1G1S	1742	いや…何でもない…。<br>先を急ごう…。	아니… 아무것도 아냐…<br>서두르자…	<br>
1846	1846	event111.tbl#005	event111.tbl	5	MSG	JRY		DIRECT_TRANSLATE		…………。	………….	
1847	1847	event111.tbl#006	event111.tbl	6	MSG	JRY	s_b12_003	MERGE_SUBTITLE_PARTS_TO_1G	1743 1744	<KOFF>（<KON>綱手のヤツもまいっとるようだのォ…。<br>　まあ…無理もない…このワシも………<KOFF>）<KON>	<KOFF>（<KON>츠나데 녀석도 꽤 흔들린 모양이군…<br>뭐… 무리도 아니지… 나도………<KOFF>）<KON>	<KOFF> <KON> <br> <KOFF> <KON>
1848	1848	event111.tbl#007	event111.tbl	7	MSG_FORCED		s_b12_004	DIRECT_TRANSLATE		何故ワシを見捨てた…。	왜 나를 버렸느냐…	
1849	1849	event111.tbl#008	event111.tbl	8	MSG	JRY	s_b12_005	DIRECT_TRANSLATE		チィ…。	쳇…	
1850	1850	event111.tbl#009	event111.tbl	9	MSG	JRY	s_b12_006	EXCEPTION_1G1S	1747	<KOFF>（<KON>あれは大蛇丸の罠だと分かっておるのに…<KOFF>）<KON>	<KOFF>（<KON>그게 오로치마루의 함정이란<br>건 알고 있는데…<KOFF>）<KON>	<KOFF> <KON> <KOFF> <KON>
1851	1851	event111.tbl#010	event111.tbl	10	MSG	TND	s_b12_007	STABLE_1G1S	1748	<KOFF>（<KON>何故ここまで私の頭に残る……くそっ！！<KOFF>）<KON>	<KOFF>（<KON>왜 이렇게까지 내 머릿속에<br>남는 거야…… 젠장!!<KOFF>）<KON>	<KOFF> <KON> <KOFF> <KON>
1852	1852	event111.tbl#011	event111.tbl	11	MSG	JRY	s_b12_008	STABLE_1G1S	1749	<KOFF>（<KON>だが…今は悩んでいる暇はない…<KOFF>）<KON>	<KOFF>（<KON>하지만… 지금 고민할 때가 아니야…<KOFF>）<KON>	<KOFF> <KON> <KOFF> <KON>
1853	1853	event111.tbl#012	event111.tbl	12	MSG	JRY	s_b12_009	STABLE_1G1S	1750	綱手、シズネ。<br>行くぞ…！	츠나데, 시즈네.<br>가자…!	<br>
1854	1854	event111.tbl#013	event111.tbl	13	MSG	TND	s_b12_010	STABLE_1G1S	1751	ああ…。	그래…	
1855	1855	event112.tbl#001	event112.tbl	1	MSG	JRY	s_b13_000	DIRECT_TRANSLATE		アレか…。	저건가…	
1856	1856	event112.tbl#002	event112.tbl	2	MSG		s_b13_001	DIRECT_TRANSLATE		前はこの壷を拝むことができなかったのに…、<br>今回はたどり着いたわね。	전에는 이 항아리까지 오지 못했는데…<br>이번엔 결국 도착했구나.	<br>
1857	1857	event112.tbl#003	event112.tbl	3	MSG	ORC	s_b13_002	STABLE_1G1S	1754	クク…偉いじゃない…自来也…。	크크… 대단하잖아… 지라이야…	
1858	1858	event112.tbl#004	event112.tbl	4	MSG	JRY	s_b13_003	MERGE_SUBTITLE_PARTS_TO_1G	1755 1756	大蛇丸…。<br>そろそろお前との因縁にケリをつける…！	오로치마루…<br>이제 너와의 악연도 끝내 주마…!	<br>
1859	1859	event112.tbl#005	event112.tbl	5	MSG	ORC	s_b13_004	MERGE_SUBTITLE_PARTS_TO_1G	1757 1758	あら…どうしたの？　<br>心なしかいつもの覇気が感じられないわよ…？	어라… 왜 그래?<br>왠지 평소의 패기가 느껴지지 않는데…?	<br>
1860	1860	event112.tbl#006	event112.tbl	6	MSG	JRY	s_b13_005	STABLE_1G1S	1759	フン……。	흥…….	
1861	1861	event112.tbl#007	event112.tbl	7	MSG	ORC	s_b13_006	STABLE_1G1S	1760	そんな調子で私と闘りあおうなんて…。	그런 상태로 나와 싸우겠다니…	
1862	1862	event112.tbl#008	event112.tbl	8	MSG	ORC	s_b13_007	STABLE_1G1S	1761	１００年早いわね！	100년은 이르다!	
1863	1863	event112.tbl#009	event112.tbl	9	MSG	ORC	s_b13_009	STABLE_1G1S	1762	ハァハァ…。	하아하아…	
1864	1864	event112.tbl#010	event112.tbl	10	MSG	JRY	s_b13_008	STABLE_1G1S	1763	終わりだな…大蛇丸…。	끝이다… 오로치마루…	
1865	1865	event112.tbl#011	event112.tbl	11	MSG	ORC	s_b13_010	STABLE_1G1S	1764	ク…クク……無駄なのよ…。	크… 크크…… 소용없어…	
1866	1866	event112.tbl#012	event112.tbl	12	MSG_FORCED	ORC	s_b13_011	STABLE_1G1S	1765	ハァッ！！	하앗!!	
1867	1867	event112.tbl#013	event112.tbl	13	MSG	TND	s_b13_012	DIRECT_TRANSLATE		！！	!!	
1868	1868	event112.tbl#014	event112.tbl	14	MSG	JRY	s_b13_013	STABLE_1G1S	1766	何…！？<br>体力が…回復しただと…。	뭐…!?<br>체력이… 회복됐다고…?	<br>
1869	1869	event112.tbl#015	event112.tbl	15	MSG	ORC	s_b13_014	STABLE_1G1S	1767	クク…。	크크…	
1870	1870	event112.tbl#016	event112.tbl	16	MSG	TND	s_b13_015	STABLE_1G1S	1768	チィ…。<br>あの壷に溜まっている生気を使ったのか…。	쳇…<br>저 항아리에 모인 생기를 쓴 건가…	<br>
1871	1871	event112.tbl#017	event112.tbl	17	MSG	SZN	s_b13_016	STABLE_1G1S	1769	あれをやられたのでは<br>決着をつけることができませんよ…。	저걸 쓰는 한<br>결판을 낼 수 없겠군요…	<br>
1872	1872	event112.tbl#018	event112.tbl	18	MSG	ORC	s_b13_017	MERGE_SUBTITLE_PARTS_TO_1G	1770 1771	その通り…。<br>お前たちは私に勝つことなどできない…。	그 말대로…<br>너희가 날 이길 수는 없어…	<br>
1873	1873	event112.tbl#019	event112.tbl	19	MSG	ORC	s_b13_018	EXCEPTION_1G1S	1772	絶対に！！	절대로!!	
1874	1874	event112.tbl#020	event112.tbl	20	MSG	SZN	s_b13_019	STABLE_1G1S	1773	うっ！！？	으윽!!?	
1875	1875	event112.tbl#021	event112.tbl	21	MSG	TND	s_b13_020	STABLE_1G1S	1774	な…力が…！？	뭐… 힘이…!?	
1876	1876	event112.tbl#022	event112.tbl	22	MSG	ORC	s_b13_022	MERGE_SUBTITLE_PARTS_TO_1G	1775 1776	クク…伝説の三忍の“生気”…。<br>さぞや素晴らしいものに違いないわ。	크크… 전설의 3닌자의 '생기'…<br>분명 훌륭하겠지.	<br>
1877	1877	event112.tbl#023	event112.tbl	23	MSG	SZN	s_b13_028	STABLE_1G1S	1777	うあぁ…！	으아악…!	
1878	1878	event112.tbl#024	event112.tbl	24	MSG	JRY	s_b13_021	STABLE_1G1S	1778	ぐぅ………。	크으……….	
1879	1879	event112.tbl#025	event112.tbl	25	MSG	ORC	s_b13_024	STABLE_1G1S	1779	無様な姿ね…。	비참한 꼴이군…	
1880	1880	event112.tbl#026	event112.tbl	26	MSG	ORC	s_b13_025	MERGE_SUBTITLE_PARTS_TO_1G	1780 1781	所詮、お前たちでは私に勝てないばかりか、<br>木ノ葉を守ることもできない。	어차피 너희는 날 이기기는커녕,<br>나뭇잎 마을도 지키지 못해.	<br>
1881	1881	event112.tbl#027	event112.tbl	27	MSG	JRY	s_b13_026	STABLE_1G1S	1782	木ノ葉を…守る――。	나뭇잎 마을을… 지킨다…	
1882	1882	event112.tbl#028	event112.tbl	28	MSG	ORC	s_b13_027	STABLE_1G1S	1783	さあ…もっと苦しみなさい…！！	자… 좀 더 괴로워해라…!!	
1883	1883	event112.tbl#029	event112.tbl	29	MSG	JRY	s_b13_023	STABLE_1G1S	1784	う……！	으…!	
1884	1884	event112.tbl#030	event112.tbl	30	MSG	ORC	s_b13_029	STABLE_1G1S	1785	ククク…。	크크크…	
1885	1885	event112.tbl#031	event112.tbl	31	MSG	JRY	s_b13_030	STABLE_1G1S	1786	木ノ葉を…。	나뭇잎 마을을…	
1886	1886	event112.tbl#032	event112.tbl	32	MSG	JRY	s_b13_031	STABLE_1G1S	1787	ジジイ…。	할아범…	
1887	1887	event112.tbl#033	event112.tbl	33	MSG	HKG	s_b14_000	STABLE_1G1S	1788	はぁ～…。	하아…	
1888	1888	event112.tbl#034	event112.tbl	34	MSG	TND	s_b14_002	STABLE_1G1S	1789	ニシシシ！　まーたアンタね。<br>鈴取れなかったの。	히히히! 또 너구나.<br>방울 못 뺏었어?	<br>
1889	1889	event112.tbl#035	event112.tbl	35	MSG	HKG	s_b14_001	STABLE_1G1S	1790	まったく…その調子では<br>木ノ葉を守る忍にはなれんぞ…。	정말이지… 그런 상태론<br>나뭇잎을 지킬 닌자가 될 수 없어…	<br>
1890	1890	event112.tbl#036	event112.tbl	36	MSG	JRY	s_b14_003	STABLE_1G1S	1791	う…うっせー！　<br>今日はたまたま調子が悪かっただけだ！	시… 시끄러워! 오늘은 어쩌다<br>몸 상태가 안 좋았을 뿐이야!	<br>
1891	1891	event112.tbl#037	event112.tbl	37	MSG	HKG	s_b14_004	STABLE_1G1S	1792	そんなんじゃあ、<br>まだまだ先行き不安だな…。	그러다간<br>앞날이 불안하구나…	<br>
1892	1892	event112.tbl#038	event112.tbl	38	MSG	JRY	s_b14_005	STABLE_1G1S	1793	けっ！　見てやがれ、いつか術を全部極めて、<br>猿飛先生を驚かせてやるからな！	쳇! 두고 봐! 언젠가 술법을 전부 익혀서<br>사루토비 선생님을 놀라게 해주겠어!	<br>
1893	1893	event112.tbl#039	event112.tbl	39	MSG	HKG	s_b14_006	STABLE_1G1S	1794	自来也、本当の強さは術を極めた先にはない。<br>それは何度も言っておろう…？	지라이야, 진정한 힘은 술법만 익혀선<br>얻을 수 없다. 몇 번이나 말했지?	<br>
1894	1894	event112.tbl#040	event112.tbl	40	MSG	ORC		DIRECT_TRANSLATE		……。	…….	
1895	1895	event112.tbl#041	event112.tbl	41	MSG	JRY	s_b14_007	STABLE_1G1S	1795	本当の力とは…大切な者を守るときに現れる…<br>ってんだろ。	진정한 힘이란… 소중한 사람을 지킬 때<br>나타나는 거잖아.	<br>
1896	1896	event112.tbl#042	event112.tbl	42	MSG	JRY	s_b14_008	STABLE_1G1S	1796	もう聞き飽きたぜ。	너무 많이 들었다고.	
1897	1897	event112.tbl#043	event112.tbl	43	MSG	HKG	s_b14_009	MERGE_SUBTITLE_PARTS_TO_1G	1797 1798	ふー…、お前たちはこれから木ノ葉を<br>守っていかなければならんのだぞ。	후우… 너희는 앞으로 나뭇잎 마을을<br>지켜 나가야 한다.	<br>
1898	1898	event112.tbl#044	event112.tbl	44	MSG	HKG	s_b14_010	EXCEPTION_1G1S	1799	もっと自覚を持たないといかん。	좀 더 자각을 가져야 한다.	
1899	1899	event112.tbl#045	event112.tbl	45	MSG	TND	s_b14_011	STABLE_1G1S	1800	自覚…？	자각…?	
1900	1900	event112.tbl#046	event112.tbl	46	MSG	HKG	s_b14_012	MERGE_SUBTITLE_PARTS_TO_1G	1801 1802	そうだ、里を守ることは誇り高いことだ。<br>だが、ただ強いだけでは里を守ることはできん。	그래, 마을을 지키는 건 자랑스러운<br>일이다. 하지만 힘만으론 마을을 못 지켜.	<br>
1901	1901	event112.tbl#047	event112.tbl	47	MSG	JRY	s_b14_013	STABLE_1G1S	1803	何で？	왜?	
1902	1902	event112.tbl#048	event112.tbl	48	MSG	HKG	s_b14_014	STABLE_1G1S	1804	里を愛し、里のために闘う強い意志を<br>もっていなくては…、	마을을 사랑하고, 마을을 위해 싸울<br>강한 의지를 갖지 않으면…	<br>
1903	1903	event112.tbl#049	event112.tbl	49	MSG	HKG	s_b14_015	STABLE_1G1S	1805	その火はたやすく消えてしまうからな。	그 불은 쉽게 사라져 버리니까.	
1904	1904	event112.tbl#050	event112.tbl	50	MSG	ORC	s_b14_016	STABLE_1G1S	1806	フン…。	흥…	
1905	1905	event112.tbl#051	event112.tbl	51	MSG	ORC	s_b14_017	STABLE_1G1S	1807	里を守りきっても、<br>死んでしまえば同じだ…。	마을을 지켜내도<br>죽어버리면 결국 마찬가지다…	<br>
1906	1906	event112.tbl#052	event112.tbl	52	MSG	HKG	s_b14_018	DIRECT_TRANSLATE		いや…。	아니…	
1907	1907	event112.tbl#053	event112.tbl	53	MSG	HKG	s_b14_019	MERGE_SUBTITLE_PARTS_TO_1G	1808 1809	里を守り…果てたとしても…<br>きっとそこには大切な“何か”が残る…。	"마을을 지키다 목숨을 다하더라도…<br>그곳엔 분명 소중한 ""무언가""가 남는다…"	<br>
1908	1908	event112.tbl#054	event112.tbl	54	MSG	JRY	s_b14_020	STABLE_1G1S	1810	何か……。	무언가…….	
1909	1909	event112.tbl#055	event112.tbl	55	MSG	HKG	s_b14_021	MERGE_SUBTITLE_PARTS_TO_1G	1811 1812	自来也、綱手…そして大蛇丸。<br>改めて言っておくぞ…。	지라이야, 츠나데… 그리고 오로치마루.<br>다시 한번 말해 두마…	<br>
1910	1910	event112.tbl#056	event112.tbl	56	MSG	HKG	s_b14_022	MERGE_SUBTITLE_PARTS_TO_1G	1813 1814	里を愛し…里のために闘う強き意志を持て。<br>次の時代、里を守るのは……お前たちだ。	마을을 사랑하고 지키려는 의지를 가져라.<br>다음 시대에 마을을 지킬 건 너희다.	<br>
1911	1911	event112.tbl#057	event112.tbl	57	MSG	JRY		DIRECT_TRANSLATE		……。	…….	
1912	1912	event112.tbl#058	event112.tbl	58	MSG	HKG	s_b14_023	EXCEPTION_1G1S	1815	よいな？　<br>自来也？	알겠지,<br>지라이야?	<br>
1913	1913	event112.tbl#059	event112.tbl	59	MSG	JRY	s_b14_024	STABLE_1G1S	1816	お…おう。	어… 응.	
1914	1914	event112.tbl#060	event112.tbl	60	MSG	HKG	s_b14_025	STABLE_1G1S	1817	フフフ…。	후후후…	
1915	1915	event112.tbl#061	event112.tbl	61	MSG	JRY	s_b15_000	STABLE_1G1S	1818	ジジイ…！	할아범…!	
1916	1916	event112.tbl#062	event112.tbl	62	MSG	ORC	s_b15_001	EXCEPTION_1G1S	1819	そろそろ止めよ！	이제 끝내자!	
1917	1917	event112.tbl#063	event112.tbl	63	MSG	JRY	s_b15_002	DIRECT_TRANSLATE		くっ……。	큭…….	
1918	1918	event112.tbl#064	event112.tbl	64	MSG	JRY	s_b15_003	STABLE_1G1S	1820	ぐぅ…まだ…だ…！	크윽… 아직… 끝이 아니다…!	
1919	1919	event112.tbl#065	event112.tbl	65	MSG	TND	s_b15_004	STABLE_1G1S	1821	じ…自来也……？	지… 지라이야…?	
1920	1920	event112.tbl#066	event112.tbl	66	MSG	JRY	s_b15_005	STABLE_1G1S	1822	負ける…わけには…いかん…！	질 수…는… 없어…!	
1921	1921	event112.tbl#067	event112.tbl	67	MSG	ORC	s_b15_006	STABLE_1G1S	1823	自来也…何故そこまで抵抗する…。	지라이야… 어째서<br>그렇게까지 저항하는 거냐…	
1922	1922	event112.tbl#068	event112.tbl	68	MSG	JRY	s_b15_007	STABLE_1G1S	1824	フン…ワシたちが倒れると……、<br>木ノ葉が…救えないだろうが……！	흥… 우리가 쓰러지면…<br>나뭇잎을… 구할 수 없잖아…!	<br>
1923	1923	event112.tbl#069	event112.tbl	69	MSG	ORC	s_b15_008	MERGE_SUBTITLE_PARTS_TO_1G	1825 1826	木ノ葉を救う…？　くだらない。<br>死んでしまえば意味はないというのに…！	나뭇잎 마을을 구한다고…? 시시하군.<br>죽어 버리면 아무 의미도 없는데…!	<br>
1924	1924	event112.tbl#070	event112.tbl	70	MSG	JRY	s_b15_009	STABLE_1G1S	1827	へっ…お前がどう思おうと…ワシたちには<br>守らなければならないものがある…！	흥! 네가 어떻게 생각하든…<br>우리한텐 지켜야 할 게 있어…!	<br>
1925	1925	event112.tbl#071	event112.tbl	71	MSG	ORC	s_b15_010	STABLE_1G1S	1828	フン…お前たちも同じ道を歩もうと言うの？　	흥! 너희들도 똑같은 길을 가겠다 이거냐?	
1926	1926	event112.tbl#072	event112.tbl	72	MSG	ORC	s_b15_011	STABLE_1G1S	1829	木ノ葉を守り、大きな後悔を抱え死んだ<br>三代目のように…。	나뭇잎 마을을 지키고 크나큰 후회를<br>간직하고 죽은 3대 호카게처럼…	<br>
1927	1927	event112.tbl#073	event112.tbl	73	MSG	JRY	s_b15_012	STABLE_1G1S	1830	三代目は後悔などしておらん。	3대는 후회 따위 하지 않았어!	
1928	1928	event112.tbl#074	event112.tbl	74	MSG	JRY	s_b15_013	STABLE_1G1S	1831	“火の意志”を持たぬお前には<br>分からんだろうがのォ…。	'불의 의지'를 갖지 못한<br>너로서는 알 수 없겠지…	<br>
1929	1929	event112.tbl#075	event112.tbl	75	MSG	TND	s_b15_014	STABLE_1G1S	1832	火の…意志……。	불의… 의지…	
1930	1930	event112.tbl#076	event112.tbl	76	MSG	JRY	s_b15_015	MERGE_SUBTITLE_PARTS_TO_1G	1833 1834	そうだ綱手…。<br>お前も受け継いだはずだ…。	그래, 츠나데…<br>너도 이어받았을 것이다…	<br>
1931	1931	event112.tbl#077	event112.tbl	77	MSG	JRY	s_b15_016	EXCEPTION_1G1S	1835	三代目の想いを…、<br>里を守る…強い意志をな…！	3대의 마음을…<br>마을을 지킬 강한 의지를 말이야…!	<br>
1932	1932	event112.tbl#078	event112.tbl	78	MSG	TND	s_b15_017	STABLE_1G1S	1836	さる…とび…先生……。	사루…토비… 선생님…….	
1933	1933	event112.tbl#079	event112.tbl	79	MSG	ORC	s_b15_021	STABLE_1G1S	1837	くだらない…！	시시하군…!	
1934	1934	event112.tbl#080	event112.tbl	80	MSG	TND	s_b15_022	STABLE_1G1S	1838	フン…くだらない…だと…？	흥… 시시하다고…?	
1935	1935	event112.tbl#081	event112.tbl	81	MSG	ORC	s_b15_023	STABLE_1G1S	1839	……！？	……!?	
1936	1936	event112.tbl#082	event112.tbl	82	MSG	TND	s_b15_024	MERGE_SUBTITLE_PARTS_TO_1G	1840 1841 1842	くだらなくて結構……。　<br>だが、私たちはまだ…負けるわけにはいかない…！	시시해도 상관없다……<br>하지만 우리는 아직… 질 수는 없어…!	<br>
1937	1937	event112.tbl#083	event112.tbl	83	MSG	ORC	s_b15_025	STABLE_1G1S	1843	馬鹿め！	바보 녀석들!	
1938	1938	event112.tbl#084	event112.tbl	84	MSG	SZN	s_b15_026	STABLE_1G1S	1844	う…私も……！	으… 나도…!	
1939	1939	event112.tbl#085	event112.tbl	85	MSG	ORC	s_b15_027	STABLE_1G1S	1845	お前たち…。<br>その体で何をしようと言うの！！	너희들… 그 몸으로<br>뭘 하겠다는 거냐!!	<br>
1940	1940	event112.tbl#086	event112.tbl	86	MSG	JRY	s_b15_028	STABLE_1G1S	1846	フン…決まっているだろう…。	흥… 뻔하잖아…	
1941	1941	event112.tbl#087	event112.tbl	87	MSG	ORC	s_b15_023	STABLE_1G1S	1847	………！？	……!?	
1942	1942	event112.tbl#088	event112.tbl	88	MSG_FORCED	JT2	s_b15_030_plus	STABLE_1G1S	1848	木ノ葉を救うんだよ！！	나뭇잎 마을을 구하는 거야!!	
1943	1943	event112.tbl#089	event112.tbl	89	MSG	ORC	s_b15_031	STABLE_1G1S	1849	<KOFF>（<KON>こいつら…！！<KOFF>）<KON>	<KOFF>（<KON>이 녀석들…!!<KOFF>）<KON>	<KOFF> <KON> <KOFF> <KON>
1944	1944	event112.tbl#090	event112.tbl	90	MSG	JRY	s_b15_032	STABLE_1G1S	1850	行くぞ…綱手！　シズネ！　<br>ワシに続け！！	가자… 츠나데, 시즈네!<br>내 뒤를 따라라!	<br>
1945	1945	event112.tbl#091	event112.tbl	91	MSG	ORC	s_b15_033	STABLE_1G1S	1851	何をしようと…無駄なのよ！！！	무슨 짓을 하건… 소용없다!!	
1946	1946	event112.tbl#092	event112.tbl	92	MSG	ORC	s_b15_052	STABLE_1G1S	1859	チィ…壷が…！	쳇… 항아리가…!	
1947	1947	event112.tbl#093	event112.tbl	93	MSG	ORC	s_b15_053	STABLE_1G1S	1860	おのれぇ…！	네 이놈…!	
1948	1948	event112.tbl#094	event112.tbl	94	MSG	JRY	s_b15_054	MERGE_SUBTITLE_PARTS_TO_1G	1861 1862	壷はなくなった。　さぁて…心置きなく<br>最後の決着を付けようかのォ！！	항아리는 사라졌다. 자… 마음 놓고<br>마지막 결판을 내 볼까!!	<br>
1949	1949	event112.tbl#095	event112.tbl	95	MSG	ORC	s_b15_055	STABLE_1G1S	1863	図に乗るなァ！！	잘난 척하지 마라!!	
1950	1950	event112.tbl#096	event112.tbl	96	MSG	ORC	s_b15_056	STABLE_1G1S	1864	ハァ…ハァ…！	하아… 하아…!	
1951	1951	event112.tbl#097	event112.tbl	97	MSG	JRY	s_b15_057	STABLE_1G1S	1865	へっ…どうやらワシたちの勝ちだな…。	흥… 아무래도 우리 승리인 모양이군…	
1952	1952	event112.tbl#098	event112.tbl	98	MSG	ORC	s_b15_058	STABLE_1G1S	1866	ク…ククク……。	크… 크크크크…	
1953	1953	event112.tbl#099	event112.tbl	99	MSG	ORC	s_b15_059	STABLE_1G1S	1867	これで終わりと思わないことね…。	이걸로 끝났다고 생각하지 마…	
1954	1954	event112.tbl#100	event112.tbl	100	MSG	JRY		DIRECT_TRANSLATE		………。	……….	
1955	1955	event112.tbl#101	event112.tbl	101	MSG	ORC	s_b15_060	MERGE_SUBTITLE_PARTS_TO_1G	1868 1869	いずれ木ノ葉は…じっくり潰してあげるわ…。<br>必ずね…。	언젠가 나뭇잎 마을도… 천천히<br>무너뜨려 주지… 반드시…	<br>
1956	1956	event112.tbl#102	event112.tbl	102	MSG	ORC	s_b15_063	EXCEPTION_1G1S	1870	ククククク…。	크크크크크…	
1957	1957	event112.tbl#103	event112.tbl	103	MSG	TND	s_b15_061	STABLE_1G1S	1871	逃がすか！！	놓칠까 보냐!!	
1958	1958	event112.tbl#104	event112.tbl	104	MSG	TND	s_b15_062	STABLE_1G1S	1872	くっ！！！　<br>何だ…！？	큭!!<br>뭐지!?	<br>
1959	1959	event112.tbl#105	event112.tbl	105	MSG	TND	s_b15_065	STABLE_1G1S	1873	自来也！　<br>この揺れは何だ！？	지라이야!<br>이 진동은 뭐지!?	<br>
1960	1960	event112.tbl#106	event112.tbl	106	MSG	JRY	s_b15_066	STABLE_1G1S	1874	どうやら、カカシたちも上手くやったようだのォ。	아무래도 카카시네도 잘 해낸 것 같군.	
1961	1961	event112.tbl#107	event112.tbl	107	MSG	TND	s_b15_067	STABLE_1G1S	1875	ということは…。	그렇다는 건…	
1962	1962	event112.tbl#108	event112.tbl	108	MSG	JRY	s_b15_068	STABLE_1G1S	1876	恐らく無幻城の口寄せの札を<br>全てはぐことに成功したんだろう。	아마 무환성의 소환 부적을<br>전부 떼어내는 데 성공한 모양이야.	<br>
1963	1963	event112.tbl#109	event112.tbl	109	MSG	SZN	s_b15_070	STABLE_1G1S	1877	…ってことは、早くここを脱出しないと<br>私たちが危ないんじゃないですか！？	…그렇다는 건, 서둘러 여기서 탈출하지<br>않으면 우리도 위험한 거 아닌가요!?	<br>
1964	1964	event112.tbl#110	event112.tbl	110	MSG	JRY	s_b15_071	DIRECT_TRANSLATE		おっと！　<br>そういうことになるのォ！！	앗!<br>그런 셈이 되는군!!	<br>
1965	1965	event112.tbl#111	event112.tbl	111	MSG	JRY	s_b15_072	DIRECT_TRANSLATE		二人とも、急いで脱出だ！！！	둘 다, 서둘러 탈출하자!!!	
1966	1966	event112.tbl#112	event112.tbl	112	MSG	JRY		DIRECT_TRANSLATE		………。	……….	
1967	1967	event112.tbl#113	event112.tbl	113	MSG	JRY	s_b15_073	DIRECT_TRANSLATE		ん？	응?	
1968	1968	event112.tbl#114	event112.tbl	114	MSG	KSU		DIRECT_TRANSLATE		………。	……….	
1969	1969	event112.tbl#115	event112.tbl	115	MSG	JRY	s_b15_074	EXCEPTION_1G1S	1878	花澄……。	카스미…	
1970	1970	event112.tbl#116	event112.tbl	116	MSG	KSU		DIRECT_TRANSLATE		………。	……….	
1971	1971	event112.tbl#117	event112.tbl	117	MSG	JRY	s_b15_075	STABLE_1G1S	1879	そうか…お前も救われたか…。	그렇구나… 너도 구원받았구나…	
1972	1972	event112.tbl#118	event112.tbl	118	MSG	KSU		DIRECT_TRANSLATE		…………。	………….	
1973	1973	event112.tbl#119	event112.tbl	119	MSG	JRY	s_b15_076	STABLE_1G1S	1880	フッ…。	훗…	
1974	1974	event112.tbl#120	event112.tbl	120	MSG	TND	s_b15_077	STABLE_1G1S	1881	自来也！！　<br>何やってる！　早くしろ！！	지라이야!!<br>뭐 하고 있어! 빨리 와!!	<br>
1975	1975	event112.tbl#121	event112.tbl	121	MSG	JRY	s_b15_078	STABLE_1G1S	1882	おう！！	오우!	
1976	1976	event112.tbl#122	event112.tbl	122	MSG	JRY	s_b15_079	STABLE_1G1S	1883	じゃあのォ…。	그럼 잘 지내라…	
